id_venta,fecha_venta,id_cliente,cliente,tipo_cliente,id_producto,producto,categoria,sabor_tipo,cantidad,precio_unitario,costo_unitario,descuento,total_venta,canal_venta,metodo_pago,estado_venta,id_sucursal,sucursal,ciudad,departamento,id_empleado,empleado,cargo,nombre_mes,costo_total
V11263,2025-04-30 11:40:00,C010,Valor no conocido,Recurrente,P004,Torta Red Velvet,Tortas,Red velvet,2,45000,24000,0.0,90000.0,Domicilio,Efectivo,Completada,S001,Centro,Barranquilla,Atlántico,E002,Camila,Asesora,Abril,48000
V10822,2025-06-06 20:10:00,C029,Manuela Mendoza,Recurrente,P002,Torta De Vainilla,Tortas,Vainilla,1,38000,19500,0.0,38000.0,Tienda,Tarjeta,Completada,S001,Centro,Barranquilla,Atlántico,E006,Valentina,Asesora,Junio,19500
V10353,2025-09-30 15:00:00,C022,Alejandro Gomez,Recurrente,P011,Galleta Chispas,Galletas,Chocolate,2,4500,1900,0.2,7200.0,Tienda,Nequi,Completada,S001,Centro,Barranquilla,Atlántico,E001,Laura,Asesora,Septiembre,3800
V10804,2025-02-12 16:45:00,C023,Juliana Torres,Recurrente,P006,Cupcake Chocolate,Cupcakes,Chocolate,1,8500,4200,0.0,8500.0,Whatsapp,Transferencia,Completada,S001,Centro,Barranquilla,Atlántico,E005,Daniel,Asesor,Febrero,4200
V10816,2025-11-13 18:15:00,C019,Felipe Ortiz,Nuevo,P011,Galleta Chispas,Galletas,Chocolate,6,4500,1900,0.0,27000.0,Tienda,Transferencia,Completada,S002,Norte,Barranquilla,Atlántico,E001,Laura,Asesora,Noviembre,11400
V11229,2025-01-22 11:40:00,C010,Camila Castro,Recurrente,P006,Cupcake Chocolate,Cupcakes,Chocolate,2,8500,4200,0.0,17000.0,Tienda,Transferencia,Completada,S002,Norte,Barranquilla,Atlántico,E004,Sofia,Asesora,Enero,8400
V11189,2025-07-08 13:40:00,C006,Sofia Ramirez,Recurrente,P005,Torta tres Leches,Tortas,Leches,2,40000,21000,0.0,80000.0,Instagram,Tarjeta,Completada,S002,Norte,Barranquilla,Atlántico,E005,Daniel,Asesor,Julio,42000
V10782,2025-03-17 13:20:00,C006,Sofia Ramirez,Nuevo,P001,Torta De Chocolate,Tortas,Chocolate,2,42000,22000,0.15,71400.0,Domicilio,Efectivo,Cancelada,S001,Centro,Barranquilla,Atlántico,E006,Valentina,Asesora,Marzo,44000
V11265,2025-03-29 10:00:00,C008,Valentina Diaz,Recurrente,P012,Galleta Avena,Galletas,Avena,2,4000,1700,0.0,8000.0,Página Web,Tarjeta,Completada,S004,Riomar,Barranquilla,Atlántico,E006,Valentina,Asesora,Marzo,3400
V10465,2025-10-04 16:10:00,C022,Alejandro Gomez,Recurrente,P009,Brownie Clásico,Repostería,Chocolate,3,7000,3200,0.0,21000.0,Instagram,Nequi,Completada,S001,Centro,Barranquilla,Atlántico,E006,Valentina,Asesora,Octubre,9600
V10055,2025-05-22 20:50:00,C028,Tomas Castro,Nuevo,P011,Galleta Chispas,Galletas,Chocolate,5,4500,1900,0.0,22500.0,Whatsapp,Nequi,Completada,S003,Soledad,Soledad,Atlántico,E002,Camila,Asesora,Mayo,9500
V10349,2025-08-21 15:30:00,C016,Isabella Romero,Recurrente,P016,Tarta De Limón,Tartas,Limón,1,18000,8800,0.0,18000.0,Tienda,Daviplata,Completada,S002,Norte,Barranquilla,Atlántico,E006,Valentina,Asesora,Agosto,8800
V10050,2025-04-28 12:50:00,C027,Carolina Rojas,Recurrente,P007,Cupcake Vainilla,Cupcakes,Vainilla,2,8000,3800,0.0,16000.0,Tienda,Nequi,Completada,S004,Riomar,Barranquilla,Atlántico,E003,Mateo,Asesor,Abril,7600
V11110,2025-03-09 08:10:00,C023,Juliana Torres,Recurrente,P015,Tarta De Manzana,Tartas,Manzana,1,18000,9000,0.0,18000.0,Domicilio,Transferencia,Completada,S002,Norte,Barranquilla,Atlántico,E005,Daniel,Asesor,Marzo,9000
V10757,2025-02-05 18:10:00,C002,Carlos Perez,Recurrente,P014,Roll De Canela,Panadería,Canela,1,7500,3100,0.0,7500.0,Whatsapp,Transferencia,Completada,S001,Centro,Barranquilla,Atlántico,E006,Valentina,Asesora,Febrero,3100
V10414,2025-09-13 15:00:00,C027,Carolina Rojas,Recurrente,P016,Tarta De Limón,Tartas,Limón,2,18000,8800,0.0,36000.0,Domicilio,Transferencia,Completada,S001,Centro,Barranquilla,Atlántico,E005,Daniel,Asesor,Septiembre,17600
V10839,2025-04-08 13:45:00,C028,Tomas Castro,Recurrente,P012,Galleta Avena,Galletas,Avena,3,4000,1700,0.0,12000.0,Whatsapp,Transferencia,Completada,S002,Norte,Barranquilla,Atlántico,E002,Camila,Asesora,Abril,5100
V10210,2025-12-18 15:15:00,C011,Miguel Mendoza,Corporativo,P014,Roll De Canela,Panadería,Canela,4,7500,3100,0.1,27.0,Tienda,Daviplata,Completada,S004,Riomar,Barranquilla,Atlántico,E001,Laura,Asesora,Diciembre,12400
V11249,2025-04-16 15:45:00,C025,Lucia Ramirez,Recurrente,P016,Tarta De Limón,Tartas,Limón,2,18000,8800,0.1,32400.0,Whatsapp,Transferencia,Completada,S002,Norte,Barranquilla,Atlántico,E005,Daniel,Asesor,Abril,17600
V10208,2025-09-19 18:30:00,C024,Mateo Hernandez,Nuevo,P010,Brownie Con Nueces,Repostería,Nueces,1,8500,4000,0.0,8500.0,Tienda,Daviplata,Completada,S001,Centro,Barranquilla,Atlántico,E003,Mateo,Asesor,Septiembre,4000
V10024,2025-08-12 13:40:00,C030,Samuel Jimenez,Recurrente,P011,Galleta Chispas,Galletas,Chocolate,2,4500,1900,0.2,7200.0,Domicilio,Nequi,Completada,S001,Centro,Barranquilla,Atlántico,E006,Valentina,Asesora,Agosto,3800
V10813,2025-10-22 19:40:00,C013,Nicolas Vargas,Valor no conocido,P006,Cupcake Chocolate,Cupcakes,Chocolate,3,8500,4200,0.0,25500.0,Domicilio,Nequi,Completada,S004,Riomar,Barranquilla,Atlántico,E005,Daniel,Asesor,Octubre,12600
V11165,2025-09-05 15:20:00,C006,Sofia Ramirez,Recurrente,P015,Tarta De Manzana,Tartas,Manzana,1,18000,9000,0.0,18000.0,Tienda,Transferencia,Completada,S004,Riomar,Barranquilla,Atlántico,E005,Daniel,Asesor,Septiembre,9000
V10023,2025-05-14 12:00:00,C009,Daniel Rojas,Nuevo,P002,Torta De Vainilla,Tortas,Vainilla,2,38000,19500,0.0,76000.0,Tienda,Valor no conocido,Cancelada,S001,Centro,Barranquilla,Atlántico,E006,Valentina,Asesora,Mayo,39000
V10094,2025-07-07 16:20:00,C021,Natalia Perez,Valor no conocido,P004,Torta Red Velvet,Tortas,Red velvet,6,45000,24000,0.0,270000.0,Tienda,Tarjeta,Completada,S002,Norte,Barranquilla,Atlántico,E005,Daniel,Asesor,Julio,144000
V10141,2025-08-11 15:30:00,C011,Miguel Mendoza,Recurrente,P006,Cupcake Chocolate,Cupcakes,Chocolate,4,8500,4200,0.1,30600.0,Tienda,Transferencia,Completada,S003,Soledad,Soledad,Atlántico,E001,Laura,Asesora,Agosto,16800
V10771,2025-04-09 14:30:00,C026,Ricardo Diaz,Nuevo,P014,Roll De Canela,Panadería,Canela,1,7500,3100,0.0,7500.0,Instagram,Tarjeta,Completada,S003,Soledad,Soledad,Atlántico,E002,Camila,Asesora,Abril,3100
V11262,2025-06-06 19:20:00,C019,Felipe Ortiz,Recurrente,P009,Brownie Clásico,Repostería,Chocolate,2,7000,3200,0.0,14000.0,Tienda,Transferencia,Completada,S004,Riomar,Barranquilla,Atlántico,E006,Valentina,Asesora,Junio,6400
V10404,2025-02-20 11:10:00,C027,Carolina Rojas,Nuevo,P008,Cupcake Red Velvet,Cupcakes,Red velvet,2,9500,4800,0.0,19000.0,Domicilio,Tarjeta,Completada,S003,Soledad,Soledad,Atlántico,E006,Valentina,Asesora,Febrero,9600
V10394,2025-11-03 15:40:00,C018,Mariana Navarro,Nuevo,P009,Brownie Clásico,Repostería,Chocolate,1,7000,3200,0.0,7000.0,Valor no conocido,Nequi,Completada,S003,Soledad,Soledad,Atlántico,E002,Camila,Asesora,Noviembre,3200
V10820,2025-08-20 08:40:00,C017,Sebastian Ruiz,Nuevo,P004,Torta Red Velvet,Tortas,Red velvet,4,45000,24000,0.0,180000.0,Tienda,Transferencia,Completada,S003,Soledad,Soledad,Atlántico,E004,Sofia,Asesora,Agosto,96000
V10900,2025-05-11 20:30:00,C009,Daniel Rojas,Nuevo,P015,Tarta De Manzana,Tartas,Manzana,1,18000,9000,0.15,15300.0,Whatsapp,Tarjeta,Completada,S002,Norte,Barranquilla,Atlántico,E005,Daniel,Asesor,Mayo,9000
V10628,2025-08-11 15:45:00,C011,Miguel Mendoza,Nuevo,P014,Roll De Canela,Panadería,Canela,1,7500,3100,0.0,7500.0,Whatsapp,Efectivo,Completada,S002,Norte,Barranquilla,Atlántico,E002,Camila,Asesora,Agosto,3100
V10888,2025-09-04 18:50:00,C001,Ana Rodriguez,Nuevo,P008,Cupcake Red Velvet,Cupcakes,Red velvet,3,9500,4800,0.0,28500.0,Instagram,Tarjeta,Completada,S002,Norte,Barranquilla,Atlántico,E002,Camila,Asesora,Septiembre,14400
V11150,2025-03-08 19:40:00,C013,Nicolas Vargas,Nuevo,P011,Galleta Chispas,Galletas,Chocolate,4,4500,1900,0.1,16200.0,Tienda,Tarjeta,Completada,S004,Riomar,Barranquilla,Atlántico,E006,Valentina,Asesora,Marzo,7600
V10112,2025-08-14 16:20:00,C005,Laura Hernandez,Nuevo,P006,Cupcake Chocolate,Cupcakes,Chocolate,1,8500,4200,0.0,8500.0,Whatsapp,Transferencia,Completada,S002,Norte,Barranquilla,Atlántico,E005,Daniel,Asesor,Agosto,4200
V10840,2025-08-29 18:45:00,C021,Natalia Perez,Nuevo,P012,Galleta Avena,Galletas,Avena,5,4000,1700,0.0,20000.0,Domicilio,Nequi,Completada,S001,Centro,Barranquilla,Atlántico,E005,Daniel,Asesor,Agosto,8500
V10269,2025-08-24 13:40:00,C028,Tomas Castro,Nuevo,P001,Torta De Chocolate,Tortas,Chocolate,1,42000,22000,0.0,42000.0,Tienda,Transferencia,Completada,S004,Riomar,Barranquilla,Atlántico,E005,Daniel,Asesor,Agosto,22000
V10937,2025-08-08 13:15:00,C021,Natalia Perez,Nuevo,P010,Brownie Con Nueces,Repostería,Nueces,2,8500,4000,0.0,17000.0,Tienda,Daviplata,Completada,S001,Centro,Barranquilla,Atlántico,E004,Sofia,Asesora,Agosto,8000
V10159,2025-08-16 15:50:00,C003,Maria Gomez,Recurrente,P016,Tarta De Limón,Tartas,Limón,3,18000,8800,0.0,54000.0,Tienda,Efectivo,Completada,S002,Norte,Barranquilla,Atlántico,E005,Daniel,Asesor,Agosto,26400
V10768,2025-06-14 12:50:00,C013,Nicolas Vargas,Nuevo,P006,Cupcake Chocolate,Cupcakes,Chocolate,2,8500,4200,0.0,17000.0,Tienda,Tarjeta,Completada,S002,Norte,Barranquilla,Atlántico,E006,Valentina,Asesora,Junio,8400
V10597,2025-12-16 20:40:00,C029,Manuela Mendoza,Recurrente,P005,Torta tres Leches,Tortas,Leches,6,40000,21000,0.0,240000.0,Tienda,Tarjeta,Completada,S002,Norte,Barranquilla,Atlántico,E004,Sofia,Asesora,Diciembre,126000
V11064,2025-09-06 16:30:00,C002,Carlos Perez,Recurrente,P008,Cupcake Red Velvet,Cupcakes,Red velvet,2,9500,4800,0.0,19000.0,Tienda,Nequi,Completada,S002,Norte,Barranquilla,Atlántico,E005,Daniel,Asesor,Septiembre,9600
V10087,2025-02-11 17:15:00,C005,Laura Hernandez,Recurrente,P006,Cupcake Chocolate,Cupcakes,Chocolate,1,8500,4200,0.05,8075.0,Instagram,Transferencia,Completada,S002,Norte,Barranquilla,Atlántico,E006,Valentina,Asesora,Febrero,4200
V11017,2025-12-21 13:40:00,C022,Alejandro Gomez,Recurrente,P008,Cupcake Red Velvet,Cupcakes,Red velvet,2,9500,4800,0.0,19000.0,Página Web,Nequi,Cancelada,S003,Soledad,Soledad,Atlántico,E006,Valentina,Asesora,Diciembre,9600
V10635,2025-05-07 11:40:00,C002,Carlos Perez,Recurrente,P004,Torta Red Velvet,Tortas,Red velvet,2,45000,24000,0.0,90000.0,Domicilio,Nequi,Completada,S002,Norte,Barranquilla,Atlántico,E004,Sofia,Asesora,Mayo,48000
V10162,2025-07-16 12:00:00,C006,Sofia Ramirez,Corporativo,P012,Galleta Avena,Galletas,Avena,8,4000,1700,0.1,28800.0,Tienda,Tarjeta,Completada,S004,Riomar,Barranquilla,Atlántico,E004,Sofia,Asesora,Julio,13600
V10192,2025-12-10 09:50:00,C029,Manuela Mendoza,Nuevo,P017,Macaron Caja X6,Macarons,Variados,1,22000,11000,0.0,22000.0,Tienda,Nequi,Completada,S003,Soledad,Soledad,Atlántico,E006,Valentina,Asesora,Diciembre,11000
V11045,2025-12-02 13:50:00,C030,Samuel Jimenez,Nuevo,P012,Galleta Avena,Galletas,Avena,2,4000,1700,0.0,8000.0,Instagram,Efectivo,Completada,S001,Centro,Barranquilla,Atlántico,E001,Laura,Asesora,Diciembre,3400
V11047,2025-10-20 16:10:00,C028,Tomas Castro,Nuevo,P009,Brownie Clásico,Repostería,Chocolate,3,7000,3200,0.0,21000.0,Instagram,Tarjeta,Cancelada,S004,Riomar,Barranquilla,Atlántico,E003,Mateo,Asesor,Octubre,9600
V10016,2025-12-18 17:30:00,C009,Valor no conocido,Recurrente,P008,Cupcake Red Velvet,Cupcakes,Red velvet,1,9500,4800,0.0,9500.0,Domicilio,Efectivo,Completada,S003,Soledad,Soledad,Atlántico,E002,Camila,Asesora,Diciembre,4800
V10082,2025-06-29 12:50:00,C027,Carolina Rojas,Recurrente,P003,Cheesecake Frutos Rojos,Tortas,Frutos rojos,1,48000,26000,0.1,43200.0,Tienda,Tarjeta,Completada,S003,Soledad,Soledad,Atlántico,E004,Sofia,Asesora,Junio,26000
V10297,2025-04-03 13:40:00,C017,Sebastian Ruiz,Nuevo,P018,Macaron Caja X12,Macarons,Variados,1,40000,19500,0.0,40000.0,Domicilio,Transferencia,Completada,S002,Norte,Barranquilla,Atlántico,E004,Sofia,Asesora,Abril,19500
V11252,2025-03-04 13:10:00,C008,Valentina Diaz,Recurrente,P017,Macaron Caja X6,Macarons,Variados,1,22000,11000,0.2,17600.0,Tienda,Nequi,Completada,S001,Centro,Barranquilla,Atlántico,E002,Camila,Asesora,Marzo,11000
V10617,2025-03-08 17:45:00,C021,Natalia Perez,Recurrente,P006,Cupcake Chocolate,Cupcakes,Chocolate,1,8500,4200,0.0,8500.0,Tienda,Nequi,Completada,S004,Riomar,Barranquilla,Atlántico,E003,Mateo,Asesor,Marzo,4200
V10664,2025-04-17 18:10:00,C016,Isabella Romero,Recurrente,P012,Galleta Avena,Galletas,Avena,1,4000,1700,0.0,4000.0,Domicilio,Nequi,Completada,S002,Norte,Barranquilla,Atlántico,E002,Camila,Asesora,Abril,1700
V10915,2025-04-01 16:20:00,C010,Camila Castro,Corporativo,P003,Cheesecake Frutos Rojos,Tortas,Frutos rojos,6,48000,26000,0.1,259200.0,Instagram,Efectivo,Devuelta,S001,Centro,Barranquilla,Atlántico,E002,Camila,Asesora,Abril,156000
V10674,2025-01-27 17:20:00,C002,Carlos Perez,Recurrente,P004,Torta Red Velvet,Tortas,Red velvet,1,45000,24000,0.0,45000.0,Tienda,Transferencia,Completada,S003,Soledad,Soledad,Atlántico,E001,Laura,Asesora,Enero,24000
V10305,2025-03-08 10:45:00,C016,Isabella Romero,Recurrente,P002,Torta De Vainilla,Tortas,Vainilla,2,38000,19500,0.0,76000.0,Instagram,Tarjeta,Completada,S003,Soledad,Soledad,Atlántico,E003,Mateo,Asesor,Marzo,39000
V10869,2025-02-11 11:20:00,C025,Lucia Ramirez,Nuevo,P014,Roll De Canela,Panadería,Canela,1,7500,3100,0.0,7500.0,Tienda,Tarjeta,Completada,S002,Norte,Barranquilla,Atlántico,E004,Sofia,Asesora,Febrero,3100
V10273,2025-07-05 14:10:00,C017,Sebastian Ruiz,Corporativo,P009,Brownie Clásico,Repostería,Chocolate,4,7000,3200,0.2,22400.0,Domicilio,Efectivo,Completada,S003,Soledad,Soledad,Atlántico,E001,Laura,Asesora,Julio,12800
V10886,2025-11-20 14:45:00,C015,Diego Suarez,Nuevo,P013,Croissant,Panadería,Tradicional,1,6500,2800,0.0,6500.0,Instagram,Transferencia,Completada,S004,Riomar,Barranquilla,Atlántico,E001,Laura,Asesora,Noviembre,2800
V11250,2025-02-28 18:00:00,C019,Felipe Ortiz,Nuevo,P006,Cupcake Chocolate,Cupcakes,Chocolate,8,8500,4200,0.0,68000.0,Whatsapp,Transferencia,Completada,S003,Soledad,Soledad,Atlántico,E006,Valentina,Asesora,Febrero,33600
V10639,2025-05-20 15:45:00,C002,Carlos Perez,Recurrente,P015,Tarta De Manzana,Tartas,Manzana,3,18000,9000,0.0,54000.0,Whatsapp,Tarjeta,Completada,S002,Norte,Barranquilla,Atlántico,E001,Laura,Asesora,Mayo,27000
V10893,2025-10-18 11:00:00,C009,Daniel Rojas,Nuevo,P018,Macaron Caja X12,Macarons,Variados,1,40000,19500,0.0,40000.0,Domicilio,Transferencia,Completada,S002,Norte,Barranquilla,Atlántico,E001,Laura,Asesora,Octubre,19500
V10585,2025-10-06 08:45:00,C021,Natalia Perez,Recurrente,P002,Torta De Vainilla,Tortas,Vainilla,1,38000,19500,0.0,30400.0,Tienda,Transferencia,Completada,S003,Soledad,Soledad,Atlántico,E004,Sofia,Asesora,Octubre,19500
V10435,2025-03-25 11:15:00,C014,Sara Moreno,Nuevo,P002,Torta De Vainilla,Tortas,Vainilla,4,38000,19500,0.0,152000.0,Whatsapp,Transferencia,Completada,S003,Soledad,Soledad,Atlántico,E001,Laura,Asesora,Marzo,78000
V11274,2025-08-29 17:40:00,C021,Natalia Perez,Nuevo,P012,Galleta Avena,Galletas,Avena,3,4000,1700,0.0,12000.0,Página Web,Efectivo,Completada,S002,Norte,Barranquilla,Atlántico,E005,Daniel,Asesor,Agosto,5100
V10945,2025-10-23 19:30:00,C026,Ricardo Diaz,Nuevo,P012,Galleta Avena,Galletas,Avena,1,4000,1700,0.0,4000.0,Tienda,Nequi,Completada,S001,Centro,Barranquilla,Atlántico,E005,Daniel,Asesor,Octubre,1700
V10136,2025-06-10 12:20:00,C019,Felipe Ortiz,Recurrente,P001,Torta De Chocolate,Tortas,Chocolate,3,42000,22000,0.0,126000.0,Tienda,Transferencia,Completada,S002,Norte,Barranquilla,Atlántico,E004,Sofia,Asesora,Junio,66000
V10452,2025-05-17 14:45:00,C025,Lucia Ramirez,Nuevo,P011,Galleta Chispas,Galletas,Chocolate,2,4500,1900,0.0,9000.0,Tienda,Nequi,Completada,S002,Norte,Barranquilla,Atlántico,E004,Sofia,Asesora,Mayo,3800
V10288,2025-12-23 18:30:00,C011,Miguel Mendoza,Nuevo,P005,Torta tres Leches,Tortas,Leches,3,40000,21000,0.0,120000.0,Tienda,Tarjeta,Completada,S003,Soledad,Soledad,Atlántico,E004,Sofia,Asesora,Diciembre,63000
V10860,2025-08-02 14:40:00,C010,Camila Castro,Recurrente,P001,Torta De Chocolate,Tortas,Chocolate,1,42000,22000,0.0,42000.0,Tienda,Transferencia,Completada,S002,Norte,Barranquilla,Atlántico,E006,Valentina,Asesora,Agosto,22000
V10106,2025-03-10 14:50:00,C024,Mateo Hernandez,Nuevo,P007,Cupcake Vainilla,Cupcakes,Vainilla,1,8000,3800,0.0,8000.0,Tienda,Efectivo,Completada,S004,Riomar,Barranquilla,Atlántico,E005,Daniel,Asesor,Marzo,3800
V10042,2025-05-04 14:20:00,C016,Isabella Romero,Recurrente,P005,Torta tres Leches,Tortas,Leches,1,40000,21000,0.0,40000.0,Valor no conocido,Nequi,Completada,S003,Soledad,Soledad,Atlántico,E003,Mateo,Asesor,Mayo,21000
V10257,2025-06-26 12:15:00,C016,Isabella Romero,Recurrente,P009,Brownie Clásico,Repostería,Chocolate,1,7000,3200,0.0,7000.0,Domicilio,Transferencia,Completada,S002,Norte,Barranquilla,Atlántico,E003,Mateo,Asesor,Junio,3200
V10505,2025-12-25 14:15:00,C026,Ricardo Diaz,Nuevo,P015,Tarta De Manzana,Tartas,Manzana,2,18000,9000,0.0,36000.0,Página Web,Tarjeta,Completada,S004,Riomar,Barranquilla,Atlántico,E006,Valentina,Asesora,Diciembre,18000
V10701,2025-01-26 14:45:00,C012,Paula Jimenez,Recurrente,P005,Torta tres Leches,Tortas,Leches,8,40000,21000,0.0,320000.0,Domicilio,Tarjeta,Completada,S002,Norte,Barranquilla,Atlántico,E002,Camila,Asesora,Enero,168000
V11142,2025-05-23 19:20:00,C009,Daniel Rojas,Recurrente,P012,Galleta Avena,Galletas,Avena,3,4000,1700,0.0,12000.0,Domicilio,Nequi,Completada,S002,Norte,Barranquilla,Atlántico,E006,Valentina,Asesora,Mayo,5100
V10313,2025-03-20 16:15:00,C010,Camila Castro,Recurrente,P015,Tarta De Manzana,Tartas,Manzana,1,18000,9000,0.1,16200.0,Whatsapp,Tarjeta,Completada,S002,Norte,Barranquilla,Atlántico,E004,Sofia,Asesora,Marzo,9000
V10198,2025-10-16 10:45:00,C025,Lucia Ramirez,Recurrente,P019,Caja Desayuno,Combos,Desayuno,1,32000,17000,0.0,32000.0,Instagram,Nequi,Completada,S001,Centro,Barranquilla,Atlántico,E005,Daniel,Asesor,Octubre,17000
V10961,2025-03-09 18:30:00,C002,Carlos Perez,Recurrente,P013,Croissant,Panadería,Tradicional,1,6500,2800,0.0,6500.0,Tienda,Efectivo,Completada,S002,Norte,Barranquilla,Atlántico,E006,Valentina,Asesora,Marzo,2800
V11202,2025-11-25 09:40:00,C016,Isabella Romero,Nuevo,P001,Torta De Chocolate,Tortas,Chocolate,1,42000,22000,0.0,42000.0,Tienda,Nequi,Completada,S003,Soledad,Soledad,Atlántico,E006,Valentina,Asesora,Noviembre,22000
V10480,2025-07-28 15:40:00,C022,Alejandro Gomez,Recurrente,P007,Cupcake Vainilla,Cupcakes,Vainilla,2,8000,3800,0.0,16000.0,Whatsapp,Efectivo,Completada,S001,Centro,Barranquilla,Atlántico,E001,Laura,Asesora,Julio,7600
V11052,2025-03-14 08:50:00,C014,Sara Moreno,Corporativo,P015,Tarta De Manzana,Tartas,Manzana,6,18000,9000,0.1,97200.0,Whatsapp,Nequi,Completada,S001,Centro,Barranquilla,Atlántico,E001,Laura,Asesora,Marzo,54000
V10915,2025-01-27 13:50:00,C019,Felipe Ortiz,Nuevo,P009,Brownie Clásico,Repostería,Chocolate,2,7000,3200,0.05,13300.0,Whatsapp,Nequi,Devuelta,S004,Riomar,Barranquilla,Atlántico,E006,Valentina,Asesora,Enero,6400
V10241,2025-04-23 13:30:00,C017,Sebastian Ruiz,Nuevo,P006,Cupcake Chocolate,Cupcakes,Chocolate,2,8500,4200,0.1,15300.0,Whatsapp,Transferencia,Completada,S004,Riomar,Barranquilla,Atlántico,E002,Camila,Asesora,Abril,8400
V11238,2025-03-22 12:30:00,C009,Daniel Rojas,Recurrente,P001,Torta De Chocolate,Tortas,Chocolate,2,42000,22000,0.0,84000.0,Tienda,Tarjeta,Completada,S002,Norte,Barranquilla,Atlántico,E002,Camila,Asesora,Marzo,44000
V10985,2025-08-01 17:30:00,C029,Manuela Mendoza,Recurrente,P002,Torta De Vainilla,Tortas,Vainilla,1,38000,19500,0.05,36100.0,Whatsapp,Nequi,Completada,S004,Riomar,Barranquilla,Atlántico,E001,Laura,Asesora,Agosto,19500
V10473,2025-03-24 12:40:00,C019,Felipe Ortiz,Nuevo,P018,Macaron Caja X12,Macarons,Variados,1,40000,19500,0.0,40000.0,Instagram,Nequi,Devuelta,S003,Soledad,Soledad,Atlántico,E006,Valentina,Asesora,Marzo,19500
V10727,2025-09-08 14:20:00,C012,Paula Jimenez,Nuevo,P009,Brownie Clásico,Repostería,Chocolate,2,7000,3200,0.0,14000.0,Whatsapp,Transferencia,Completada,S002,Norte,Barranquilla,Atlántico,E006,Valentina,Asesora,Septiembre,6400
V10268,2025-02-07 17:50:00,C011,Miguel Mendoza,Corporativo,P013,Croissant,Panadería,Tradicional,6,6500,2800,0.15,33150.0,Domicilio,Nequi,Completada,S002,Norte,Barranquilla,Atlántico,E006,Valentina,Asesora,Febrero,16800
V10140,2025-02-19 15:20:00,C008,Valentina Diaz,Valor no conocido,P006,Cupcake Chocolate,Cupcakes,Chocolate,2,8500,4200,0.0,17000.0,Página Web,Tarjeta,Completada,S002,Norte,Barranquilla,Atlántico,E003,Mateo,Asesor,Febrero,8400
V10877,2025-12-20 11:40:00,C001,Ana Rodriguez,Corporativo,P020,Caja Regalo Dulce,Combos,Regalo,8,52000,28500,0.0,416000.0,Whatsapp,Nequi,Completada,S002,Norte,Barranquilla,Atlántico,E004,Sofia,Asesora,Diciembre,228000
V10582,2025-09-03 13:15:00,C006,Sofia Ramirez,Nuevo,P011,Galleta Chispas,Galletas,Chocolate,3,4500,1900,0.0,13500.0,Tienda,Transferencia,Completada,S001,Centro,Barranquilla,Atlántico,E004,Sofia,Asesora,Septiembre,5700
V10044,2025-03-03 20:20:00,C025,Lucia Ramirez,Recurrente,P014,Roll De Canela,Panadería,Canela,1,7500,3100,0.0,7500.0,Página Web,Tarjeta,Completada,S003,Soledad,Soledad,Atlántico,E003,Mateo,Asesor,Marzo,3100
V10060,2025-12-17 18:00:00,C008,Valentina Diaz,Recurrente,P013,Croissant,Panadería,Tradicional,2,6500,2800,0.0,13000.0,Tienda,Transferencia,Completada,S004,Riomar,Barranquilla,Atlántico,E003,Mateo,Asesor,Diciembre,5600
V10099,2025-05-27 19:40:00,C016,Isabella Romero,Nuevo,P006,Cupcake Chocolate,Cupcakes,Chocolate,1,8500,4200,0.0,8500.0,Tienda,Tarjeta,Devuelta,S003,Soledad,Soledad,Atlántico,E006,Valentina,Asesora,Mayo,4200
V11248,2025-11-08 13:10:00,C015,Diego Suarez,Recurrente,P012,Galleta Avena,Galletas,Avena,2,4000,1700,0.0,8000.0,Domicilio,Nequi,Completada,S004,Riomar,Barranquilla,Atlántico,E003,Mateo,Asesor,Noviembre,3400
V10066,2025-08-14 14:30:00,C012,Paula Jimenez,Recurrente,P014,Roll De Canela,Panadería,Canela,1,7500,3100,0.1,6750.0,Tienda,Nequi,Completada,S001,Centro,Barranquilla,Atlántico,E002,Camila,Asesora,Agosto,3100
V11234,2025-03-12 16:50:00,C014,Sara Moreno,Recurrente,P008,Cupcake Red Velvet,Cupcakes,Red velvet,1,9500,4800,0.1,8550.0,Domicilio,Efectivo,Completada,S002,Norte,Barranquilla,Atlántico,E001,Laura,Asesora,Marzo,4800
V10264,2025-01-04 14:40:00,C007,Andres Torres,Recurrente,P018,Macaron Caja X12,Macarons,Variados,1,40000,19500,0.0,40000.0,Whatsapp,Tarjeta,Completada,S002,Norte,Barranquilla,Atlántico,E005,Daniel,Asesor,Enero,19500
V10298,2025-11-21 14:45:00,C024,Mateo Hernandez,Nuevo,P016,Tarta De Limón,Tartas,Limón,1,18000,8800,0.0,18000.0,Whatsapp,Tarjeta,Completada,S002,Norte,Barranquilla,Atlántico,E001,Laura,Asesora,Noviembre,8800
V10558,2025-09-15 17:10:00,C014,Sara Moreno,Recurrente,P009,Brownie Clásico,Repostería,Chocolate,3,7000,3200,0.0,21000.0,Domicilio,Tarjeta,Completada,S002,Norte,Barranquilla,Atlántico,E006,Valentina,Asesora,Septiembre,9600
V10822,2025-03-01 17:10:00,C003,Maria Gomez,Nuevo,P012,Galleta Avena,Galletas,Avena,1,4000,1700,0.2,3.2,Tienda,Nequi,Completada,S003,Soledad,Soledad,Atlántico,E005,Daniel,Asesor,Marzo,1700
V10861,2025-03-07 13:50:00,C016,Isabella Romero,Nuevo,P011,Galleta Chispas,Galletas,Chocolate,2,4500,1900,0.0,9000.0,Whatsapp,Tarjeta,Completada,S002,Norte,Barranquilla,Atlántico,E003,Mateo,Asesor,Marzo,3800
V10149,2025-06-21 19:40:00,C027,Carolina Rojas,Recurrente,P006,Cupcake Chocolate,Cupcakes,Chocolate,8,8500,4200,0.0,68000.0,Valor no conocido,Tarjeta,Completada,S002,Norte,Barranquilla,Atlántico,E003,Mateo,Asesor,Junio,33600
V11093,2025-09-28 09:40:00,C024,Mateo Hernandez,Recurrente,P002,Torta De Vainilla,Tortas,Vainilla,2,38000,19500,0.0,76000.0,Tienda,Tarjeta,Completada,S001,Centro,Barranquilla,Atlántico,E006,Valentina,Asesora,Septiembre,39000
V10646,2025-02-26 15:10:00,C016,Isabella Romero,Recurrente,P013,Croissant,Panadería,Tradicional,1,6500,2800,0.0,6500.0,Instagram,Transferencia,Completada,S004,Riomar,Barranquilla,Atlántico,E003,Mateo,Asesor,Febrero,2800
V10242,2025-11-13 16:00:00,C018,Mariana Navarro,Recurrente,P012,Galleta Avena,Galletas,Avena,8,4000,1700,0.0,32000.0,Tienda,Transferencia,Completada,S002,Norte,Barranquilla,Atlántico,E006,Valentina,Asesora,Noviembre,13600
V11051,2025-03-18 18:10:00,C013,Nicolas Vargas,Nuevo,P007,Cupcake Vainilla,Cupcakes,Vainilla,4,8000,3800,0.0,32000.0,Instagram,Nequi,Cancelada,S002,Norte,Barranquilla,Atlántico,E006,Valentina,Asesora,Marzo,15200
V10160,2025-09-19 12:45:00,C004,Juan Martinez,Nuevo,P014,Roll De Canela,Panadería,Canela,2,7500,3100,0.0,15000.0,Domicilio,Transferencia,Completada,S001,Centro,Barranquilla,Atlántico,E001,Laura,Asesora,Septiembre,6200
V10671,2025-12-28 13:30:00,C012,Paula Jimenez,Recurrente,P009,Brownie Clásico,Repostería,Chocolate,4,7000,3200,0.0,28000.0,Whatsapp,Tarjeta,Completada,S003,Soledad,Soledad,Atlántico,E003,Mateo,Asesor,Diciembre,12800
V10494,2025-10-28 15:50:00,C018,Mariana Navarro,Nuevo,P006,Cupcake Chocolate,Cupcakes,Chocolate,1,8500,4200,0.0,8500.0,Tienda,Transferencia,Completada,S001,Centro,Barranquilla,Atlántico,E002,Camila,Asesora,Octubre,4200
V10777,2025-08-25 17:45:00,C017,Sebastian Ruiz,Recurrente,P015,Tarta De Manzana,Tartas,Manzana,8,18000,9000,0.0,144000.0,Tienda,Nequi,Completada,S003,Soledad,Soledad,Atlántico,E006,Valentina,Asesora,Agosto,72000
V10486,2025-06-18 14:50:00,C004,Juan Martinez,Nuevo,P005,Torta tres Leches,Tortas,Leches,2,40000,21000,0.1,72000.0,Tienda,Nequi,Completada,S002,Norte,Barranquilla,Atlántico,E002,Camila,Asesora,Junio,42000
V11057,2025-02-24 09:00:00,C026,Ricardo Diaz,Nuevo,P006,Cupcake Chocolate,Cupcakes,Chocolate,2,8500,4200,0.0,17000.0,Tienda,Transferencia,Completada,S001,Centro,Barranquilla,Atlántico,E006,Valentina,Asesora,Febrero,8400
V10354,2025-09-30 14:20:00,C028,Tomas Castro,Nuevo,P004,Torta Red Velvet,Tortas,Red velvet,5,45000,24000,0.0,225000.0,Domicilio,Tarjeta,Completada,S003,Soledad,Soledad,Atlántico,E006,Valentina,Asesora,Septiembre,120000
V10495,2025-02-11 14:40:00,C026,Ricardo Diaz,Recurrente,P002,Torta De Vainilla,Tortas,Vainilla,1,38000,19500,0.0,38000.0,Whatsapp,Nequi,Completada,S003,Soledad,Soledad,Atlántico,E006,Valentina,Asesora,Febrero,19500
V10834,2025-04-13 08:50:00,C002,Carlos Perez,Nuevo,P018,Macaron Caja X12,Macarons,Variados,1,40000,19500,0.1,36000.0,Tienda,Efectivo,Completada,S004,Riomar,Barranquilla,Atlántico,E001,Laura,Asesora,Abril,19500
V10700,2025-02-26 18:10:00,C020,Gabriela Silva,Recurrente,P018,Macaron Caja X12,Macarons,Variados,1,40000,19500,0.2,32.0,Whatsapp,Daviplata,Completada,S004,Riomar,Barranquilla,Atlántico,E006,Valentina,Asesora,Febrero,19500
V10518,2025-05-28 16:20:00,C008,Valentina Diaz,Recurrente,P001,Torta De Chocolate,Tortas,Chocolate,1,42000,22000,0.0,42000.0,Valor no conocido,Transferencia,Completada,S003,Soledad,Soledad,Atlántico,E005,Daniel,Asesor,Mayo,22000
V10940,2025-12-09 16:10:00,C026,Ricardo Diaz,Nuevo,P012,Galleta Avena,Galletas,Avena,3,4000,1700,0.15,10200.0,Tienda,Tarjeta,Completada,S002,Norte,Barranquilla,Atlántico,E001,Laura,Asesora,Diciembre,5100
V10923,2025-05-08 13:50:00,C005,Laura Hernandez,Recurrente,P006,Cupcake Chocolate,Cupcakes,Chocolate,2,8500,4200,0.0,17000.0,Whatsapp,Tarjeta,Completada,S002,Norte,Barranquilla,Atlántico,E006,Valentina,Asesora,Mayo,8400
V11261,2025-01-11 17:00:00,C014,Sara Moreno,Recurrente,P007,Cupcake Vainilla,Cupcakes,Vainilla,6,8000,3800,0.0,48000.0,Valor no conocido,Nequi,Completada,S003,Soledad,Soledad,Atlántico,E002,Camila,Asesora,Enero,22800
V10234,2025-07-23 18:20:00,C010,Camila Castro,Nuevo,P011,Galleta Chispas,Galletas,Chocolate,1,4500,1900,0.0,4500.0,Whatsapp,Nequi,Completada,S004,Riomar,Barranquilla,Atlántico,E002,Camila,Asesora,Julio,1900
V10922,2025-05-20 17:20:00,C017,Sebastian Ruiz,Nuevo,P006,Cupcake Chocolate,Cupcakes,Chocolate,8,8500,4200,0.0,68000.0,Domicilio,Efectivo,Completada,S002,Norte,Barranquilla,Atlántico,E002,Camila,Asesora,Mayo,33600
V10402,2025-03-28 16:30:00,C007,Andres Torres,Nuevo,P006,Cupcake Chocolate,Cupcakes,Chocolate,2,8500,4200,0.0,17000.0,Domicilio,Efectivo,Completada,S001,Centro,Barranquilla,Atlántico,E006,Valentina,Asesora,Marzo,8400
V10057,2025-06-12 11:40:00,C023,Juliana Torres,Recurrente,P014,Roll De Canela,Panadería,Canela,1,7500,3100,0.0,7500.0,Domicilio,Nequi,Completada,S003,Soledad,Soledad,Atlántico,E001,Laura,Asesora,Junio,3100
V11005,2025-09-02 14:15:00,C013,Nicolas Vargas,Recurrente,P009,Brownie Clásico,Repostería,Chocolate,2,7000,3200,0.0,14000.0,Domicilio,Transferencia,Completada,S003,Soledad,Soledad,Atlántico,E001,Laura,Asesora,Septiembre,6400
V10588,2025-12-08 16:10:00,C020,Gabriela Silva,Recurrente,P014,Roll De Canela,Panadería,Canela,1,7500,3100,0.0,7500.0,Tienda,Daviplata,Completada,S003,Soledad,Soledad,Atlántico,E001,Laura,Asesora,Diciembre,3100
V10725,2025-07-02 11:15:00,C015,Diego Suarez,Nuevo,P006,Cupcake Chocolate,Cupcakes,Chocolate,2,8500,4200,0.2,13600.0,Instagram,Tarjeta,Completada,S002,Norte,Barranquilla,Atlántico,E006,Valentina,Asesora,Julio,8400
V10351,2025-05-10 14:15:00,C009,Daniel Rojas,Nuevo,P003,Cheesecake Frutos Rojos,Tortas,Frutos rojos,1,48000,26000,0.0,48000.0,Página Web,Transferencia,Completada,S001,Centro,Barranquilla,Atlántico,E003,Mateo,Asesor,Mayo,26000
V10827,2025-12-24 17:00:00,C027,Carolina Rojas,Nuevo,P014,Roll De Canela,Panadería,Canela,6,7500,3100,0.0,45.0,Tienda,Transferencia,Completada,S001,Centro,Barranquilla,Atlántico,E001,Laura,Asesora,Diciembre,18600
V10799,2025-09-23 14:45:00,C022,Alejandro Gomez,Nuevo,P009,Brownie Clásico,Repostería,Chocolate,2,7000,3200,0.0,14000.0,Instagram,Nequi,Completada,S004,Riomar,Barranquilla,Atlántico,E004,Sofia,Asesora,Septiembre,6400
V10886,2025-09-03 15:10:00,C006,Valor no conocido,Nuevo,P020,Caja Regalo Dulce,Combos,Regalo,2,52000,28500,0.1,93600.0,Whatsapp,Nequi,Completada,S001,Centro,Barranquilla,Atlántico,E005,Daniel,Asesor,Septiembre,57000
V10956,2025-06-04 15:40:00,C010,Camila Castro,Recurrente,P005,Torta tres Leches,Tortas,Leches,1,40000,21000,0.2,32000.0,Instagram,Tarjeta,Completada,S001,Centro,Barranquilla,Atlántico,E001,Laura,Asesora,Junio,21000
V10163,2025-03-09 10:10:00,C023,Juliana Torres,Nuevo,P016,Tarta De Limón,Tartas,Limón,1,18000,8800,0.15,15300.0,Domicilio,Tarjeta,Completada,S001,Centro,Barranquilla,Atlántico,E004,Sofia,Asesora,Marzo,8800
V11076,2025-10-24 13:45:00,C027,Carolina Rojas,Recurrente,P013,Croissant,Panadería,Tradicional,1,6500,2800,0.0,6500.0,Whatsapp,Efectivo,Cancelada,S003,Soledad,Soledad,Atlántico,E005,Daniel,Asesor,Octubre,2800
V10221,2025-03-24 16:15:00,C016,Isabella Romero,Recurrente,P010,Brownie Con Nueces,Repostería,Nueces,2,8500,4000,0.05,16150.0,Whatsapp,Tarjeta,Completada,S001,Centro,Barranquilla,Atlántico,E001,Laura,Asesora,Marzo,8000
V10438,2025-11-11 15:10:00,C021,Natalia Perez,Nuevo,P018,Macaron Caja X12,Macarons,Variados,1,40000,19500,0.0,40000.0,Tienda,Transferencia,Completada,S001,Centro,Barranquilla,Atlántico,E003,Mateo,Asesor,Noviembre,19500
V11152,2025-11-15 12:40:00,C005,Laura Hernandez,Valor no conocido,P014,Roll De Canela,Panadería,Canela,3,7500,3100,0.0,22500.0,Domicilio,Nequi,Completada,S004,Riomar,Barranquilla,Atlántico,E002,Camila,Asesora,Noviembre,9300
V10350,2025-10-16 10:10:00,C021,Natalia Perez,Nuevo,P008,Cupcake Red Velvet,Cupcakes,Red velvet,1,9500,4800,0.0,9500.0,Tienda,Daviplata,Completada,S001,Centro,Barranquilla,Atlántico,E003,Mateo,Asesor,Octubre,4800
V11014,2025-09-21 14:10:00,C022,Alejandro Gomez,Corporativo,P005,Torta tres Leches,Tortas,Leches,6,40000,21000,0.2,192000.0,Tienda,Nequi,Completada,S001,Centro,Barranquilla,Atlántico,E004,Sofia,Asesora,Septiembre,126000
V10825,2025-02-16 11:20:00,C011,Miguel Mendoza,Recurrente,P009,Brownie Clásico,Repostería,Chocolate,2,7000,3200,0.0,14000.0,Página Web,Transferencia,Completada,S003,Soledad,Soledad,Atlántico,E003,Mateo,Asesor,Febrero,6400
V10490,2025-12-19 14:00:00,C001,Ana Rodriguez,Nuevo,P001,Torta De Chocolate,Tortas,Chocolate,1,42000,22000,0.0,42000.0,Domicilio,Tarjeta,Completada,S002,Norte,Barranquilla,Atlántico,E002,Camila,Asesora,Diciembre,22000
V10436,2025-06-28 20:00:00,C028,Tomas Castro,Nuevo,P015,Tarta De Manzana,Tartas,Manzana,4,18000,9000,0.0,72000.0,Página Web,Nequi,Completada,S001,Centro,Barranquilla,Atlántico,E005,Daniel,Asesor,Junio,36000
V10674,2025-01-09 13:40:00,C028,Valor no conocido,Recurrente,P008,Cupcake Red Velvet,Cupcakes,Red velvet,2,9500,4800,0.2,15200.0,Tienda,Tarjeta,Completada,S003,Soledad,Soledad,Atlántico,E006,Valentina,Asesora,Enero,9600
V10599,2025-03-24 18:15:00,C019,Felipe Ortiz,Nuevo,P011,Galleta Chispas,Galletas,Chocolate,1,4500,1900,0.0,4.5,Tienda,Nequi,Completada,S001,Centro,Barranquilla,Atlántico,E001,Laura,Asesora,Marzo,1900
V10531,2025-08-31 14:00:00,C020,Gabriela Silva,Nuevo,P007,Cupcake Vainilla,Cupcakes,Vainilla,1,8000,3800,0.0,8000.0,Domicilio,Daviplata,Cancelada,S003,Soledad,Soledad,Atlántico,E003,Mateo,Asesor,Agosto,3800
V10150,2025-12-22 20:15:00,C019,Felipe Ortiz,Recurrente,P012,Galleta Avena,Galletas,Avena,1,4000,1700,0.0,4000.0,Tienda,Nequi,Completada,S003,Soledad,Soledad,Atlántico,E006,Valentina,Asesora,Diciembre,1700
V10339,2025-11-14 16:15:00,C006,Sofia Ramirez,Corporativo,P007,Cupcake Vainilla,Cupcakes,Vainilla,6,8000,3800,0.0,48000.0,Valor no conocido,Nequi,Completada,S001,Centro,Barranquilla,Atlántico,E006,Valentina,Asesora,Noviembre,22800
V10684,2025-07-05 15:40:00,C011,Miguel Mendoza,Recurrente,P011,Galleta Chispas,Galletas,Chocolate,1,4500,1900,0.0,4500.0,Tienda,Nequi,Completada,S001,Centro,Barranquilla,Atlántico,E006,Valentina,Asesora,Julio,1900
V10239,2025-09-15 15:15:00,C026,Ricardo Diaz,Recurrente,P012,Galleta Avena,Galletas,Avena,2,4000,1700,0.0,8000.0,Tienda,Daviplata,Completada,S001,Centro,Barranquilla,Atlántico,E006,Valentina,Asesora,Septiembre,3400
V11138,2025-11-02 14:15:00,C030,Samuel Jimenez,Nuevo,P008,Cupcake Red Velvet,Cupcakes,Red velvet,1,9500,4800,0.0,9500.0,Tienda,Tarjeta,Completada,S001,Centro,Barranquilla,Atlántico,E001,Laura,Asesora,Noviembre,4800
V10443,2025-04-04 13:15:00,C002,Carlos Perez,Nuevo,P009,Brownie Clásico,Repostería,Chocolate,4,7000,3200,0.0,28000.0,Tienda,Transferencia,Completada,S004,Riomar,Barranquilla,Atlántico,E002,Camila,Asesora,Abril,12800
V10464,2025-10-14 12:00:00,C020,Gabriela Silva,Recurrente,P009,Brownie Clásico,Repostería,Chocolate,3,7000,3200,0.0,21000.0,Domicilio,Transferencia,Completada,S001,Centro,Barranquilla,Atlántico,E003,Mateo,Asesor,Octubre,9600
V10130,2025-06-03 17:40:00,C018,Mariana Navarro,Corporativo,P011,Galleta Chispas,Galletas,Chocolate,4,4500,1900,0.0,18000.0,Instagram,Tarjeta,Cancelada,S001,Centro,Barranquilla,Atlántico,E006,Valentina,Asesora,Junio,7600
V10670,2025-08-07 11:00:00,C004,Juan Martinez,Nuevo,P013,Croissant,Panadería,Tradicional,5,6500,2800,0.2,26000.0,Domicilio,Tarjeta,Completada,S002,Norte,Barranquilla,Atlántico,E002,Camila,Asesora,Agosto,14000
V10287,2025-02-22 17:40:00,C005,Laura Hernandez,Recurrente,P012,Galleta Avena,Galletas,Avena,3,4000,1700,0.0,12000.0,Tienda,Tarjeta,Completada,S002,Norte,Barranquilla,Atlántico,E004,Sofia,Asesora,Febrero,5100
V10426,2025-09-22 17:30:00,C025,Lucia Ramirez,Recurrente,P020,Caja Regalo Dulce,Combos,Regalo,3,52000,28500,0.0,156000.0,Domicilio,Nequi,Completada,S003,Soledad,Soledad,Atlántico,E002,Camila,Asesora,Septiembre,85500
V10038,2025-06-09 17:20:00,C001,Ana Rodriguez,Recurrente,P006,Cupcake Chocolate,Cupcakes,Chocolate,2,8500,4200,0.0,17000.0,Domicilio,Tarjeta,Completada,S001,Centro,Barranquilla,Atlántico,E001,Laura,Asesora,Junio,8400
V10302,2025-11-25 19:10:00,C024,Mateo Hernandez,Recurrente,P001,Torta De Chocolate,Tortas,Chocolate,1,42000,22000,0.0,42000.0,Página Web,Daviplata,Completada,S002,Norte,Barranquilla,Atlántico,E002,Camila,Asesora,Noviembre,22000
V11133,2025-06-17 12:10:00,C006,Sofia Ramirez,Recurrente,P014,Roll De Canela,Panadería,Canela,4,7500,3100,0.0,30000.0,Tienda,Tarjeta,Completada,S001,Centro,Barranquilla,Atlántico,E004,Sofia,Asesora,Junio,12400
V10662,2025-07-31 11:15:00,C029,Manuela Mendoza,Recurrente,P017,Macaron Caja X6,Macarons,Variados,2,22000,11000,0.0,44000.0,Tienda,Nequi,Completada,S003,Soledad,Soledad,Atlántico,E003,Mateo,Asesor,Julio,22000
V10648,2025-03-11 14:15:00,C007,Andres Torres,Nuevo,P011,Galleta Chispas,Galletas,Chocolate,1,4500,1900,0.0,4500.0,Whatsapp,Transferencia,Completada,S002,Norte,Barranquilla,Atlántico,E005,Daniel,Asesor,Marzo,1900
V10829,2025-12-01 13:00:00,C009,Daniel Rojas,Nuevo,P011,Galleta Chispas,Galletas,Chocolate,1,4500,1900,0.0,4500.0,Domicilio,Tarjeta,Completada,S003,Soledad,Soledad,Atlántico,E006,Valentina,Asesora,Diciembre,1900
V10752,2025-08-26 12:10:00,C030,Samuel Jimenez,Nuevo,P001,Torta De Chocolate,Tortas,Chocolate,5,42000,22000,0.0,210000.0,Tienda,Tarjeta,Completada,S002,Norte,Barranquilla,Atlántico,E004,Sofia,Asesora,Agosto,110000
V10406,2025-03-02 12:45:00,C011,Miguel Mendoza,Recurrente,P003,Cheesecake Frutos Rojos,Tortas,Frutos rojos,2,48000,26000,0.0,96000.0,Tienda,Tarjeta,Completada,S002,Norte,Barranquilla,Atlántico,E002,Camila,Asesora,Marzo,52000
V10837,2025-02-13 13:10:00,C030,Samuel Jimenez,Recurrente,P010,Brownie Con Nueces,Repostería,Nueces,1,8500,4000,0.0,8500.0,Domicilio,Tarjeta,Completada,S001,Centro,Barranquilla,Atlántico,E003,Mateo,Asesor,Febrero,4000
V10095,2025-08-08 15:00:00,C012,Paula Jimenez,Nuevo,P015,Tarta De Manzana,Tartas,Manzana,1,18000,9000,0.0,18000.0,Instagram,Efectivo,Completada,S001,Centro,Barranquilla,Atlántico,E004,Sofia,Asesora,Agosto,9000
V10272,2025-12-18 15:40:00,C004,Juan Martinez,Recurrente,P003,Cheesecake Frutos Rojos,Tortas,Frutos rojos,3,48000,26000,0.1,129600.0,Whatsapp,Nequi,Completada,S001,Centro,Barranquilla,Atlántico,E004,Sofia,Asesora,Diciembre,78000
V10218,2025-07-07 08:10:00,C026,Ricardo Diaz,Nuevo,P014,Roll De Canela,Panadería,Canela,4,7500,3100,0.05,28500.0,Tienda,Transferencia,Completada,S003,Soledad,Soledad,Atlántico,E004,Sofia,Asesora,Julio,12400
V10696,2025-08-11 14:15:00,C018,Mariana Navarro,Recurrente,P011,Galleta Chispas,Galletas,Chocolate,3,4500,1900,0.0,13500.0,Tienda,Nequi,Completada,S001,Centro,Barranquilla,Atlántico,E003,Mateo,Asesor,Agosto,5700
V10542,2025-03-02 18:00:00,C020,Gabriela Silva,Recurrente,P004,Torta Red Velvet,Tortas,Red velvet,1,45000,24000,0.1,40500.0,Whatsapp,Tarjeta,Completada,S001,Centro,Barranquilla,Atlántico,E001,Laura,Asesora,Marzo,24000
V10384,2025-09-13 18:15:00,C015,Diego Suarez,Recurrente,P019,Caja Desayuno,Combos,Desayuno,1,32000,17000,0.0,32000.0,Domicilio,Transferencia,Completada,S003,Soledad,Soledad,Atlántico,E005,Daniel,Asesor,Septiembre,17000
V10285,2025-04-23 15:30:00,C014,Sara Moreno,Recurrente,P010,Brownie Con Nueces,Repostería,Nueces,2,8500,4000,0.0,17000.0,Página Web,Transferencia,Completada,S001,Centro,Barranquilla,Atlántico,E004,Sofia,Asesora,Abril,8000
V10956,2025-09-03 15:10:00,C021,Natalia Perez,Recurrente,P001,Torta De Chocolate,Tortas,Chocolate,3,42000,22000,0.0,126000.0,Tienda,Transferencia,Completada,S002,Norte,Barranquilla,Atlántico,E002,Camila,Asesora,Septiembre,66000
V10068,2025-07-22 16:50:00,C018,Mariana Navarro,Nuevo,P008,Cupcake Red Velvet,Cupcakes,Red velvet,1,9500,4800,0.0,9500.0,Página Web,Tarjeta,Completada,S001,Centro,Barranquilla,Atlántico,E001,Laura,Asesora,Julio,4800
V10999,2025-04-27 15:00:00,C008,Valentina Diaz,Nuevo,P010,Brownie Con Nueces,Repostería,Nueces,2,8500,4000,0.0,17000.0,Domicilio,Transferencia,Completada,S002,Norte,Barranquilla,Atlántico,E003,Mateo,Asesor,Abril,8000
V11196,2025-12-02 17:00:00,C010,Camila Castro,Nuevo,P005,Torta tres Leches,Tortas,Leches,2,40000,21000,0.0,80000.0,Whatsapp,Transferencia,Completada,S001,Centro,Barranquilla,Atlántico,E001,Laura,Asesora,Diciembre,42000
V10576,2025-06-27 12:30:00,C015,Diego Suarez,Recurrente,P006,Cupcake Chocolate,Cupcakes,Chocolate,1,8500,4200,0.0,8500.0,Whatsapp,Transferencia,Cancelada,S004,Riomar,Barranquilla,Atlántico,E006,Valentina,Asesora,Junio,4200
V10538,2025-10-22 19:45:00,C020,Gabriela Silva,Nuevo,P003,Cheesecake Frutos Rojos,Tortas,Frutos rojos,1,48000,26000,0.0,48000.0,Domicilio,Nequi,Completada,S003,Soledad,Soledad,Atlántico,E002,Camila,Asesora,Octubre,26000
V10364,2025-12-11 16:40:00,C025,Lucia Ramirez,Nuevo,P016,Tarta De Limón,Tartas,Limón,1,18000,8800,0.05,17100.0,Tienda,Transferencia,Completada,S004,Riomar,Barranquilla,Atlántico,E004,Sofia,Asesora,Diciembre,8800
V10969,2025-12-19 16:40:00,C026,Ricardo Diaz,Nuevo,P011,Galleta Chispas,Galletas,Chocolate,3,4500,1900,0.0,13500.0,Whatsapp,Tarjeta,Completada,S001,Centro,Barranquilla,Atlántico,E003,Mateo,Asesor,Diciembre,5700
V10013,2025-06-23 14:10:00,C004,Juan Martinez,Nuevo,P005,Torta tres Leches,Tortas,Leches,1,40000,21000,0.0,40000.0,Whatsapp,Tarjeta,Completada,S004,Riomar,Barranquilla,Atlántico,E001,Laura,Asesora,Junio,21000
V10504,2025-02-02 13:50:00,C020,Gabriela Silva,Recurrente,P003,Cheesecake Frutos Rojos,Tortas,Frutos rojos,2,48000,26000,0.0,96000.0,Domicilio,Nequi,Completada,S004,Riomar,Barranquilla,Atlántico,E003,Mateo,Asesor,Febrero,52000
V10327,2025-05-06 11:45:00,C010,Camila Castro,Recurrente,P018,Macaron Caja X12,Macarons,Variados,1,40000,19500,0.0,40000.0,Whatsapp,Efectivo,Completada,S001,Centro,Barranquilla,Atlántico,E002,Camila,Asesora,Mayo,19500
V11232,2025-08-18 17:00:00,C017,Sebastian Ruiz,Recurrente,P012,Galleta Avena,Galletas,Avena,5,4000,1700,0.0,20000.0,Domicilio,Transferencia,Completada,S002,Norte,Barranquilla,Atlántico,E001,Laura,Asesora,Agosto,8500
V11146,2025-09-29 12:10:00,C026,Ricardo Diaz,Nuevo,P009,Brownie Clásico,Repostería,Chocolate,1,7000,3200,0.0,7000.0,Domicilio,Transferencia,Completada,S001,Centro,Barranquilla,Atlántico,E002,Camila,Asesora,Septiembre,3200
V10940,2025-01-09 18:20:00,C024,Mateo Hernandez,Recurrente,P015,Tarta De Manzana,Tartas,Manzana,1,18000,9000,0.0,18000.0,Domicilio,Nequi,Devuelta,S002,Norte,Barranquilla,Atlántico,E004,Sofia,Asesora,Enero,9000
V10189,2025-06-04 18:40:00,C006,Sofia Ramirez,Recurrente,P001,Torta De Chocolate,Tortas,Chocolate,2,42000,22000,0.0,84000.0,Instagram,Transferencia,Completada,S002,Norte,Barranquilla,Atlántico,E002,Camila,Asesora,Junio,44000
V10487,2025-05-05 17:15:00,C002,Carlos Perez,Nuevo,P004,Torta Red Velvet,Tortas,Red velvet,1,45000,24000,0.0,45000.0,Whatsapp,Daviplata,Completada,S001,Centro,Barranquilla,Atlántico,E004,Sofia,Asesora,Mayo,24000
V10984,2025-02-27 13:10:00,C027,Carolina Rojas,Recurrente,P013,Croissant,Panadería,Tradicional,5,6500,2800,0.0,32500.0,Tienda,Tarjeta,Completada,S002,Norte,Barranquilla,Atlántico,E006,Valentina,Asesora,Febrero,14000
V10647,2025-07-24 12:20:00,C004,Juan Martinez,Recurrente,P012,Galleta Avena,Galletas,Avena,5,4000,1700,0.0,20000.0,Instagram,Tarjeta,Completada,S004,Riomar,Barranquilla,Atlántico,E003,Mateo,Asesor,Julio,8500
V10474,2025-06-25 16:00:00,C025,Lucia Ramirez,Recurrente,P004,Torta Red Velvet,Tortas,Red velvet,1,45000,24000,0.15,38250.0,Instagram,Tarjeta,Completada,S003,Soledad,Soledad,Atlántico,E005,Daniel,Asesor,Junio,24000
V10191,2025-06-12 12:10:00,C020,Gabriela Silva,Nuevo,P005,Torta tres Leches,Tortas,Leches,2,40000,21000,0.0,80000.0,Domicilio,Efectivo,Completada,S004,Riomar,Barranquilla,Atlántico,E006,Valentina,Asesora,Junio,42000
V10347,2025-09-05 13:10:00,C004,Juan Martinez,Recurrente,P011,Galleta Chispas,Galletas,Chocolate,6,4500,1900,0.0,27000.0,Tienda,Nequi,Completada,S003,Soledad,Soledad,Atlántico,E005,Daniel,Asesor,Septiembre,11400
V11080,2025-05-29 17:15:00,C026,Ricardo Diaz,Recurrente,P012,Galleta Avena,Galletas,Avena,1,4000,1700,0.0,4000.0,Tienda,Nequi,Completada,S001,Centro,Barranquilla,Atlántico,E006,Valentina,Asesora,Mayo,1700
V11010,2025-03-04 12:45:00,C015,Diego Suarez,Nuevo,P012,Galleta Avena,Galletas,Avena,2,4000,1700,0.1,7200.0,Tienda,Tarjeta,Completada,S001,Centro,Barranquilla,Atlántico,E003,Mateo,Asesor,Marzo,3400
V10833,2025-11-02 19:40:00,C022,Alejandro Gomez,Corporativo,P005,Torta tres Leches,Tortas,Leches,4,40000,21000,0.05,152000.0,Página Web,Nequi,Completada,S003,Soledad,Soledad,Atlántico,E004,Sofia,Asesora,Noviembre,84000
V10710,2025-05-29 17:15:00,C007,Andres Torres,Recurrente,P005,Torta tres Leches,Tortas,Leches,6,40000,21000,0.0,240000.0,Whatsapp,Transferencia,Completada,S002,Norte,Barranquilla,Atlántico,E002,Camila,Asesora,Mayo,126000
V10806,2025-10-18 13:50:00,C021,Natalia Perez,Corporativo,P008,Cupcake Red Velvet,Cupcakes,Red velvet,8,9500,4800,0.2,60800.0,Página Web,Nequi,Completada,S001,Centro,Barranquilla,Atlántico,E001,Laura,Asesora,Octubre,38400
V11209,2025-04-30 18:40:00,C015,Diego Suarez,Recurrente,P020,Caja Regalo Dulce,Combos,Regalo,2,52000,28500,0.0,104000.0,Página Web,Tarjeta,Completada,S001,Centro,Barranquilla,Atlántico,E005,Daniel,Asesor,Abril,57000
V10456,2025-01-30 16:40:00,C023,Juliana Torres,Recurrente,P015,Tarta De Manzana,Tartas,Manzana,4,18000,9000,0.0,72000.0,Domicilio,Tarjeta,Completada,S004,Riomar,Barranquilla,Atlántico,E003,Mateo,Asesor,Enero,36000
V10440,2025-11-05 11:45:00,C022,Alejandro Gomez,Nuevo,P014,Roll De Canela,Panadería,Canela,1,7500,3100,0.0,7500.0,Tienda,Transferencia,Completada,S001,Centro,Barranquilla,Atlántico,E003,Mateo,Asesor,Noviembre,3100
V10209,2025-03-30 18:50:00,C001,Ana Rodriguez,Nuevo,P003,Cheesecake Frutos Rojos,Tortas,Frutos rojos,2,48000,26000,0.0,96000.0,Domicilio,Nequi,Completada,S002,Norte,Barranquilla,Atlántico,E003,Mateo,Asesor,Marzo,52000
V10047,2025-01-17 17:20:00,C023,Juliana Torres,Nuevo,P003,Cheesecake Frutos Rojos,Tortas,Frutos rojos,4,48000,26000,0.0,192.0,Tienda,Tarjeta,Completada,S001,Centro,Barranquilla,Atlántico,E004,Sofia,Asesora,Enero,104000
V10063,2025-06-03 14:30:00,C014,Sara Moreno,Recurrente,P014,Roll De Canela,Panadería,Canela,2,7500,3100,0.0,15000.0,Tienda,Daviplata,Completada,S003,Soledad,Soledad,Atlántico,E006,Valentina,Asesora,Junio,6200
V10566,2025-10-02 09:45:00,C004,Juan Martinez,Corporativo,P006,Cupcake Chocolate,Cupcakes,Chocolate,8,8500,4200,0.2,54400.0,Tienda,Tarjeta,Completada,S004,Riomar,Barranquilla,Atlántico,E004,Sofia,Asesora,Octubre,33600
V10342,2025-10-12 16:15:00,C030,Samuel Jimenez,Nuevo,P003,Cheesecake Frutos Rojos,Tortas,Frutos rojos,1,48000,26000,0.05,45600.0,Tienda,Nequi,Completada,S002,Norte,Barranquilla,Atlántico,E001,Laura,Asesora,Octubre,26000
V10343,2025-06-26 09:40:00,C019,Felipe Ortiz,Nuevo,P014,Roll De Canela,Panadería,Canela,8,7500,3100,0.0,60000.0,Whatsapp,Efectivo,Completada,S004,Riomar,Barranquilla,Atlántico,E001,Laura,Asesora,Junio,24800
V11205,2025-05-11 16:30:00,C018,Mariana Navarro,Nuevo,P008,Cupcake Red Velvet,Cupcakes,Red velvet,1,9500,4800,0.2,7600.0,Whatsapp,Tarjeta,Completada,S001,Centro,Barranquilla,Atlántico,E005,Daniel,Asesor,Mayo,4800
V10037,2025-04-13 15:10:00,C020,Gabriela Silva,Nuevo,P016,Tarta De Limón,Tartas,Limón,1,18000,8800,0.15,15300.0,Instagram,Transferencia,Completada,S004,Riomar,Barranquilla,Atlántico,E002,Camila,Asesora,Abril,8800
V10400,2025-07-14 13:00:00,C017,Sebastian Ruiz,Nuevo,P009,Brownie Clásico,Repostería,Chocolate,1,7000,3200,0.1,6300.0,Domicilio,Efectivo,Completada,S002,Norte,Barranquilla,Atlántico,E001,Laura,Asesora,Julio,3200
V10325,2025-02-03 16:40:00,C009,Daniel Rojas,Recurrente,P016,Tarta De Limón,Tartas,Limón,1,18000,8800,0.2,14400.0,Whatsapp,Transferencia,Completada,S004,Riomar,Barranquilla,Atlántico,E006,Valentina,Asesora,Febrero,8800
V10785,2025-01-09 16:20:00,C026,Ricardo Diaz,Nuevo,P007,Cupcake Vainilla,Cupcakes,Vainilla,6,8000,3800,0.0,48000.0,Tienda,Valor no conocido,Completada,S001,Centro,Barranquilla,Atlántico,E006,Valentina,Asesora,Enero,22800
V10904,2025-05-07 14:45:00,C008,Valentina Diaz,Nuevo,P020,Caja Regalo Dulce,Combos,Regalo,2,52000,28500,0.0,104000.0,Domicilio,Daviplata,Completada,S004,Riomar,Barranquilla,Atlántico,E004,Sofia,Asesora,Mayo,57000
V10072,2025-11-20 16:45:00,C009,Daniel Rojas,Valor no conocido,P012,Galleta Avena,Galletas,Avena,1,4000,1700,0.15,3400.0,Tienda,Transferencia,Completada,S002,Norte,Barranquilla,Atlántico,E004,Sofia,Asesora,Noviembre,1700
V11187,2025-07-20 08:00:00,C015,Diego Suarez,Recurrente,P018,Macaron Caja X12,Macarons,Variados,3,40000,19500,0.1,108000.0,Página Web,Nequi,Completada,S002,Norte,Barranquilla,Atlántico,E002,Camila,Asesora,Julio,58500
V10502,2025-06-17 12:20:00,C014,Sara Moreno,Valor no conocido,P014,Roll De Canela,Panadería,Canela,8,7500,3100,0.0,60000.0,Tienda,Tarjeta,Completada,S004,Riomar,Barranquilla,Atlántico,E003,Mateo,Asesor,Junio,24800
V10089,2025-03-12 17:15:00,C010,Camila Castro,Recurrente,P013,Croissant,Panadería,Tradicional,1,6500,2800,0.0,6500.0,Página Web,Nequi,Completada,S001,Centro,Barranquilla,Atlántico,E005,Daniel,Asesor,Marzo,2800
V11046,2025-01-09 14:15:00,C010,Camila Castro,Nuevo,P007,Cupcake Vainilla,Cupcakes,Vainilla,1,8000,3800,0.0,8000.0,Tienda,Transferencia,Completada,S001,Centro,Barranquilla,Atlántico,E002,Camila,Asesora,Enero,3800
V10906,2025-12-29 13:15:00,C003,Maria Gomez,Recurrente,P006,Cupcake Chocolate,Cupcakes,Chocolate,2,8500,4200,0.0,17000.0,Valor no conocido,Transferencia,Completada,S004,Riomar,Barranquilla,Atlántico,E002,Camila,Asesora,Diciembre,8400
V10714,2025-09-25 18:20:00,C025,Lucia Ramirez,Nuevo,P002,Torta De Vainilla,Tortas,Vainilla,2,38000,19500,0.0,76000.0,Domicilio,Transferencia,Completada,S002,Norte,Barranquilla,Atlántico,E002,Camila,Asesora,Septiembre,39000
V11087,2025-09-12 17:40:00,C011,Miguel Mendoza,Recurrente,P011,Galleta Chispas,Galletas,Chocolate,1,4500,1900,0.0,4.5,Tienda,Nequi,Completada,S002,Norte,Barranquilla,Atlántico,E005,Daniel,Asesor,Septiembre,1900
V10492,2025-03-12 15:45:00,C026,Ricardo Diaz,Recurrente,P012,Galleta Avena,Galletas,Avena,1,4000,1700,0.0,4000.0,Tienda,Transferencia,Completada,S002,Norte,Barranquilla,Atlántico,E006,Valentina,Asesora,Marzo,1700
V10859,2025-08-11 12:50:00,C006,Sofia Ramirez,Recurrente,P014,Roll De Canela,Panadería,Canela,2,7500,3100,0.0,15000.0,Tienda,Efectivo,Completada,S004,Riomar,Barranquilla,Atlántico,E002,Camila,Asesora,Agosto,6200
V10128,2025-03-13 17:45:00,C016,Isabella Romero,Nuevo,P012,Galleta Avena,Galletas,Avena,4,4000,1700,0.0,16000.0,Valor no conocido,Daviplata,Completada,S003,Soledad,Soledad,Atlántico,E002,Camila,Asesora,Marzo,6800
V10644,2025-05-19 17:45:00,C024,Mateo Hernandez,Valor no conocido,P014,Roll De Canela,Panadería,Canela,1,7500,3100,0.0,7500.0,Whatsapp,Tarjeta,Completada,S003,Soledad,Soledad,Atlántico,E003,Mateo,Asesor,Mayo,3100
V11092,2025-01-07 19:00:00,C009,Daniel Rojas,Nuevo,P003,Cheesecake Frutos Rojos,Tortas,Frutos rojos,10,48000,26000,0.2,384000.0,Whatsapp,Tarjeta,Completada,S004,Riomar,Barranquilla,Atlántico,E002,Camila,Asesora,Enero,260000
V10101,2025-08-10 19:30:00,C028,Tomas Castro,Nuevo,P001,Torta De Chocolate,Tortas,Chocolate,1,42000,22000,0.0,42000.0,Tienda,Tarjeta,Completada,S002,Norte,Barranquilla,Atlántico,E001,Laura,Asesora,Agosto,22000
V10293,2025-02-02 11:10:00,C018,Mariana Navarro,Recurrente,P012,Galleta Avena,Galletas,Avena,1,4000,1700,0.15,3400.0,Instagram,Nequi,Completada,S003,Soledad,Soledad,Atlántico,E001,Laura,Asesora,Febrero,1700
V10286,2025-04-07 12:00:00,C006,Sofia Ramirez,Nuevo,P015,Tarta De Manzana,Tartas,Manzana,1,18000,9000,0.0,18000.0,Whatsapp,Transferencia,Completada,S004,Riomar,Barranquilla,Atlántico,E002,Camila,Asesora,Abril,9000
V10920,2025-09-09 15:10:00,C013,Nicolas Vargas,Recurrente,P011,Galleta Chispas,Galletas,Chocolate,1,4500,1900,0.0,4500.0,Domicilio,Tarjeta,Completada,S004,Riomar,Barranquilla,Atlántico,E001,Laura,Asesora,Septiembre,1900
V10614,2025-09-23 14:00:00,C020,Gabriela Silva,Nuevo,P007,Cupcake Vainilla,Cupcakes,Vainilla,1,8000,3800,0.0,8000.0,Whatsapp,Transferencia,Completada,S004,Riomar,Barranquilla,Atlántico,E005,Daniel,Asesor,Septiembre,3800
V10998,2025-12-25 17:30:00,C018,Mariana Navarro,Nuevo,P007,Cupcake Vainilla,Cupcakes,Vainilla,1,8000,3800,0.0,8000.0,Tienda,Nequi,Completada,S001,Centro,Barranquilla,Atlántico,E005,Daniel,Asesor,Diciembre,3800
V11066,2025-01-27 16:30:00,C027,Carolina Rojas,Recurrente,P003,Cheesecake Frutos Rojos,Tortas,Frutos rojos,4,48000,26000,0.0,192000.0,Tienda,Tarjeta,Completada,S002,Norte,Barranquilla,Atlántico,E001,Laura,Asesora,Enero,104000
V10668,2025-02-07 16:10:00,C019,Felipe Ortiz,Recurrente,P011,Galleta Chispas,Galletas,Chocolate,3,4500,1900,0.0,13500.0,Página Web,Efectivo,Cancelada,S004,Riomar,Barranquilla,Atlántico,E005,Daniel,Asesor,Febrero,5700
V10397,2025-01-10 09:30:00,C025,Lucia Ramirez,Nuevo,P002,Torta De Vainilla,Tortas,Vainilla,1,38000,19500,0.0,38000.0,Tienda,Transferencia,Completada,S003,Soledad,Soledad,Atlántico,E006,Valentina,Asesora,Enero,19500
V10195,2025-10-11 09:00:00,C024,Mateo Hernandez,Recurrente,P001,Torta De Chocolate,Tortas,Chocolate,2,42000,22000,0.0,84000.0,Tienda,Efectivo,Completada,S003,Soledad,Soledad,Atlántico,E004,Sofia,Asesora,Octubre,44000
V11036,2025-02-27 11:40:00,C023,Juliana Torres,Recurrente,P011,Galleta Chispas,Galletas,Chocolate,1,4500,1900,0.0,4500.0,Whatsapp,Transferencia,Completada,S001,Centro,Barranquilla,Atlántico,E004,Sofia,Asesora,Febrero,1900
V10546,2025-05-04 17:45:00,C010,Camila Castro,Recurrente,P007,Cupcake Vainilla,Cupcakes,Vainilla,6,8000,3800,0.0,48000.0,Instagram,Tarjeta,Completada,S002,Norte,Barranquilla,Atlántico,E003,Mateo,Asesor,Mayo,22800
V10421,2025-07-05 16:20:00,C012,Paula Jimenez,Recurrente,P015,Tarta De Manzana,Tartas,Manzana,1,18000,9000,0.0,18000.0,Domicilio,Transferencia,Completada,S002,Norte,Barranquilla,Atlántico,E003,Mateo,Asesor,Julio,9000
V10819,2025-11-09 13:15:00,C025,Lucia Ramirez,Nuevo,P011,Galleta Chispas,Galletas,Chocolate,1,4500,1900,0.0,4500.0,Domicilio,Transferencia,Completada,S001,Centro,Barranquilla,Atlántico,E002,Camila,Asesora,Noviembre,1900
V10378,2025-02-11 16:40:00,C011,Miguel Mendoza,Recurrente,P013,Croissant,Panadería,Tradicional,1,6500,2800,0.0,6500.0,Domicilio,Transferencia,Completada,S003,Soledad,Soledad,Atlántico,E003,Mateo,Asesor,Febrero,2800
V10211,2025-12-17 12:20:00,C003,Maria Gomez,Nuevo,P020,Caja Regalo Dulce,Combos,Regalo,1,52000,28500,0.0,52000.0,Tienda,Tarjeta,Cancelada,S001,Centro,Barranquilla,Atlántico,E001,Laura,Asesora,Diciembre,28500
V10337,2025-10-18 19:15:00,C027,Carolina Rojas,Recurrente,P011,Galleta Chispas,Galletas,Chocolate,2,4500,1900,0.0,9000.0,Tienda,Tarjeta,Completada,S001,Centro,Barranquilla,Atlántico,E005,Daniel,Asesor,Octubre,3800
V11021,2025-11-17 16:50:00,C012,Paula Jimenez,Nuevo,P006,Cupcake Chocolate,Cupcakes,Chocolate,1,8500,4200,0.0,8500.0,Tienda,Nequi,Devuelta,S003,Soledad,Soledad,Atlántico,E005,Daniel,Asesor,Noviembre,4200
V10689,2025-01-14 15:10:00,C010,Camila Castro,Corporativo,P010,Brownie Con Nueces,Repostería,Nueces,8,8500,4000,0.2,54400.0,Whatsapp,Nequi,Completada,S002,Norte,Barranquilla,Atlántico,E002,Camila,Asesora,Enero,32000
V10278,2025-06-16 16:40:00,C016,Isabella Romero,Recurrente,P005,Torta tres Leches,Tortas,Leches,2,40000,21000,0.0,80000.0,Tienda,Transferencia,Cancelada,S003,Soledad,Soledad,Atlántico,E004,Sofia,Asesora,Junio,42000
V11120,2025-08-08 19:40:00,C019,Felipe Ortiz,Recurrente,P009,Brownie Clásico,Repostería,Chocolate,10,7000,3200,0.0,70000.0,Domicilio,Nequi,Completada,S002,Norte,Barranquilla,Atlántico,E002,Camila,Asesora,Agosto,32000
V10026,2025-10-19 16:50:00,C018,Mariana Navarro,Recurrente,P002,Torta De Vainilla,Tortas,Vainilla,1,38000,19500,0.0,38000.0,Tienda,Nequi,Completada,S002,Norte,Barranquilla,Atlántico,E006,Valentina,Asesora,Octubre,19500
V10596,2025-12-26 09:15:00,C011,Miguel Mendoza,Nuevo,P017,Macaron Caja X6,Macarons,Variados,3,22000,11000,0.2,52800.0,Tienda,Nequi,Completada,S003,Soledad,Soledad,Atlántico,E002,Camila,Asesora,Diciembre,33000
V10428,2025-05-16 12:50:00,C014,Sara Moreno,Recurrente,P006,Cupcake Chocolate,Cupcakes,Chocolate,1,8500,4200,0.2,6800.0,Domicilio,Nequi,Completada,S002,Norte,Barranquilla,Atlántico,E003,Mateo,Asesor,Mayo,4200
V10713,2025-06-06 12:10:00,C025,Lucia Ramirez,Nuevo,P011,Galleta Chispas,Galletas,Chocolate,1,4500,1900,0.1,4050.0,Whatsapp,Transferencia,Completada,S002,Norte,Barranquilla,Atlántico,E002,Camila,Asesora,Junio,1900
V10248,2025-09-20 19:50:00,C006,Sofia Ramirez,Nuevo,P011,Galleta Chispas,Galletas,Chocolate,4,4500,1900,0.0,18000.0,Tienda,Tarjeta,Completada,S001,Centro,Barranquilla,Atlántico,E006,Valentina,Asesora,Septiembre,7600
V11081,2025-05-13 15:10:00,C019,Felipe Ortiz,Recurrente,P015,Tarta De Manzana,Tartas,Manzana,2,18000,9000,0.0,36000.0,Whatsapp,Daviplata,Completada,S002,Norte,Barranquilla,Atlántico,E003,Mateo,Asesor,Mayo,18000
V10561,2025-12-05 10:15:00,C027,Carolina Rojas,Corporativo,P008,Cupcake Red Velvet,Cupcakes,Red velvet,6,9500,4800,0.0,57000.0,Instagram,Daviplata,Completada,S004,Riomar,Barranquilla,Atlántico,E005,Daniel,Asesor,Diciembre,28800
V10311,2025-03-22 18:00:00,C022,Alejandro Gomez,Nuevo,P012,Galleta Avena,Galletas,Avena,2,4000,1700,0.0,8000.0,Tienda,Daviplata,Completada,S001,Centro,Barranquilla,Atlántico,E005,Daniel,Asesor,Marzo,3400
V11098,2025-02-05 13:40:00,C013,Nicolas Vargas,Nuevo,P006,Cupcake Chocolate,Cupcakes,Chocolate,2,8500,4200,0.0,17000.0,Whatsapp,Efectivo,Devuelta,S003,Soledad,Soledad,Atlántico,E003,Mateo,Asesor,Febrero,8400
V10801,2025-08-16 17:50:00,C009,Daniel Rojas,Recurrente,P006,Cupcake Chocolate,Cupcakes,Chocolate,1,8500,4200,0.2,6800.0,Tienda,Tarjeta,Completada,S001,Centro,Barranquilla,Atlántico,E002,Camila,Asesora,Agosto,4200
V10185,2025-07-30 17:00:00,C016,Isabella Romero,Nuevo,P010,Brownie Con Nueces,Repostería,Nueces,1,8500,4000,0.0,8500.0,Tienda,Tarjeta,Completada,S004,Riomar,Barranquilla,Atlántico,E004,Sofia,Asesora,Julio,4000
V11109,2025-02-07 13:00:00,C012,Paula Jimenez,Recurrente,P009,Brownie Clásico,Repostería,Chocolate,1,7000,3200,0.0,7000.0,Whatsapp,Nequi,Completada,S002,Norte,Barranquilla,Atlántico,E001,Laura,Asesora,Febrero,3200
V11035,2025-04-22 18:00:00,C006,Sofia Ramirez,Recurrente,P011,Galleta Chispas,Galletas,Chocolate,3,4500,1900,0.0,13500.0,Tienda,Efectivo,Completada,S004,Riomar,Barranquilla,Atlántico,E006,Valentina,Asesora,Abril,5700
V10131,2025-08-02 18:45:00,C010,Camila Castro,Nuevo,P011,Galleta Chispas,Galletas,Chocolate,3,4500,1900,0.0,13500.0,Whatsapp,Nequi,Completada,S002,Norte,Barranquilla,Atlántico,E004,Sofia,Asesora,Agosto,5700
V10921,2025-07-12 17:45:00,C005,Laura Hernandez,Recurrente,P014,Roll De Canela,Panadería,Canela,4,7500,3100,0.0,30000.0,Instagram,Nequi,Completada,S002,Norte,Barranquilla,Atlántico,E004,Sofia,Asesora,Julio,12400
V10403,2025-07-24 15:15:00,C022,Alejandro Gomez,Recurrente,P010,Brownie Con Nueces,Repostería,Nueces,1,8500,4000,0.0,8500.0,Whatsapp,Tarjeta,Completada,S002,Norte,Barranquilla,Atlántico,E001,Laura,Asesora,Julio,4000
V10913,2025-08-27 15:50:00,C017,Sebastian Ruiz,Nuevo,P002,Torta De Vainilla,Tortas,Vainilla,2,38000,19500,0.0,76000.0,Página Web,Nequi,Completada,S004,Riomar,Barranquilla,Atlántico,E002,Camila,Asesora,Agosto,39000
V10422,2025-10-10 13:20:00,C021,Natalia Perez,Corporativo,P002,Torta De Vainilla,Tortas,Vainilla,3,38000,19500,0.15,96900.0,Whatsapp,Tarjeta,Completada,S002,Norte,Barranquilla,Atlántico,E003,Mateo,Asesor,Octubre,58500
V11180,2025-12-11 15:45:00,C019,Felipe Ortiz,Recurrente,P015,Tarta De Manzana,Tartas,Manzana,1,18000,9000,0.05,17100.0,Valor no conocido,Efectivo,Completada,S003,Soledad,Soledad,Atlántico,E003,Mateo,Asesor,Diciembre,9000
V10155,2025-05-05 14:00:00,C018,Mariana Navarro,Nuevo,P016,Tarta De Limón,Tartas,Limón,2,18000,8800,0.0,36000.0,Domicilio,Tarjeta,Completada,S002,Norte,Barranquilla,Atlántico,E006,Valentina,Asesora,Mayo,17600
V10438,2025-10-19 13:45:00,C028,Tomas Castro,Nuevo,P020,Caja Regalo Dulce,Combos,Regalo,2,52000,28500,0.2,83200.0,Tienda,Efectivo,Completada,S001,Centro,Barranquilla,Atlántico,E001,Laura,Asesora,Octubre,57000
V10054,2025-01-15 11:10:00,C020,Gabriela Silva,Recurrente,P008,Cupcake Red Velvet,Cupcakes,Red velvet,3,9500,4800,0.0,28500.0,Tienda,Efectivo,Completada,S004,Riomar,Barranquilla,Atlántico,E006,Valentina,Asesora,Enero,14400
V10618,2025-12-04 14:20:00,C003,Maria Gomez,Corporativo,P016,Tarta De Limón,Tartas,Limón,3,18000,8800,0.1,48600.0,Tienda,Daviplata,Completada,S001,Centro,Barranquilla,Atlántico,E004,Sofia,Asesora,Diciembre,26400
V10774,2025-03-03 20:40:00,C014,Sara Moreno,Nuevo,P014,Roll De Canela,Panadería,Canela,2,7500,3100,0.0,15000.0,Tienda,Transferencia,Completada,S003,Soledad,Soledad,Atlántico,E005,Daniel,Asesor,Marzo,6200
V10823,2025-03-21 16:10:00,C019,Valor no conocido,Nuevo,P013,Croissant,Panadería,Tradicional,2,6500,2800,0.0,13000.0,Domicilio,Nequi,Completada,S002,Norte,Barranquilla,Atlántico,E003,Mateo,Asesor,Marzo,5600
V10442,2025-09-20 08:50:00,C014,Sara Moreno,Nuevo,P006,Cupcake Chocolate,Cupcakes,Chocolate,2,8500,4200,0.0,17000.0,Página Web,Nequi,Completada,S001,Centro,Barranquilla,Atlántico,E002,Camila,Asesora,Septiembre,8400
V10251,2025-12-31 15:10:00,C014,Sara Moreno,Nuevo,P006,Cupcake Chocolate,Cupcakes,Chocolate,1,8500,4200,0.0,8500.0,Instagram,Tarjeta,Completada,S003,Soledad,Soledad,Atlántico,E002,Camila,Asesora,Diciembre,4200
V10688,2025-01-24 11:15:00,C030,Samuel Jimenez,Nuevo,P009,Brownie Clásico,Repostería,Chocolate,2,7000,3200,0.0,14000.0,Whatsapp,Transferencia,Completada,S001,Centro,Barranquilla,Atlántico,E006,Valentina,Asesora,Enero,6400
V10511,2025-07-15 15:20:00,C006,Sofia Ramirez,Nuevo,P006,Cupcake Chocolate,Cupcakes,Chocolate,1,8500,4200,0.1,7650.0,Domicilio,Efectivo,Completada,S002,Norte,Barranquilla,Atlántico,E002,Camila,Asesora,Julio,4200
V10728,2025-08-11 15:20:00,C026,Ricardo Diaz,Recurrente,P001,Torta De Chocolate,Tortas,Chocolate,1,42000,22000,0.0,42000.0,Tienda,Daviplata,Completada,S002,Norte,Barranquilla,Atlántico,E003,Mateo,Asesor,Agosto,22000
V10177,2025-03-02 15:00:00,C001,Ana Rodriguez,Nuevo,P012,Galleta Avena,Galletas,Avena,1,4000,1700,0.0,4000.0,Whatsapp,Tarjeta,Completada,S003,Soledad,Soledad,Atlántico,E004,Sofia,Asesora,Marzo,1700
V10970,2025-07-14 15:50:00,C026,Ricardo Diaz,Recurrente,P007,Cupcake Vainilla,Cupcakes,Vainilla,2,8000,3800,0.1,14400.0,Página Web,Tarjeta,Completada,S003,Soledad,Soledad,Atlántico,E005,Daniel,Asesor,Julio,7600
V11162,2025-07-08 18:45:00,C015,Diego Suarez,Nuevo,P010,Brownie Con Nueces,Repostería,Nueces,5,8500,4000,0.0,42500.0,Tienda,Tarjeta,Cancelada,S003,Soledad,Soledad,Atlántico,E005,Daniel,Asesor,Julio,20000
V11186,2025-07-25 16:00:00,C015,Diego Suarez,Recurrente,P011,Galleta Chispas,Galletas,Chocolate,5,4500,1900,0.0,22500.0,Domicilio,Efectivo,Completada,S002,Norte,Barranquilla,Atlántico,E003,Mateo,Asesor,Julio,9500
V10312,2025-05-24 13:20:00,C011,Miguel Mendoza,Recurrente,P011,Galleta Chispas,Galletas,Chocolate,2,4500,1900,0.0,9000.0,Tienda,Tarjeta,Completada,S001,Centro,Barranquilla,Atlántico,E005,Daniel,Asesor,Mayo,3800
V10878,2025-08-30 14:50:00,C012,Paula Jimenez,Recurrente,P008,Cupcake Red Velvet,Cupcakes,Red velvet,1,9500,4800,0.0,9.5,Whatsapp,Efectivo,Completada,S002,Norte,Barranquilla,Atlántico,E003,Mateo,Asesor,Agosto,4800
V11069,2025-06-05 14:40:00,C006,Sofia Ramirez,Recurrente,P011,Galleta Chispas,Galletas,Chocolate,2,4500,1900,0.0,9000.0,Domicilio,Tarjeta,Completada,S002,Norte,Barranquilla,Atlántico,E004,Sofia,Asesora,Junio,3800
V10289,2025-01-07 11:20:00,C025,Lucia Ramirez,Recurrente,P002,Torta De Vainilla,Tortas,Vainilla,1,38000,19500,0.0,38000.0,Domicilio,Tarjeta,Completada,S001,Centro,Barranquilla,Atlántico,E004,Sofia,Asesora,Enero,19500
V10929,2025-04-25 09:50:00,C010,Camila Castro,Recurrente,P008,Cupcake Red Velvet,Cupcakes,Red velvet,4,9500,4800,0.0,38000.0,Página Web,Transferencia,Completada,S002,Norte,Barranquilla,Atlántico,E002,Camila,Asesora,Abril,19200
V11193,2025-07-21 19:10:00,C017,Valor no conocido,Recurrente,P012,Galleta Avena,Galletas,Avena,1,4000,1700,0.0,4000.0,Tienda,Valor no conocido,Completada,S004,Riomar,Barranquilla,Atlántico,E005,Daniel,Asesor,Julio,1700
V11006,2025-03-08 09:15:00,C012,Paula Jimenez,Nuevo,P014,Roll De Canela,Panadería,Canela,3,7500,3100,0.0,22500.0,Página Web,Transferencia,Completada,S002,Norte,Barranquilla,Atlántico,E005,Daniel,Asesor,Marzo,9300
V10678,2025-01-30 13:15:00,C003,Maria Gomez,Nuevo,P009,Brownie Clásico,Repostería,Chocolate,2,7000,3200,0.15,11900.0,Tienda,Efectivo,Completada,S002,Norte,Barranquilla,Atlántico,E002,Camila,Asesora,Enero,6400
V11257,2025-06-13 11:30:00,C012,Paula Jimenez,Nuevo,P013,Croissant,Panadería,Tradicional,3,6500,2800,0.0,19500.0,Domicilio,Nequi,Completada,S003,Soledad,Soledad,Atlántico,E002,Camila,Asesora,Junio,8400
V10564,2025-09-07 11:50:00,C001,Ana Rodriguez,Recurrente,P014,Roll De Canela,Panadería,Canela,1,7500,3100,0.0,7500.0,Tienda,Efectivo,Completada,S001,Centro,Barranquilla,Atlántico,E002,Camila,Asesora,Septiembre,3100
V10853,2025-06-26 17:45:00,C017,Sebastian Ruiz,Nuevo,P019,Caja Desayuno,Combos,Desayuno,4,32000,17000,0.05,121600.0,Instagram,Tarjeta,Completada,S003,Soledad,Soledad,Atlántico,E001,Laura,Asesora,Junio,68000
V10997,2025-04-08 19:45:00,C027,Carolina Rojas,Recurrente,P001,Torta De Chocolate,Tortas,Chocolate,3,42000,22000,0.0,126000.0,Tienda,Efectivo,Completada,S001,Centro,Barranquilla,Atlántico,E005,Daniel,Asesor,Abril,66000
V10321,2025-03-16 19:00:00,C023,Juliana Torres,Nuevo,P008,Cupcake Red Velvet,Cupcakes,Red velvet,1,9500,4800,0.0,9500.0,Página Web,Daviplata,Completada,S001,Centro,Barranquilla,Atlántico,E005,Daniel,Asesor,Marzo,4800
V10667,2025-01-23 19:20:00,C020,Gabriela Silva,Recurrente,P017,Macaron Caja X6,Macarons,Variados,1,22000,11000,0.0,22000.0,Tienda,Transferencia,Completada,S002,Norte,Barranquilla,Atlántico,E004,Sofia,Asesora,Enero,11000
V10835,2025-05-06 16:15:00,C010,Camila Castro,Recurrente,P009,Brownie Clásico,Repostería,Chocolate,1,7000,3200,0.0,7000.0,Domicilio,Efectivo,Completada,S002,Norte,Barranquilla,Atlántico,E006,Valentina,Asesora,Mayo,3200
V10511,2025-06-22 14:10:00,C022,Alejandro Gomez,Recurrente,P006,Cupcake Chocolate,Cupcakes,Chocolate,1,8500,4200,0.0,8500.0,Domicilio,Nequi,Completada,S004,Riomar,Barranquilla,Atlántico,E003,Mateo,Asesor,Junio,4200
V10520,2025-09-04 17:00:00,C012,Paula Jimenez,Nuevo,P016,Tarta De Limón,Tartas,Limón,1,18000,8800,0.0,18000.0,Whatsapp,Transferencia,Completada,S001,Centro,Barranquilla,Atlántico,E004,Sofia,Asesora,Septiembre,8800
V11099,2025-05-15 17:10:00,C027,Carolina Rojas,Recurrente,P014,Roll De Canela,Panadería,Canela,3,7500,3100,0.0,22500.0,Domicilio,Nequi,Completada,S002,Norte,Barranquilla,Atlántico,E001,Laura,Asesora,Mayo,9300
V11177,2025-01-07 17:50:00,C003,Maria Gomez,Nuevo,P010,Brownie Con Nueces,Repostería,Nueces,1,8500,4000,0.0,8500.0,Whatsapp,Efectivo,Completada,S004,Riomar,Barranquilla,Atlántico,E006,Valentina,Asesora,Enero,4000
V10223,2025-02-17 16:15:00,C011,Miguel Mendoza,Nuevo,P012,Galleta Avena,Galletas,Avena,1,4000,1700,0.0,4000.0,Domicilio,Tarjeta,Completada,S002,Norte,Barranquilla,Atlántico,E001,Laura,Asesora,Febrero,1700
V11052,2025-10-17 15:40:00,C012,Paula Jimenez,Recurrente,P011,Galleta Chispas,Galletas,Chocolate,2,4500,1900,0.0,9000.0,Tienda,Tarjeta,Completada,S002,Norte,Barranquilla,Atlántico,E002,Camila,Asesora,Octubre,3800
V10765,2025-04-14 18:00:00,C002,Carlos Perez,Nuevo,P009,Brownie Clásico,Repostería,Chocolate,1,7000,3200,0.0,7000.0,Tienda,Efectivo,Completada,S002,Norte,Barranquilla,Atlántico,E004,Sofia,Asesora,Abril,3200
V11065,2025-10-19 12:20:00,C020,Gabriela Silva,Nuevo,P001,Torta De Chocolate,Tortas,Chocolate,1,42000,22000,0.2,33600.0,Página Web,Daviplata,Completada,S004,Riomar,Barranquilla,Atlántico,E004,Sofia,Asesora,Octubre,22000
V10188,2025-01-12 14:10:00,C023,Juliana Torres,Recurrente,P007,Cupcake Vainilla,Cupcakes,Vainilla,3,8000,3800,0.0,24000.0,Domicilio,Nequi,Completada,S001,Centro,Barranquilla,Atlántico,E003,Mateo,Asesor,Enero,11400
V11136,2025-09-02 10:10:00,C002,Carlos Perez,Nuevo,P007,Cupcake Vainilla,Cupcakes,Vainilla,1,8000,3800,0.0,8000.0,Tienda,Efectivo,Cancelada,S001,Centro,Barranquilla,Atlántico,E003,Mateo,Asesor,Septiembre,3800
V11085,2025-08-04 13:15:00,C014,Sara Moreno,Corporativo,P003,Cheesecake Frutos Rojos,Tortas,Frutos rojos,3,48000,26000,0.15,122400.0,Whatsapp,Tarjeta,Completada,S002,Norte,Barranquilla,Atlántico,E003,Mateo,Asesor,Agosto,78000
V11244,2025-02-14 17:15:00,C015,Diego Suarez,Recurrente,P014,Roll De Canela,Panadería,Canela,5,7500,3100,0.0,37500.0,Instagram,Tarjeta,Devuelta,S003,Soledad,Soledad,Atlántico,E005,Daniel,Asesor,Febrero,15500
V10773,2025-07-26 13:40:00,C014,Sara Moreno,Nuevo,P001,Torta De Chocolate,Tortas,Chocolate,3,42000,22000,0.1,113400.0,Domicilio,Nequi,Completada,S001,Centro,Barranquilla,Atlántico,E001,Laura,Asesora,Julio,66000
V10901,2025-02-05 10:10:00,C018,Mariana Navarro,Recurrente,P010,Brownie Con Nueces,Repostería,Nueces,1,8500,4000,0.0,8500.0,Valor no conocido,Nequi,Completada,S001,Centro,Barranquilla,Atlántico,E003,Mateo,Asesor,Febrero,4000
V10168,2025-02-18 14:15:00,C016,Valor no conocido,Nuevo,P001,Torta De Chocolate,Tortas,Chocolate,2,42000,22000,0.15,71400.0,Whatsapp,Transferencia,Completada,S001,Centro,Barranquilla,Atlántico,E004,Sofia,Asesora,Febrero,44000
V10872,2025-10-23 19:20:00,C022,Alejandro Gomez,Nuevo,P014,Roll De Canela,Panadería,Canela,3,7500,3100,0.0,22.5,Tienda,Tarjeta,Completada,S004,Riomar,Barranquilla,Atlántico,E002,Camila,Asesora,Octubre,9300
V10369,2025-08-03 14:20:00,C008,Valentina Diaz,Nuevo,P011,Galleta Chispas,Galletas,Chocolate,8,4500,1900,0.0,36000.0,Domicilio,Transferencia,Devuelta,S001,Centro,Barranquilla,Atlántico,E003,Mateo,Asesor,Agosto,15200
V10338,2025-05-25 14:45:00,C020,Gabriela Silva,Recurrente,P009,Brownie Clásico,Repostería,Chocolate,2,7000,3200,0.05,13300.0,Whatsapp,Nequi,Completada,S003,Soledad,Soledad,Atlántico,E002,Camila,Asesora,Mayo,6400
V10049,2025-08-28 15:00:00,C023,Juliana Torres,Nuevo,P002,Torta De Vainilla,Tortas,Vainilla,1,38000,19500,0.0,38000.0,Whatsapp,Transferencia,Completada,S003,Soledad,Soledad,Atlántico,E001,Laura,Asesora,Agosto,19500
V10929,2025-07-29 14:45:00,C021,Natalia Perez,Recurrente,P018,Macaron Caja X12,Macarons,Variados,2,40000,19500,0.0,80000.0,Página Web,Tarjeta,Completada,S001,Centro,Barranquilla,Atlántico,E002,Camila,Asesora,Julio,39000
V10908,2025-08-12 14:20:00,C008,Valentina Diaz,Nuevo,P010,Brownie Con Nueces,Repostería,Nueces,5,8500,4000,0.1,38250.0,Tienda,Tarjeta,Completada,S001,Centro,Barranquilla,Atlántico,E001,Laura,Asesora,Agosto,20000
V10591,2025-08-03 16:20:00,C018,Mariana Navarro,Recurrente,P013,Croissant,Panadería,Tradicional,2,6500,2800,0.0,13000.0,Domicilio,Tarjeta,Completada,S002,Norte,Barranquilla,Atlántico,E006,Valentina,Asesora,Agosto,5600
V10651,2025-12-24 15:50:00,C019,Felipe Ortiz,Nuevo,P011,Galleta Chispas,Galletas,Chocolate,2,4500,1900,0.0,9000.0,Whatsapp,Efectivo,Completada,S002,Norte,Barranquilla,Atlántico,E003,Mateo,Asesor,Diciembre,3800
V11030,2025-12-31 13:15:00,C010,Camila Castro,Nuevo,P013,Croissant,Panadería,Tradicional,1,6500,2800,0.0,6500.0,Domicilio,Daviplata,Completada,S004,Riomar,Barranquilla,Atlántico,E001,Laura,Asesora,Diciembre,2800
V10649,2025-08-15 11:15:00,C017,Sebastian Ruiz,Corporativo,P006,Cupcake Chocolate,Cupcakes,Chocolate,8,8500,4200,0.2,54400.0,Tienda,Transferencia,Completada,S003,Soledad,Soledad,Atlántico,E005,Daniel,Asesor,Agosto,33600
V11049,2025-11-08 12:10:00,C005,Laura Hernandez,Nuevo,P002,Torta De Vainilla,Tortas,Vainilla,2,38000,19500,0.2,60800.0,Página Web,Efectivo,Completada,S004,Riomar,Barranquilla,Atlántico,E005,Daniel,Asesor,Noviembre,39000
V10878,2025-03-15 11:15:00,C023,Juliana Torres,Corporativo,P019,Caja Desayuno,Combos,Desayuno,8,32000,17000,0.0,256000.0,Tienda,Tarjeta,Completada,S004,Riomar,Barranquilla,Atlántico,E006,Valentina,Asesora,Marzo,136000
V10754,2025-11-09 15:20:00,C019,Felipe Ortiz,Recurrente,P011,Galleta Chispas,Galletas,Chocolate,2,4500,1900,0.0,9000.0,Domicilio,Efectivo,Completada,S001,Centro,Barranquilla,Atlántico,E002,Camila,Asesora,Noviembre,3800
V10506,2025-10-19 12:50:00,C023,Juliana Torres,Corporativo,P017,Macaron Caja X6,Macarons,Variados,4,22000,11000,0.0,88000.0,Tienda,Transferencia,Completada,S001,Centro,Barranquilla,Atlántico,E004,Sofia,Asesora,Octubre,44000
V10914,2025-01-19 12:15:00,C020,Gabriela Silva,Corporativo,P019,Caja Desayuno,Combos,Desayuno,4,32000,17000,0.15,108800.0,Instagram,Tarjeta,Completada,S001,Centro,Barranquilla,Atlántico,E004,Sofia,Asesora,Enero,68000
V11001,2025-10-30 10:20:00,C018,Mariana Navarro,Recurrente,P012,Galleta Avena,Galletas,Avena,2,4000,1700,0.0,8000.0,Tienda,Nequi,Completada,S003,Soledad,Soledad,Atlántico,E001,Laura,Asesora,Octubre,3400
V10743,2025-07-25 13:30:00,C024,Mateo Hernandez,Nuevo,P014,Roll De Canela,Panadería,Canela,2,7500,3100,0.0,15000.0,Domicilio,Nequi,Completada,S001,Centro,Barranquilla,Atlántico,E005,Daniel,Asesor,Julio,6200
V10636,2025-08-21 17:20:00,C028,Tomas Castro,Recurrente,P001,Torta De Chocolate,Tortas,Chocolate,5,42000,22000,0.0,210000.0,Tienda,Tarjeta,Completada,S003,Soledad,Soledad,Atlántico,E001,Laura,Asesora,Agosto,110000
V10186,2025-03-07 14:15:00,C008,Valentina Diaz,Corporativo,P010,Brownie Con Nueces,Repostería,Nueces,4,8500,4000,0.1,30600.0,Tienda,Nequi,Completada,S003,Soledad,Soledad,Atlántico,E002,Camila,Asesora,Marzo,16000
V10434,2025-03-09 13:30:00,C023,Valor no conocido,Recurrente,P009,Brownie Clásico,Repostería,Chocolate,1,7000,3200,0.15,5950.0,Tienda,Efectivo,Completada,S001,Centro,Barranquilla,Atlántico,E005,Daniel,Asesor,Marzo,3200
V10157,2025-11-02 13:15:00,C013,Nicolas Vargas,Nuevo,P013,Croissant,Panadería,Tradicional,2,6500,2800,0.0,13000.0,Whatsapp,Daviplata,Completada,S001,Centro,Barranquilla,Atlántico,E003,Mateo,Asesor,Noviembre,5600
V10598,2025-03-09 15:15:00,C012,Paula Jimenez,Recurrente,P002,Torta De Vainilla,Tortas,Vainilla,6,38000,19500,0.0,228000.0,Tienda,Nequi,Completada,S002,Norte,Barranquilla,Atlántico,E005,Daniel,Asesor,Marzo,117000
V11084,2025-01-04 12:40:00,C018,Mariana Navarro,Nuevo,P013,Croissant,Panadería,Tradicional,2,6500,2800,0.0,13000.0,Whatsapp,Tarjeta,Devuelta,S003,Soledad,Soledad,Atlántico,E004,Sofia,Asesora,Enero,5600
V10071,2025-12-02 11:40:00,C016,Isabella Romero,Recurrente,P011,Galleta Chispas,Galletas,Chocolate,6,4500,1900,0.2,21600.0,Tienda,Nequi,Cancelada,S001,Centro,Barranquilla,Atlántico,E005,Daniel,Asesor,Diciembre,11400
V11212,2025-06-01 11:20:00,C006,Sofia Ramirez,Nuevo,P008,Cupcake Red Velvet,Cupcakes,Red velvet,1,9500,4800,0.0,9500.0,Tienda,Tarjeta,Completada,S003,Soledad,Soledad,Atlántico,E006,Valentina,Asesora,Junio,4800
V10494,2025-07-22 15:20:00,C014,Sara Moreno,Recurrente,P007,Cupcake Vainilla,Cupcakes,Vainilla,2,8000,3800,0.0,16000.0,Domicilio,Tarjeta,Completada,S001,Centro,Barranquilla,Atlántico,E005,Daniel,Asesor,Julio,7600
V10993,2025-04-09 17:15:00,C013,Nicolas Vargas,Recurrente,P007,Cupcake Vainilla,Cupcakes,Vainilla,1,8000,3800,0.0,8000.0,Página Web,Tarjeta,Completada,S003,Soledad,Soledad,Atlántico,E004,Sofia,Asesora,Abril,3800
V10093,2025-09-22 17:40:00,C010,Camila Castro,Nuevo,P005,Torta tres Leches,Tortas,Leches,1,40000,21000,0.0,40000.0,Whatsapp,Transferencia,Completada,S004,Riomar,Barranquilla,Atlántico,E001,Laura,Asesora,Septiembre,21000
V11105,2025-05-05 11:40:00,C003,Maria Gomez,Recurrente,P012,Galleta Avena,Galletas,Avena,3,4000,1700,0.0,12000.0,Página Web,Tarjeta,Completada,S003,Soledad,Soledad,Atlántico,E003,Mateo,Asesor,Mayo,5100
V10733,2025-03-13 08:15:00,C011,Miguel Mendoza,Recurrente,P006,Cupcake Chocolate,Cupcakes,Chocolate,1,8500,4200,0.15,7225.0,Tienda,Nequi,Completada,S001,Centro,Barranquilla,Atlántico,E002,Camila,Asesora,Marzo,4200
V11097,2025-07-17 18:10:00,C026,Ricardo Diaz,Corporativo,P008,Cupcake Red Velvet,Cupcakes,Red velvet,4,9500,4800,0.15,32300.0,Tienda,Nequi,Completada,S002,Norte,Barranquilla,Atlántico,E005,Daniel,Asesor,Julio,19200
V10351,2025-05-13 16:30:00,C003,Maria Gomez,Nuevo,P002,Torta De Vainilla,Tortas,Vainilla,3,38000,19500,0.0,114000.0,Página Web,Efectivo,Completada,S001,Centro,Barranquilla,Atlántico,E002,Camila,Asesora,Mayo,58500
V11095,2025-05-05 12:10:00,C021,Natalia Perez,Recurrente,P006,Cupcake Chocolate,Cupcakes,Chocolate,3,8500,4200,0.0,25500.0,Whatsapp,Efectivo,Completada,S003,Soledad,Soledad,Atlántico,E004,Sofia,Asesora,Mayo,12600
V10655,2025-03-16 13:10:00,C006,Sofia Ramirez,Nuevo,P009,Brownie Clásico,Repostería,Chocolate,3,7000,3200,0.0,21000.0,Tienda,Transferencia,Completada,S003,Soledad,Soledad,Atlántico,E005,Daniel,Asesor,Marzo,9600
V10720,2025-09-03 15:50:00,C023,Juliana Torres,Recurrente,P011,Galleta Chispas,Galletas,Chocolate,1,4500,1900,0.2,3600.0,Tienda,Transferencia,Devuelta,S002,Norte,Barranquilla,Atlántico,E006,Valentina,Asesora,Septiembre,1900
V10252,2025-11-27 18:00:00,C027,Carolina Rojas,Nuevo,P009,Brownie Clásico,Repostería,Chocolate,4,7000,3200,0.0,28000.0,Domicilio,Tarjeta,Completada,S002,Norte,Barranquilla,Atlántico,E005,Daniel,Asesor,Noviembre,12800
V11156,2025-08-12 13:10:00,C016,Isabella Romero,Corporativo,P013,Croissant,Panadería,Tradicional,8,6500,2800,0.0,52000.0,Domicilio,Transferencia,Completada,S002,Norte,Barranquilla,Atlántico,E002,Camila,Asesora,Agosto,22400
V10542,2025-06-13 14:40:00,C023,Juliana Torres,Nuevo,P009,Brownie Clásico,Repostería,Chocolate,10,7000,3200,0.0,70000.0,Página Web,Transferencia,Completada,S002,Norte,Barranquilla,Atlántico,E002,Camila,Asesora,Junio,32000
V10481,2025-07-20 12:40:00,C003,Maria Gomez,Recurrente,P012,Galleta Avena,Galletas,Avena,3,4000,1700,0.0,12000.0,Domicilio,Tarjeta,Cancelada,S001,Centro,Barranquilla,Atlántico,E003,Mateo,Asesor,Julio,5100
V10859,2025-08-19 17:50:00,C007,Andres Torres,Recurrente,P003,Cheesecake Frutos Rojos,Tortas,Frutos rojos,1,48000,26000,0.1,43200.0,Tienda,Nequi,Completada,S002,Norte,Barranquilla,Atlántico,E005,Daniel,Asesor,Agosto,26000
V10960,2025-04-21 14:50:00,C029,Manuela Mendoza,Nuevo,P005,Torta tres Leches,Tortas,Leches,1,40000,21000,0.0,40000.0,Instagram,Daviplata,Completada,S003,Soledad,Soledad,Atlántico,E005,Daniel,Asesor,Abril,21000
V10310,2025-09-06 13:50:00,C018,Mariana Navarro,Nuevo,P004,Torta Red Velvet,Tortas,Red velvet,1,45000,24000,0.0,45000.0,Domicilio,Transferencia,Completada,S004,Riomar,Barranquilla,Atlántico,E004,Sofia,Asesora,Septiembre,24000
V10630,2025-11-27 13:00:00,C016,Isabella Romero,Nuevo,P011,Galleta Chispas,Galletas,Chocolate,3,4500,1900,0.0,13500.0,Página Web,Tarjeta,Completada,S001,Centro,Barranquilla,Atlántico,E004,Sofia,Asesora,Noviembre,5700
V11160,2025-03-22 16:50:00,C027,Carolina Rojas,Nuevo,P013,Croissant,Panadería,Tradicional,3,6500,2800,0.0,19500.0,Domicilio,Tarjeta,Completada,S004,Riomar,Barranquilla,Atlántico,E002,Camila,Asesora,Marzo,8400
V11189,2025-05-27 13:45:00,C026,Ricardo Diaz,Nuevo,P019,Caja Desayuno,Combos,Desayuno,1,32000,17000,0.0,32000.0,Página Web,Efectivo,Completada,S003,Soledad,Soledad,Atlántico,E003,Mateo,Asesor,Mayo,17000
V10380,2025-04-26 11:30:00,C029,Manuela Mendoza,Nuevo,P019,Caja Desayuno,Combos,Desayuno,2,32000,17000,0.0,64000.0,Tienda,Efectivo,Completada,S002,Norte,Barranquilla,Atlántico,E004,Sofia,Asesora,Abril,34000
V10632,2025-06-15 19:00:00,C024,Mateo Hernandez,Nuevo,P014,Roll De Canela,Panadería,Canela,1,7500,3100,0.0,7500.0,Tienda,Daviplata,Completada,S004,Riomar,Barranquilla,Atlántico,E003,Mateo,Asesor,Junio,3100
V11226,2025-07-30 13:50:00,C010,Camila Castro,Nuevo,P012,Galleta Avena,Galletas,Avena,2,4000,1700,0.0,8000.0,Instagram,Transferencia,Completada,S002,Norte,Barranquilla,Atlántico,E003,Mateo,Asesor,Julio,3400
V10454,2025-11-28 14:15:00,C027,Carolina Rojas,Nuevo,P015,Tarta De Manzana,Tartas,Manzana,4,18000,9000,0.0,72000.0,Whatsapp,Tarjeta,Completada,S002,Norte,Barranquilla,Atlántico,E001,Laura,Asesora,Noviembre,36000
V10409,2025-06-24 18:10:00,C014,Sara Moreno,Nuevo,P012,Galleta Avena,Galletas,Avena,1,4000,1700,0.0,4000.0,Tienda,Transferencia,Completada,S002,Norte,Barranquilla,Atlántico,E003,Mateo,Asesor,Junio,1700
V11139,2025-11-28 15:45:00,C024,Mateo Hernandez,Recurrente,P011,Galleta Chispas,Galletas,Chocolate,1,4500,1900,0.2,3.6,Domicilio,Transferencia,Completada,S003,Soledad,Soledad,Atlántico,E001,Laura,Asesora,Noviembre,1900
V10556,2025-12-14 16:15:00,C018,Mariana Navarro,Recurrente,P002,Torta De Vainilla,Tortas,Vainilla,4,38000,19500,0.0,152000.0,Whatsapp,Transferencia,Completada,S004,Riomar,Barranquilla,Atlántico,E004,Sofia,Asesora,Diciembre,78000
V10610,2025-06-30 15:45:00,C014,Sara Moreno,Recurrente,P008,Cupcake Red Velvet,Cupcakes,Red velvet,3,9500,4800,0.0,28500.0,Tienda,Tarjeta,Completada,S004,Riomar,Barranquilla,Atlántico,E003,Mateo,Asesor,Junio,14400
V11059,2025-12-10 14:15:00,C025,Lucia Ramirez,Nuevo,P012,Galleta Avena,Galletas,Avena,1,4000,1700,0.0,4000.0,Domicilio,Daviplata,Completada,S004,Riomar,Barranquilla,Atlántico,E001,Laura,Asesora,Diciembre,1700
V10808,2025-04-06 13:10:00,C007,Andres Torres,Nuevo,P011,Galleta Chispas,Galletas,Chocolate,3,4500,1900,0.0,13500.0,Tienda,Nequi,Completada,S003,Soledad,Soledad,Atlántico,E002,Camila,Asesora,Abril,5700
V11220,2025-02-12 11:45:00,C021,Natalia Perez,Nuevo,P009,Brownie Clásico,Repostería,Chocolate,2,7000,3200,0.0,14000.0,Whatsapp,Nequi,Completada,S002,Norte,Barranquilla,Atlántico,E005,Daniel,Asesor,Febrero,6400
V10205,2025-06-03 17:40:00,C015,Diego Suarez,Recurrente,P005,Torta tres Leches,Tortas,Leches,1,40000,21000,0.2,32000.0,Página Web,Transferencia,Completada,S004,Riomar,Barranquilla,Atlántico,E001,Laura,Asesora,Junio,21000
V10262,2025-11-29 15:10:00,C014,Sara Moreno,Nuevo,P012,Galleta Avena,Galletas,Avena,1,4000,1700,0.0,4000.0,Whatsapp,Tarjeta,Completada,S002,Norte,Barranquilla,Atlántico,E004,Sofia,Asesora,Noviembre,1700
V10945,2025-05-13 14:00:00,C005,Laura Hernandez,Nuevo,P014,Roll De Canela,Panadería,Canela,4,7500,3100,0.0,30000.0,Domicilio,Daviplata,Completada,S004,Riomar,Barranquilla,Atlántico,E003,Mateo,Asesor,Mayo,12400
V10379,2025-06-05 13:15:00,C029,Manuela Mendoza,Recurrente,P006,Cupcake Chocolate,Cupcakes,Chocolate,1,8500,4200,0.0,8500.0,Tienda,Transferencia,Completada,S002,Norte,Barranquilla,Atlántico,E005,Daniel,Asesor,Junio,4200
V10500,2025-10-13 14:45:00,C005,Laura Hernandez,Recurrente,P008,Cupcake Red Velvet,Cupcakes,Red velvet,1,9500,4800,0.0,9500.0,Domicilio,Efectivo,Completada,S001,Centro,Barranquilla,Atlántico,E006,Valentina,Asesora,Octubre,4800
V10602,2025-07-12 17:10:00,C013,Nicolas Vargas,Recurrente,P014,Roll De Canela,Panadería,Canela,1,7500,3100,0.0,7500.0,Domicilio,Transferencia,Completada,S001,Centro,Barranquilla,Atlántico,E001,Laura,Asesora,Julio,3100
V10485,2025-11-03 17:50:00,C020,Gabriela Silva,Nuevo,P005,Torta tres Leches,Tortas,Leches,1,40000,21000,0.0,40000.0,Página Web,Nequi,Completada,S003,Soledad,Soledad,Atlántico,E005,Daniel,Asesor,Noviembre,21000
V10772,2025-05-15 15:45:00,C028,Tomas Castro,Recurrente,P009,Brownie Clásico,Repostería,Chocolate,1,7000,3200,0.0,7000.0,Tienda,Nequi,Completada,S002,Norte,Barranquilla,Atlántico,E001,Laura,Asesora,Mayo,3200
V11246,2025-11-30 14:40:00,C009,Daniel Rojas,Recurrente,P001,Torta De Chocolate,Tortas,Chocolate,2,42000,22000,0.0,84000.0,Whatsapp,Transferencia,Completada,S002,Norte,Barranquilla,Atlántico,E004,Sofia,Asesora,Noviembre,44000
V10575,2025-08-02 15:30:00,C020,Gabriela Silva,Nuevo,P010,Brownie Con Nueces,Repostería,Nueces,3,8500,4000,0.0,25500.0,Domicilio,Tarjeta,Completada,S004,Riomar,Barranquilla,Atlántico,E005,Daniel,Asesor,Agosto,12000
V10068,2025-11-26 13:40:00,C002,Carlos Perez,Corporativo,P013,Croissant,Panadería,Tradicional,8,6500,2800,0.1,46800.0,Instagram,Transferencia,Completada,S004,Riomar,Barranquilla,Atlántico,E004,Sofia,Asesora,Noviembre,22400
V10916,2025-04-15 18:10:00,C014,Sara Moreno,Corporativo,P017,Macaron Caja X6,Macarons,Variados,4,22000,11000,0.15,74.8,Domicilio,Daviplata,Completada,S002,Norte,Barranquilla,Atlántico,E005,Daniel,Asesor,Abril,44000
V11223,2025-12-05 14:45:00,C024,Mateo Hernandez,Recurrente,P007,Cupcake Vainilla,Cupcakes,Vainilla,10,8000,3800,0.0,80000.0,Domicilio,Tarjeta,Completada,S002,Norte,Barranquilla,Atlántico,E002,Camila,Asesora,Diciembre,38000
V10296,2025-09-27 14:10:00,C019,Felipe Ortiz,Recurrente,P009,Brownie Clásico,Repostería,Chocolate,1,7000,3200,0.15,5950.0,Página Web,Tarjeta,Completada,S003,Soledad,Soledad,Atlántico,E002,Camila,Asesora,Septiembre,3200
V10208,2025-06-19 15:45:00,C019,Felipe Ortiz,Nuevo,P013,Croissant,Panadería,Tradicional,4,6500,2800,0.0,26000.0,Whatsapp,Nequi,Cancelada,S002,Norte,Barranquilla,Atlántico,E005,Daniel,Asesor,Junio,11200
V10232,2025-08-23 15:15:00,C017,Sebastian Ruiz,Nuevo,P011,Galleta Chispas,Galletas,Chocolate,2,4500,1900,0.0,9000.0,Whatsapp,Efectivo,Completada,S003,Soledad,Soledad,Atlántico,E006,Valentina,Asesora,Agosto,3800
V10962,2025-08-10 11:15:00,C003,Maria Gomez,Recurrente,P005,Torta tres Leches,Tortas,Leches,1,40000,21000,0.1,36000.0,Whatsapp,Tarjeta,Completada,S001,Centro,Barranquilla,Atlántico,E002,Camila,Asesora,Agosto,21000
V10283,2025-07-09 15:50:00,C018,Mariana Navarro,Recurrente,P017,Macaron Caja X6,Macarons,Variados,3,22000,11000,0.2,52800.0,Página Web,Transferencia,Completada,S001,Centro,Barranquilla,Atlántico,E005,Daniel,Asesor,Julio,33000
V10392,2025-04-02 15:45:00,C023,Juliana Torres,Recurrente,P011,Galleta Chispas,Galletas,Chocolate,1,4500,1900,0.0,4500.0,Página Web,Transferencia,Completada,S002,Norte,Barranquilla,Atlántico,E003,Mateo,Asesor,Abril,1900
V11208,2025-11-10 12:40:00,C011,Miguel Mendoza,Nuevo,P012,Galleta Avena,Galletas,Avena,2,4000,1700,0.0,8.0,Whatsapp,Transferencia,Completada,S003,Soledad,Soledad,Atlántico,E004,Sofia,Asesora,Noviembre,3400
V11181,2025-11-15 14:45:00,C016,Isabella Romero,Nuevo,P019,Caja Desayuno,Combos,Desayuno,3,32000,17000,0.0,96000.0,Tienda,Tarjeta,Completada,S004,Riomar,Barranquilla,Atlántico,E004,Sofia,Asesora,Noviembre,51000
V10476,2025-01-16 17:00:00,C027,Carolina Rojas,Recurrente,P010,Brownie Con Nueces,Repostería,Nueces,2,8500,4000,0.0,17000.0,Tienda,Nequi,Completada,S004,Riomar,Barranquilla,Atlántico,E001,Laura,Asesora,Enero,8000
V10393,2025-03-25 17:15:00,C012,Paula Jimenez,Nuevo,P012,Galleta Avena,Galletas,Avena,5,4000,1700,0.0,20000.0,Tienda,Tarjeta,Completada,S001,Centro,Barranquilla,Atlántico,E001,Laura,Asesora,Marzo,8500
V11176,2025-07-23 11:40:00,C016,Isabella Romero,Nuevo,P007,Cupcake Vainilla,Cupcakes,Vainilla,4,8000,3800,0.0,32000.0,Tienda,Transferencia,Completada,S003,Soledad,Soledad,Atlántico,E002,Camila,Asesora,Julio,15200
V10178,2025-02-05 17:20:00,C028,Tomas Castro,Nuevo,P011,Galleta Chispas,Galletas,Chocolate,4,4500,1900,0.1,16200.0,Tienda,Transferencia,Completada,S004,Riomar,Barranquilla,Atlántico,E004,Sofia,Asesora,Febrero,7600
V10088,2025-01-20 18:45:00,C027,Carolina Rojas,Nuevo,P014,Roll De Canela,Panadería,Canela,4,7500,3100,0.0,30000.0,Página Web,Transferencia,Completada,S002,Norte,Barranquilla,Atlántico,E001,Laura,Asesora,Enero,12400
V10859,2025-01-15 17:10:00,C025,Lucia Ramirez,Nuevo,P013,Croissant,Panadería,Tradicional,1,6500,2800,0.0,6500.0,Página Web,Daviplata,Completada,S003,Soledad,Soledad,Atlántico,E003,Mateo,Asesor,Enero,2800
V10523,2025-07-11 12:45:00,C010,Camila Castro,Recurrente,P004,Torta Red Velvet,Tortas,Red velvet,2,45000,24000,0.0,90000.0,Whatsapp,Efectivo,Completada,S002,Norte,Barranquilla,Atlántico,E003,Mateo,Asesor,Julio,48000
V10132,2025-12-17 16:10:00,C003,Maria Gomez,Recurrente,P012,Galleta Avena,Galletas,Avena,4,4000,1700,0.0,16000.0,Página Web,Efectivo,Completada,S004,Riomar,Barranquilla,Atlántico,E004,Sofia,Asesora,Diciembre,6800
V10391,2025-06-04 15:30:00,C010,Camila Castro,Recurrente,P019,Caja Desayuno,Combos,Desayuno,3,32000,17000,0.15,81600.0,Tienda,Nequi,Cancelada,S004,Riomar,Barranquilla,Atlántico,E004,Sofia,Asesora,Junio,51000
V10498,2025-05-25 12:20:00,C026,Ricardo Diaz,Valor no conocido,P009,Brownie Clásico,Repostería,Chocolate,6,7000,3200,0.15,35700.0,Whatsapp,Transferencia,Completada,S004,Riomar,Barranquilla,Atlántico,E005,Daniel,Asesor,Mayo,19200
V10627,2025-10-15 10:45:00,C010,Valor no conocido,Recurrente,P005,Torta tres Leches,Tortas,Leches,2,40000,21000,0.0,80000.0,Tienda,Tarjeta,Completada,S001,Centro,Barranquilla,Atlántico,E006,Valentina,Asesora,Octubre,42000
V11019,2025-11-11 14:50:00,C021,Natalia Perez,Recurrente,P009,Brownie Clásico,Repostería,Chocolate,2,7000,3200,0.0,14000.0,Instagram,Transferencia,Completada,S001,Centro,Barranquilla,Atlántico,E006,Valentina,Asesora,Noviembre,6400
V10016,2025-04-22 10:10:00,C019,Felipe Ortiz,Recurrente,P009,Brownie Clásico,Repostería,Chocolate,1,7000,3200,0.0,7000.0,Tienda,Efectivo,Completada,S004,Riomar,Barranquilla,Atlántico,E002,Camila,Asesora,Abril,3200
V10864,2025-01-16 12:20:00,C028,Tomas Castro,Nuevo,P001,Torta De Chocolate,Tortas,Chocolate,1,42000,22000,0.0,42000.0,Tienda,Transferencia,Cancelada,S002,Norte,Barranquilla,Atlántico,E004,Sofia,Asesora,Enero,22000
V10230,2025-06-24 13:20:00,C021,Natalia Perez,Corporativo,P001,Torta De Chocolate,Tortas,Chocolate,6,42000,22000,0.1,226.8,Página Web,Efectivo,Completada,S002,Norte,Barranquilla,Atlántico,E002,Camila,Asesora,Junio,132000
V11151,2025-10-12 19:10:00,C009,Valor no conocido,Recurrente,P008,Cupcake Red Velvet,Cupcakes,Red velvet,1,9500,4800,0.0,9500.0,Whatsapp,Transferencia,Completada,S003,Soledad,Soledad,Atlántico,E006,Valentina,Asesora,Octubre,4800
V10699,2025-07-24 12:20:00,C002,Carlos Perez,Nuevo,P006,Cupcake Chocolate,Cupcakes,Chocolate,3,8500,4200,0.0,25500.0,Tienda,Nequi,Completada,S001,Centro,Barranquilla,Atlántico,E006,Valentina,Asesora,Julio,12600
V11073,2025-03-02 15:20:00,C026,Ricardo Diaz,Nuevo,P006,Cupcake Chocolate,Cupcakes,Chocolate,2,8500,4200,0.0,17000.0,Tienda,Tarjeta,Completada,S001,Centro,Barranquilla,Atlántico,E003,Mateo,Asesor,Marzo,8400
V10025,2025-03-05 14:15:00,C010,Camila Castro,Recurrente,P006,Cupcake Chocolate,Cupcakes,Chocolate,2,8500,4200,0.0,17000.0,Tienda,Nequi,Completada,S003,Soledad,Soledad,Atlántico,E005,Daniel,Asesor,Marzo,8400
V11245,2025-04-27 15:30:00,C018,Mariana Navarro,Recurrente,P018,Macaron Caja X12,Macarons,Variados,4,40000,19500,0.0,152000.0,Instagram,Tarjeta,Completada,S002,Norte,Barranquilla,Atlántico,E002,Camila,Asesora,Abril,78000
V10162,2025-11-29 12:10:00,C012,Paula Jimenez,Recurrente,P011,Galleta Chispas,Galletas,Chocolate,2,4500,1900,0.0,9000.0,Tienda,Tarjeta,Completada,S001,Centro,Barranquilla,Atlántico,E005,Daniel,Asesor,Noviembre,3800
V10479,2025-12-14 09:40:00,C023,Juliana Torres,Recurrente,P010,Brownie Con Nueces,Repostería,Nueces,2,8500,4000,0.2,13600.0,Instagram,Nequi,Completada,S001,Centro,Barranquilla,Atlántico,E004,Sofia,Asesora,Diciembre,8000
V10173,2025-10-28 14:45:00,C009,Daniel Rojas,Nuevo,P013,Croissant,Panadería,Tradicional,5,6500,2800,0.0,32500.0,Domicilio,Tarjeta,Completada,S001,Centro,Barranquilla,Atlántico,E001,Laura,Asesora,Octubre,14000
V10553,2025-08-06 16:15:00,C005,Laura Hernandez,Recurrente,P006,Cupcake Chocolate,Cupcakes,Chocolate,1,8500,4200,0.0,8500.0,Página Web,Daviplata,Completada,S004,Riomar,Barranquilla,Atlántico,E004,Sofia,Asesora,Agosto,4200
V10739,2025-07-06 09:30:00,C006,Sofia Ramirez,Corporativo,P006,Cupcake Chocolate,Cupcakes,Chocolate,8,8500,4200,0.2,54400.0,Domicilio,Efectivo,Completada,S001,Centro,Barranquilla,Atlántico,E001,Laura,Asesora,Julio,33600
V11210,2025-02-12 18:45:00,C020,Gabriela Silva,Nuevo,P002,Torta De Vainilla,Tortas,Vainilla,2,38000,19500,0.15,64600.0,Whatsapp,Daviplata,Completada,S001,Centro,Barranquilla,Atlántico,E002,Camila,Asesora,Febrero,39000
V10903,2025-03-29 17:10:00,C027,Carolina Rojas,Nuevo,P006,Cupcake Chocolate,Cupcakes,Chocolate,2,8500,4200,0.0,17000.0,Tienda,Tarjeta,Completada,S004,Riomar,Barranquilla,Atlántico,E001,Laura,Asesora,Marzo,8400
V10932,2025-09-07 14:00:00,C011,Miguel Mendoza,Nuevo,P012,Galleta Avena,Galletas,Avena,4,4000,1700,0.0,16000.0,Tienda,Transferencia,Completada,S004,Riomar,Barranquilla,Atlántico,E006,Valentina,Asesora,Septiembre,6800
V10993,2025-01-24 09:40:00,C021,Natalia Perez,Nuevo,P013,Croissant,Panadería,Tradicional,3,6500,2800,0.0,19500.0,Tienda,Transferencia,Completada,S001,Centro,Barranquilla,Atlántico,E005,Daniel,Asesor,Enero,8400
V10153,2025-01-19 16:00:00,C012,Paula Jimenez,Recurrente,P011,Galleta Chispas,Galletas,Chocolate,3,4500,1900,0.1,12150.0,Instagram,Daviplata,Completada,S003,Soledad,Soledad,Atlántico,E005,Daniel,Asesor,Enero,5700
V10547,2025-11-20 20:50:00,C012,Paula Jimenez,Nuevo,P019,Caja Desayuno,Combos,Desayuno,1,32000,17000,0.0,32000.0,Tienda,Transferencia,Completada,S003,Soledad,Soledad,Atlántico,E003,Mateo,Asesor,Noviembre,17000
V10277,2025-07-04 12:30:00,C018,Mariana Navarro,Corporativo,P010,Brownie Con Nueces,Repostería,Nueces,3,8500,4000,0.2,20400.0,Whatsapp,Tarjeta,Completada,S002,Norte,Barranquilla,Atlántico,E003,Mateo,Asesor,Julio,12000
V10537,2025-07-16 15:40:00,C008,Valentina Diaz,Recurrente,P010,Brownie Con Nueces,Repostería,Nueces,2,8500,4000,0.0,17000.0,Domicilio,Transferencia,Completada,S003,Soledad,Soledad,Atlántico,E002,Camila,Asesora,Julio,8000
V10117,2025-12-01 16:20:00,C029,Manuela Mendoza,Nuevo,P010,Brownie Con Nueces,Repostería,Nueces,2,8500,4000,0.0,17000.0,Página Web,Tarjeta,Completada,S004,Riomar,Barranquilla,Atlántico,E005,Daniel,Asesor,Diciembre,8000
V10358,2025-08-14 11:50:00,C030,Samuel Jimenez,Nuevo,P013,Croissant,Panadería,Tradicional,1,6500,2800,0.0,6500.0,Instagram,Efectivo,Completada,S001,Centro,Barranquilla,Atlántico,E006,Valentina,Asesora,Agosto,2800
V10820,2025-06-05 18:40:00,C012,Paula Jimenez,Corporativo,P014,Roll De Canela,Panadería,Canela,8,7500,3100,0.1,54000.0,Página Web,Transferencia,Completada,S002,Norte,Barranquilla,Atlántico,E001,Laura,Asesora,Junio,24800
V10072,2025-03-06 08:15:00,C007,Andres Torres,Nuevo,P002,Torta De Vainilla,Tortas,Vainilla,3,38000,19500,0.0,114000.0,Tienda,Tarjeta,Completada,S003,Soledad,Soledad,Atlántico,E002,Camila,Asesora,Marzo,58500
V10605,2025-01-28 14:20:00,C001,Valor no conocido,Corporativo,P006,Cupcake Chocolate,Cupcakes,Chocolate,6,8500,4200,0.15,43350.0,Tienda,Tarjeta,Completada,S001,Centro,Barranquilla,Atlántico,E006,Valentina,Asesora,Enero,25200
V10041,2025-01-15 08:20:00,C011,Miguel Mendoza,Nuevo,P011,Galleta Chispas,Galletas,Chocolate,1,4500,1900,0.0,4500.0,Página Web,Tarjeta,Completada,S002,Norte,Barranquilla,Atlántico,E001,Laura,Asesora,Enero,1900
V10963,2025-02-07 18:40:00,C004,Juan Martinez,Nuevo,P014,Roll De Canela,Panadería,Canela,2,7500,3100,0.0,15000.0,Tienda,Nequi,Completada,S001,Centro,Barranquilla,Atlántico,E004,Sofia,Asesora,Febrero,6200
V10123,2025-10-02 10:15:00,C011,Miguel Mendoza,Recurrente,P006,Cupcake Chocolate,Cupcakes,Chocolate,2,8500,4200,0.0,17000.0,Instagram,Nequi,Completada,S001,Centro,Barranquilla,Atlántico,E005,Daniel,Asesor,Octubre,8400
V10720,2025-09-03 15:50:00,C023,Juliana Torres,Recurrente,P011,Galleta Chispas,Galletas,Chocolate,1,4500,1900,0.2,3600.0,Tienda,Transferencia,Devuelta,S002,Norte,Barranquilla,Atlántico,E006,Valentina,Asesora,Septiembre,1900
V10986,2025-10-04 17:20:00,C008,Valentina Diaz,Nuevo,P011,Galleta Chispas,Galletas,Chocolate,2,4500,1900,0.0,9000.0,Domicilio,Transferencia,Completada,S002,Norte,Barranquilla,Atlántico,E005,Daniel,Asesor,Octubre,3800
V11109,2025-07-18 20:50:00,C026,Ricardo Diaz,Nuevo,P007,Cupcake Vainilla,Cupcakes,Vainilla,1,8000,3800,0.0,8000.0,Whatsapp,Transferencia,Completada,S002,Norte,Barranquilla,Atlántico,E005,Daniel,Asesor,Julio,3800
V11021,2025-12-30 17:30:00,C012,Paula Jimenez,Valor no conocido,P015,Tarta De Manzana,Tartas,Manzana,2,18000,9000,0.0,36000.0,Whatsapp,Daviplata,Completada,S002,Norte,Barranquilla,Atlántico,E003,Mateo,Asesor,Diciembre,18000
V10788,2025-11-15 15:15:00,C026,Ricardo Diaz,Nuevo,P006,Cupcake Chocolate,Cupcakes,Chocolate,1,8500,4200,0.2,6800.0,Whatsapp,Nequi,Completada,S002,Norte,Barranquilla,Atlántico,E002,Camila,Asesora,Noviembre,4200
V11063,2025-01-22 15:50:00,C020,Gabriela Silva,Recurrente,P011,Galleta Chispas,Galletas,Chocolate,3,4500,1900,0.0,13500.0,Tienda,Nequi,Completada,S001,Centro,Barranquilla,Atlántico,E006,Valentina,Asesora,Enero,5700
V11273,2025-05-20 13:20:00,C027,Carolina Rojas,Nuevo,P001,Torta De Chocolate,Tortas,Chocolate,4,42000,22000,0.1,151200.0,Domicilio,Tarjeta,Completada,S002,Norte,Barranquilla,Atlántico,E002,Camila,Asesora,Mayo,88000
V11135,2025-01-21 15:20:00,C029,Manuela Mendoza,Nuevo,P006,Cupcake Chocolate,Cupcakes,Chocolate,2,8500,4200,0.0,17000.0,Tienda,Efectivo,Completada,S003,Soledad,Soledad,Atlántico,E001,Laura,Asesora,Enero,8400
V10145,2025-04-27 10:15:00,C013,Nicolas Vargas,Nuevo,P005,Torta tres Leches,Tortas,Leches,2,40000,21000,0.0,80000.0,Instagram,Efectivo,Completada,S002,Norte,Barranquilla,Atlántico,E004,Sofia,Asesora,Abril,42000
V10910,2025-08-29 15:50:00,C029,Manuela Mendoza,Nuevo,P006,Cupcake Chocolate,Cupcakes,Chocolate,1,8500,4200,0.05,8075.0,Domicilio,Transferencia,Completada,S004,Riomar,Barranquilla,Atlántico,E005,Daniel,Asesor,Agosto,4200
V11079,2025-12-25 16:20:00,C006,Sofia Ramirez,Nuevo,P011,Galleta Chispas,Galletas,Chocolate,6,4500,1900,0.0,27000.0,Página Web,Transferencia,Completada,S001,Centro,Barranquilla,Atlántico,E006,Valentina,Asesora,Diciembre,11400
V10389,2025-12-30 14:10:00,C024,Valor no conocido,Recurrente,P016,Tarta De Limón,Tartas,Limón,1,18000,8800,0.0,18000.0,Domicilio,Efectivo,Completada,S002,Norte,Barranquilla,Atlántico,E001,Laura,Asesora,Diciembre,8800
V10461,2025-10-27 18:10:00,C014,Sara Moreno,Corporativo,P006,Cupcake Chocolate,Cupcakes,Chocolate,8,8500,4200,0.15,57800.0,Página Web,Tarjeta,Completada,S002,Norte,Barranquilla,Atlántico,E006,Valentina,Asesora,Octubre,33600
V10912,2025-11-22 12:20:00,C005,Laura Hernandez,Recurrente,P013,Croissant,Panadería,Tradicional,1,6500,2800,0.0,6500.0,Instagram,Tarjeta,Completada,S001,Centro,Barranquilla,Atlántico,E004,Sofia,Asesora,Noviembre,2800
V10295,2025-07-07 10:45:00,C023,Juliana Torres,Nuevo,P011,Galleta Chispas,Galletas,Chocolate,5,4500,1900,0.0,22500.0,Tienda,Transferencia,Completada,S001,Centro,Barranquilla,Atlántico,E003,Mateo,Asesor,Julio,9500
V10585,2025-08-24 14:00:00,C028,Tomas Castro,Recurrente,P010,Brownie Con Nueces,Repostería,Nueces,5,8500,4000,0.0,42500.0,Whatsapp,Tarjeta,Completada,S001,Centro,Barranquilla,Atlántico,E006,Valentina,Asesora,Agosto,20000
V10348,2025-11-09 18:00:00,C016,Isabella Romero,Recurrente,P009,Brownie Clásico,Repostería,Chocolate,2,7000,3200,0.0,14.0,Instagram,Nequi,Completada,S001,Centro,Barranquilla,Atlántico,E004,Sofia,Asesora,Noviembre,6400
V11020,2025-03-20 08:15:00,C005,Laura Hernandez,Nuevo,P016,Tarta De Limón,Tartas,Limón,2,18000,8800,0.0,36000.0,Whatsapp,Nequi,Completada,S004,Riomar,Barranquilla,Atlántico,E006,Valentina,Asesora,Marzo,17600
V11039,2025-12-03 14:20:00,C024,Mateo Hernandez,Nuevo,P004,Torta Red Velvet,Tortas,Red velvet,1,45000,24000,0.0,45000.0,Domicilio,Nequi,Completada,S002,Norte,Barranquilla,Atlántico,E002,Camila,Asesora,Diciembre,24000
V10281,2025-05-26 20:30:00,C005,Valor no conocido,Nuevo,P011,Galleta Chispas,Galletas,Chocolate,4,4500,1900,0.0,18000.0,Tienda,Transferencia,Completada,S002,Norte,Barranquilla,Atlántico,E005,Daniel,Asesor,Mayo,7600
V11203,2025-12-19 16:50:00,C013,Nicolas Vargas,Recurrente,P012,Galleta Avena,Galletas,Avena,1,4000,1700,0.0,4000.0,Tienda,Transferencia,Cancelada,S002,Norte,Barranquilla,Atlántico,E005,Daniel,Asesor,Diciembre,1700
V10448,2025-06-20 09:45:00,C021,Natalia Perez,Recurrente,P012,Galleta Avena,Galletas,Avena,1,4000,1700,0.0,4000.0,Whatsapp,Transferencia,Completada,S001,Centro,Barranquilla,Atlántico,E004,Sofia,Asesora,Junio,1700
V11067,2025-10-07 15:15:00,C026,Ricardo Diaz,Nuevo,P009,Brownie Clásico,Repostería,Chocolate,1,7000,3200,0.0,7000.0,Página Web,Transferencia,Completada,S004,Riomar,Barranquilla,Atlántico,E001,Laura,Asesora,Octubre,3200
V10593,2025-04-04 13:15:00,C005,Laura Hernandez,Recurrente,P008,Cupcake Red Velvet,Cupcakes,Red velvet,2,9500,4800,0.0,19000.0,Tienda,Tarjeta,Completada,S002,Norte,Barranquilla,Atlántico,E001,Laura,Asesora,Abril,9600
V11116,2025-02-14 11:00:00,C014,Sara Moreno,Nuevo,P011,Galleta Chispas,Galletas,Chocolate,4,4500,1900,0.0,18000.0,Página Web,Tarjeta,Completada,S002,Norte,Barranquilla,Atlántico,E001,Laura,Asesora,Febrero,7600
V11128,2025-01-15 17:00:00,C022,Alejandro Gomez,Recurrente,P013,Croissant,Panadería,Tradicional,1,6500,2800,0.0,6500.0,Tienda,Tarjeta,Completada,S004,Riomar,Barranquilla,Atlántico,E002,Camila,Asesora,Enero,2800
V10509,2025-05-20 15:10:00,C012,Paula Jimenez,Nuevo,P013,Croissant,Panadería,Tradicional,3,6500,2800,0.0,19500.0,Domicilio,Transferencia,Completada,S001,Centro,Barranquilla,Atlántico,E004,Sofia,Asesora,Mayo,8400
V11255,2025-07-07 12:40:00,C010,Camila Castro,Nuevo,P007,Cupcake Vainilla,Cupcakes,Vainilla,1,8000,3800,0.0,8000.0,Instagram,Nequi,Completada,S003,Soledad,Soledad,Atlántico,E001,Laura,Asesora,Julio,3800
V10188,2025-11-01 20:45:00,C029,Valor no conocido,Recurrente,P008,Cupcake Red Velvet,Cupcakes,Red velvet,1,9500,4800,0.0,9500.0,Domicilio,Tarjeta,Completada,S004,Riomar,Barranquilla,Atlántico,E006,Valentina,Asesora,Noviembre,4800
V10734,2025-04-19 14:40:00,C022,Alejandro Gomez,Nuevo,P012,Galleta Avena,Galletas,Avena,2,4000,1700,0.0,8000.0,Tienda,Daviplata,Completada,S004,Riomar,Barranquilla,Atlántico,E003,Mateo,Asesor,Abril,3400
V10482,2025-02-02 15:40:00,C004,Juan Martinez,Nuevo,P006,Cupcake Chocolate,Cupcakes,Chocolate,1,8500,4200,0.0,8500.0,Tienda,Nequi,Completada,S003,Soledad,Soledad,Atlántico,E001,Laura,Asesora,Febrero,4200
V10547,2025-06-20 12:30:00,C005,Laura Hernandez,Recurrente,P005,Torta tres Leches,Tortas,Leches,1,40000,21000,0.0,40000.0,Tienda,Tarjeta,Completada,S003,Soledad,Soledad,Atlántico,E005,Daniel,Asesor,Junio,21000
V10694,2025-08-10 08:15:00,C023,Juliana Torres,Recurrente,P016,Tarta De Limón,Tartas,Limón,1,18000,8800,0.0,18000.0,Domicilio,Transferencia,Completada,S001,Centro,Barranquilla,Atlántico,E005,Daniel,Asesor,Agosto,8800
V11258,2025-01-18 13:40:00,C020,Gabriela Silva,Corporativo,P014,Roll De Canela,Panadería,Canela,6,7500,3100,0.0,45000.0,Instagram,Tarjeta,Completada,S004,Riomar,Barranquilla,Atlántico,E001,Laura,Asesora,Enero,18600
V10395,2025-01-07 17:10:00,C010,Camila Castro,Nuevo,P012,Galleta Avena,Galletas,Avena,2,4000,1700,0.1,7200.0,Tienda,Daviplata,Completada,S001,Centro,Barranquilla,Atlántico,E004,Sofia,Asesora,Enero,3400
V10355,2025-04-23 16:10:00,C009,Daniel Rojas,Nuevo,P013,Croissant,Panadería,Tradicional,1,6500,2800,0.0,6500.0,Tienda,Daviplata,Completada,S003,Soledad,Soledad,Atlántico,E001,Laura,Asesora,Abril,2800
V11222,2025-11-15 13:30:00,C020,Gabriela Silva,Nuevo,P001,Torta De Chocolate,Tortas,Chocolate,1,42000,22000,0.2,33600.0,Whatsapp,Transferencia,Completada,S001,Centro,Barranquilla,Atlántico,E003,Mateo,Asesor,Noviembre,22000
V11112,2025-05-29 15:15:00,C022,Alejandro Gomez,Recurrente,P013,Croissant,Panadería,Tradicional,2,6500,2800,0.1,11700.0,Whatsapp,Tarjeta,Completada,S003,Soledad,Soledad,Atlántico,E004,Sofia,Asesora,Mayo,5600
V10250,2025-06-12 08:20:00,C011,Miguel Mendoza,Recurrente,P014,Roll De Canela,Panadería,Canela,1,7500,3100,0.0,7500.0,Instagram,Transferencia,Completada,S002,Norte,Barranquilla,Atlántico,E002,Camila,Asesora,Junio,3100
V10918,2025-12-31 16:30:00,C002,Carlos Perez,Nuevo,P005,Torta tres Leches,Tortas,Leches,1,40000,21000,0.0,40000.0,Whatsapp,Efectivo,Completada,S002,Norte,Barranquilla,Atlántico,E003,Mateo,Asesor,Diciembre,21000
V10352,2025-12-25 14:45:00,C006,Sofia Ramirez,Recurrente,P004,Torta Red Velvet,Tortas,Red velvet,4,45000,24000,0.1,162000.0,Tienda,Efectivo,Completada,S001,Centro,Barranquilla,Atlántico,E002,Camila,Asesora,Diciembre,96000
V10807,2025-06-16 14:15:00,C021,Natalia Perez,Nuevo,P013,Croissant,Panadería,Tradicional,3,6500,2800,0.0,19500.0,Tienda,Nequi,Completada,S002,Norte,Barranquilla,Atlántico,E004,Sofia,Asesora,Junio,8400
V10322,2025-10-24 11:30:00,C002,Carlos Perez,Nuevo,P013,Croissant,Panadería,Tradicional,1,6500,2800,0.2,5200.0,Whatsapp,Tarjeta,Completada,S002,Norte,Barranquilla,Atlántico,E003,Mateo,Asesor,Octubre,2800
V10345,2025-03-12 17:45:00,C014,Sara Moreno,Recurrente,P010,Brownie Con Nueces,Repostería,Nueces,4,8500,4000,0.0,34000.0,Instagram,Daviplata,Completada,S003,Soledad,Soledad,Atlántico,E003,Mateo,Asesor,Marzo,16000
V10301,2025-10-20 17:10:00,C030,Samuel Jimenez,Nuevo,P004,Torta Red Velvet,Tortas,Red velvet,1,45000,24000,0.0,45000.0,Tienda,Transferencia,Completada,S002,Norte,Barranquilla,Atlántico,E005,Daniel,Asesor,Octubre,24000
V10045,2025-05-08 15:45:00,C025,Lucia Ramirez,Nuevo,P011,Galleta Chispas,Galletas,Chocolate,2,4500,1900,0.0,9000.0,Instagram,Nequi,Completada,S001,Centro,Barranquilla,Atlántico,E003,Mateo,Asesor,Mayo,3800
V10992,2025-01-21 18:15:00,C010,Camila Castro,Recurrente,P019,Caja Desayuno,Combos,Desayuno,1,32000,17000,0.15,27200.0,Whatsapp,Valor no conocido,Completada,S001,Centro,Barranquilla,Atlántico,E004,Sofia,Asesora,Enero,17000
V10829,2025-06-14 17:00:00,C005,Laura Hernandez,Recurrente,P005,Torta tres Leches,Tortas,Leches,2,40000,21000,0.2,64000.0,Tienda,Efectivo,Completada,S002,Norte,Barranquilla,Atlántico,E005,Daniel,Asesor,Junio,42000
V10510,2025-12-20 08:00:00,C002,Carlos Perez,Recurrente,P005,Torta tres Leches,Tortas,Leches,1,40000,21000,0.0,40000.0,Whatsapp,Tarjeta,Completada,S002,Norte,Barranquilla,Atlántico,E001,Laura,Asesora,Diciembre,21000
V10253,2025-08-26 15:50:00,C003,Maria Gomez,Nuevo,P001,Torta De Chocolate,Tortas,Chocolate,2,42000,22000,0.0,84000.0,Instagram,Nequi,Completada,S002,Norte,Barranquilla,Atlántico,E002,Camila,Asesora,Agosto,44000
V10780,2025-02-13 12:00:00,C026,Ricardo Diaz,Nuevo,P011,Galleta Chispas,Galletas,Chocolate,2,4500,1900,0.0,9000.0,Domicilio,Tarjeta,Completada,S003,Soledad,Soledad,Atlántico,E002,Camila,Asesora,Febrero,3800
V10837,2025-11-16 12:10:00,C019,Felipe Ortiz,Recurrente,P006,Cupcake Chocolate,Cupcakes,Chocolate,2,8500,4200,0.0,17000.0,Tienda,Tarjeta,Completada,S004,Riomar,Barranquilla,Atlántico,E005,Daniel,Asesor,Noviembre,8400
V10460,2025-02-20 15:45:00,C014,Sara Moreno,Recurrente,P013,Croissant,Panadería,Tradicional,1,6500,2800,0.0,6500.0,Tienda,Nequi,Completada,S001,Centro,Barranquilla,Atlántico,E003,Mateo,Asesor,Febrero,2800
V10091,2025-05-26 19:50:00,C026,Ricardo Diaz,Nuevo,P002,Torta De Vainilla,Tortas,Vainilla,2,38000,19500,0.0,76000.0,Tienda,Nequi,Completada,S003,Soledad,Soledad,Atlántico,E004,Sofia,Asesora,Mayo,39000
V10430,2025-09-11 12:30:00,C014,Sara Moreno,Recurrente,P019,Caja Desayuno,Combos,Desayuno,2,32000,17000,0.0,64000.0,Domicilio,Valor no conocido,Completada,S002,Norte,Barranquilla,Atlántico,E003,Mateo,Asesor,Septiembre,34000
V11251,2025-11-13 14:20:00,C028,Tomas Castro,Corporativo,P017,Macaron Caja X6,Macarons,Variados,4,22000,11000,0.1,79200.0,Domicilio,Transferencia,Completada,S003,Soledad,Soledad,Atlántico,E002,Camila,Asesora,Noviembre,44000
V10083,2025-10-16 14:50:00,C015,Diego Suarez,Recurrente,P001,Torta De Chocolate,Tortas,Chocolate,4,42000,22000,0.0,168000.0,Instagram,Daviplata,Cancelada,S003,Soledad,Soledad,Atlántico,E004,Sofia,Asesora,Octubre,88000
V10449,2025-09-20 15:50:00,C020,Gabriela Silva,Corporativo,P011,Galleta Chispas,Galletas,Chocolate,8,4500,1900,0.15,30600.0,Tienda,Efectivo,Completada,S002,Norte,Barranquilla,Atlántico,E005,Daniel,Asesor,Septiembre,15200
V11009,2025-12-14 14:40:00,C020,Gabriela Silva,Nuevo,P002,Torta De Vainilla,Tortas,Vainilla,1,38000,19500,0.0,38000.0,Tienda,Tarjeta,Cancelada,S001,Centro,Barranquilla,Atlántico,E004,Sofia,Asesora,Diciembre,19500
V11193,2025-10-31 18:30:00,C014,Sara Moreno,Nuevo,P006,Cupcake Chocolate,Cupcakes,Chocolate,3,8500,4200,0.0,25500.0,Página Web,Tarjeta,Completada,S002,Norte,Barranquilla,Atlántico,E001,Laura,Asesora,Octubre,12600
V10215,2025-06-02 13:15:00,C028,Tomas Castro,Recurrente,P012,Galleta Avena,Galletas,Avena,1,4000,1700,0.0,4000.0,Tienda,Tarjeta,Completada,S002,Norte,Barranquilla,Atlántico,E001,Laura,Asesora,Junio,1700
V10672,2025-10-07 09:30:00,C026,Ricardo Diaz,Nuevo,P019,Caja Desayuno,Combos,Desayuno,8,32000,17000,0.0,256000.0,Instagram,Transferencia,Completada,S003,Soledad,Soledad,Atlántico,E005,Daniel,Asesor,Octubre,136000
V10240,2025-03-21 14:40:00,C030,Valor no conocido,Nuevo,P014,Roll De Canela,Panadería,Canela,1,7500,3100,0.0,7500.0,Domicilio,Transferencia,Completada,S001,Centro,Barranquilla,Atlántico,E005,Daniel,Asesor,Marzo,3100
V10988,2025-10-02 19:00:00,C024,Mateo Hernandez,Nuevo,P011,Galleta Chispas,Galletas,Chocolate,1,4500,1900,0.0,4500.0,Tienda,Nequi,Completada,S002,Norte,Barranquilla,Atlántico,E005,Daniel,Asesor,Octubre,1900
V10377,2025-07-27 17:20:00,C028,Tomas Castro,Nuevo,P012,Galleta Avena,Galletas,Avena,2,4000,1700,0.15,6800.0,Instagram,Nequi,Completada,S001,Centro,Barranquilla,Atlántico,E006,Valentina,Asesora,Julio,3400
V10856,2025-12-20 12:45:00,C015,Diego Suarez,Recurrente,P015,Tarta De Manzana,Tartas,Manzana,1,18000,9000,0.0,18000.0,Página Web,Daviplata,Completada,S002,Norte,Barranquilla,Atlántico,E004,Sofia,Asesora,Diciembre,9000
V10662,2025-05-10 16:10:00,C022,Alejandro Gomez,Nuevo,P017,Macaron Caja X6,Macarons,Variados,1,22000,11000,0.0,22000.0,Valor no conocido,Nequi,Completada,S002,Norte,Barranquilla,Atlántico,E002,Camila,Asesora,Mayo,11000
V10767,2025-05-23 17:50:00,C007,Andres Torres,Recurrente,P018,Macaron Caja X12,Macarons,Variados,5,40000,19500,0.0,200000.0,Domicilio,Efectivo,Completada,S001,Centro,Barranquilla,Atlántico,E004,Sofia,Asesora,Mayo,97500
V11179,2025-08-08 11:45:00,C009,Daniel Rojas,Nuevo,P005,Torta tres Leches,Tortas,Leches,2,40000,21000,0.0,80000.0,Domicilio,Tarjeta,Completada,S004,Riomar,Barranquilla,Atlántico,E005,Daniel,Asesor,Agosto,42000
V10307,2025-01-08 13:50:00,C026,Ricardo Diaz,Nuevo,P001,Torta De Chocolate,Tortas,Chocolate,2,42000,22000,0.0,84000.0,Tienda,Tarjeta,Completada,S002,Norte,Barranquilla,Atlántico,E005,Daniel,Asesor,Enero,44000
V10231,2025-03-03 16:10:00,C013,Nicolas Vargas,Nuevo,P010,Brownie Con Nueces,Repostería,Nueces,3,8500,4000,0.0,25500.0,Tienda,Valor no conocido,Completada,S004,Riomar,Barranquilla,Atlántico,E004,Sofia,Asesora,Marzo,12000
V11231,2025-12-15 09:00:00,C005,Laura Hernandez,Recurrente,P007,Cupcake Vainilla,Cupcakes,Vainilla,1,8000,3800,0.0,8000.0,Whatsapp,Daviplata,Completada,S004,Riomar,Barranquilla,Atlántico,E005,Daniel,Asesor,Diciembre,3800
V10919,2025-03-19 10:50:00,C019,Felipe Ortiz,Nuevo,P012,Galleta Avena,Galletas,Avena,5,4000,1700,0.0,20.0,Tienda,Efectivo,Completada,S002,Norte,Barranquilla,Atlántico,E002,Camila,Asesora,Marzo,8500
V11155,2025-06-19 19:40:00,C013,Nicolas Vargas,Recurrente,P011,Galleta Chispas,Galletas,Chocolate,4,4500,1900,0.0,18000.0,Página Web,Tarjeta,Completada,S003,Soledad,Soledad,Atlántico,E002,Camila,Asesora,Junio,7600
V10095,2025-03-13 14:50:00,C016,Isabella Romero,Nuevo,P014,Roll De Canela,Panadería,Canela,2,7500,3100,0.0,15000.0,Whatsapp,Nequi,Completada,S001,Centro,Barranquilla,Atlántico,E005,Daniel,Asesor,Marzo,6200
V10258,2025-07-19 17:45:00,C001,Ana Rodriguez,Recurrente,P011,Galleta Chispas,Galletas,Chocolate,3,4500,1900,0.15,11475.0,Whatsapp,Transferencia,Completada,S004,Riomar,Barranquilla,Atlántico,E005,Daniel,Asesor,Julio,5700
V10236,2025-12-16 16:20:00,C027,Carolina Rojas,Nuevo,P014,Roll De Canela,Panadería,Canela,3,7500,3100,0.0,22500.0,Tienda,Transferencia,Completada,S001,Centro,Barranquilla,Atlántico,E006,Valentina,Asesora,Diciembre,9300
V10493,2025-02-03 13:00:00,C029,Manuela Mendoza,Recurrente,P006,Cupcake Chocolate,Cupcakes,Chocolate,3,8500,4200,0.0,25500.0,Tienda,Tarjeta,Completada,S001,Centro,Barranquilla,Atlántico,E005,Daniel,Asesor,Febrero,12600
V10659,2025-12-04 15:30:00,C013,Nicolas Vargas,Nuevo,P010,Brownie Con Nueces,Repostería,Nueces,4,8500,4000,0.0,34000.0,Whatsapp,Daviplata,Completada,S002,Norte,Barranquilla,Atlántico,E002,Camila,Asesora,Diciembre,16000
V10625,2025-09-19 13:15:00,C014,Sara Moreno,Nuevo,P012,Galleta Avena,Galletas,Avena,4,4000,1700,0.0,16000.0,Instagram,Daviplata,Completada,S001,Centro,Barranquilla,Atlántico,E003,Mateo,Asesor,Septiembre,6800
V10283,2025-07-19 20:20:00,C010,Camila Castro,Corporativo,P012,Galleta Avena,Galletas,Avena,3,4000,1700,0.1,10800.0,Página Web,Transferencia,Completada,S003,Soledad,Soledad,Atlántico,E006,Valentina,Asesora,Julio,5100
V11214,2025-05-01 14:45:00,C001,Ana Rodriguez,Corporativo,P013,Croissant,Panadería,Tradicional,4,6500,2800,0.2,20800.0,Domicilio,Nequi,Completada,S002,Norte,Barranquilla,Atlántico,E002,Camila,Asesora,Mayo,11200
V10169,2025-02-06 10:00:00,C003,Maria Gomez,Recurrente,P005,Torta tres Leches,Tortas,Leches,1,40000,21000,0.1,36000.0,Tienda,Nequi,Completada,S001,Centro,Barranquilla,Atlántico,E005,Daniel,Asesor,Febrero,21000
V10111,2025-01-27 16:20:00,C006,Sofia Ramirez,Recurrente,P019,Caja Desayuno,Combos,Desayuno,3,32000,17000,0.0,96000.0,Página Web,Tarjeta,Completada,S002,Norte,Barranquilla,Atlántico,E001,Laura,Asesora,Enero,51000
V10973,2025-05-18 09:50:00,C011,Miguel Mendoza,Nuevo,P014,Roll De Canela,Panadería,Canela,1,7500,3100,0.0,7.5,Tienda,Tarjeta,Completada,S002,Norte,Barranquilla,Atlántico,E001,Laura,Asesora,Mayo,3100
V10872,2025-08-26 14:50:00,C021,Natalia Perez,Nuevo,P001,Torta De Chocolate,Tortas,Chocolate,4,42000,22000,0.05,159600.0,Domicilio,Tarjeta,Completada,S001,Centro,Barranquilla,Atlántico,E006,Valentina,Asesora,Agosto,88000
V10586,2025-03-17 11:10:00,C010,Camila Castro,Nuevo,P020,Caja Regalo Dulce,Combos,Regalo,4,52000,28500,0.0,208000.0,Whatsapp,Nequi,Completada,S002,Norte,Barranquilla,Atlántico,E003,Mateo,Asesor,Marzo,114000
V11028,2025-06-19 14:50:00,C030,Samuel Jimenez,Recurrente,P013,Croissant,Panadería,Tradicional,1,6500,2800,0.0,6500.0,Tienda,Tarjeta,Completada,S002,Norte,Barranquilla,Atlántico,E003,Mateo,Asesor,Junio,2800
V10873,2025-07-18 10:10:00,C015,Diego Suarez,Corporativo,P015,Tarta De Manzana,Tartas,Manzana,4,18000,9000,0.0,72000.0,Domicilio,Transferencia,Completada,S003,Soledad,Soledad,Atlántico,E001,Laura,Asesora,Julio,36000
V10468,2025-07-28 13:45:00,C002,Carlos Perez,Recurrente,P011,Galleta Chispas,Galletas,Chocolate,1,4500,1900,0.0,4500.0,Tienda,Efectivo,Completada,S003,Soledad,Soledad,Atlántico,E001,Laura,Asesora,Julio,1900
V10814,2025-07-02 17:50:00,C023,Juliana Torres,Valor no conocido,P001,Torta De Chocolate,Tortas,Chocolate,4,42000,22000,0.0,168000.0,Domicilio,Tarjeta,Completada,S001,Centro,Barranquilla,Atlántico,E005,Daniel,Asesor,Julio,88000
V10756,2025-11-05 12:50:00,C008,Valentina Diaz,Recurrente,P016,Tarta De Limón,Tartas,Limón,8,18000,8800,0.0,144000.0,Whatsapp,Efectivo,Completada,S002,Norte,Barranquilla,Atlántico,E006,Valentina,Asesora,Noviembre,70400
V10008,2025-07-11 10:10:00,C018,Mariana Navarro,Corporativo,P001,Torta De Chocolate,Tortas,Chocolate,5,42000,22000,0.0,178500.0,Instagram,Valor no conocido,Completada,S003,Soledad,Soledad,Atlántico,E001,Laura,Asesora,Julio,110000
V10652,2025-10-27 16:15:00,C024,Mateo Hernandez,Recurrente,P016,Tarta De Limón,Tartas,Limón,3,18000,8800,0.0,54000.0,Whatsapp,Transferencia,Completada,S003,Soledad,Soledad,Atlántico,E003,Mateo,Asesor,Octubre,26400
V10225,2025-11-26 17:00:00,C027,Carolina Rojas,Nuevo,P008,Cupcake Red Velvet,Cupcakes,Red velvet,2,9500,4800,0.0,19000.0,Página Web,Transferencia,Completada,S002,Norte,Barranquilla,Atlántico,E001,Laura,Asesora,Noviembre,9600
V10230,2025-10-15 17:15:00,C019,Felipe Ortiz,Corporativo,P001,Torta De Chocolate,Tortas,Chocolate,6,42000,22000,0.1,226800.0,Domicilio,Tarjeta,Completada,S002,Norte,Barranquilla,Atlántico,E003,Mateo,Asesor,Octubre,132000
V10495,2025-01-22 13:10:00,C020,Gabriela Silva,Nuevo,P006,Cupcake Chocolate,Cupcakes,Chocolate,2,8500,4200,0.0,17000.0,Whatsapp,Tarjeta,Completada,S002,Norte,Barranquilla,Atlántico,E003,Mateo,Asesor,Enero,8400
V10452,2025-01-17 09:30:00,C011,Miguel Mendoza,Nuevo,P011,Galleta Chispas,Galletas,Chocolate,2,4500,1900,0.0,9000.0,Tienda,Tarjeta,Completada,S004,Riomar,Barranquilla,Atlántico,E002,Camila,Asesora,Enero,3800
V10102,2025-05-09 12:40:00,C018,Mariana Navarro,Nuevo,P010,Brownie Con Nueces,Repostería,Nueces,2,8500,4000,0.0,17000.0,Instagram,Valor no conocido,Completada,S001,Centro,Barranquilla,Atlántico,E005,Daniel,Asesor,Mayo,8000
V10263,2025-03-10 17:10:00,C025,Lucia Ramirez,Nuevo,P007,Cupcake Vainilla,Cupcakes,Vainilla,4,8000,3800,0.0,32000.0,Tienda,Nequi,Completada,S001,Centro,Barranquilla,Atlántico,E005,Daniel,Asesor,Marzo,15200
V10976,2025-08-31 16:15:00,C030,Samuel Jimenez,Nuevo,P011,Galleta Chispas,Galletas,Chocolate,1,4500,1900,0.0,4500.0,Página Web,Tarjeta,Completada,S002,Norte,Barranquilla,Atlántico,E006,Valentina,Asesora,Agosto,1900
V11007,2025-12-25 12:20:00,C003,Maria Gomez,Recurrente,P012,Galleta Avena,Galletas,Avena,1,4000,1700,0.0,4000.0,Whatsapp,Valor no conocido,Completada,S004,Riomar,Barranquilla,Atlántico,E001,Laura,Asesora,Diciembre,1700
V10554,2025-03-20 13:10:00,C026,Ricardo Diaz,Nuevo,P007,Cupcake Vainilla,Cupcakes,Vainilla,1,8000,3800,0.05,7600.0,Instagram,Efectivo,Completada,S002,Norte,Barranquilla,Atlántico,E003,Mateo,Asesor,Marzo,3800
V10452,2025-05-17 14:45:00,C025,Lucia Ramirez,Nuevo,P011,Galleta Chispas,Galletas,Chocolate,2,4500,1900,0.0,9000.0,Tienda,Nequi,Completada,S002,Norte,Barranquilla,Atlántico,E004,Sofia,Asesora,Mayo,3800
V10759,2025-05-05 14:50:00,C007,Andres Torres,Nuevo,P008,Cupcake Red Velvet,Cupcakes,Red velvet,1,9500,4800,0.0,9500.0,Instagram,Transferencia,Completada,S003,Soledad,Soledad,Atlántico,E003,Mateo,Asesor,Mayo,4800
V10594,2025-11-25 13:30:00,C025,Lucia Ramirez,Nuevo,P017,Macaron Caja X6,Macarons,Variados,1,22000,11000,0.0,22000.0,Whatsapp,Valor no conocido,Completada,S001,Centro,Barranquilla,Atlántico,E006,Valentina,Asesora,Noviembre,11000
V10562,2025-06-30 18:30:00,C014,Sara Moreno,Recurrente,P019,Caja Desayuno,Combos,Desayuno,1,32000,17000,0.0,32000.0,Domicilio,Tarjeta,Completada,S004,Riomar,Barranquilla,Atlántico,E003,Mateo,Asesor,Junio,17000
V10126,2025-07-13 17:30:00,C022,Alejandro Gomez,Corporativo,P006,Cupcake Chocolate,Cupcakes,Chocolate,4,8500,4200,0.2,27200.0,Instagram,Tarjeta,Cancelada,S002,Norte,Barranquilla,Atlántico,E004,Sofia,Asesora,Julio,16800
V10516,2025-01-11 12:20:00,C029,Manuela Mendoza,Nuevo,P009,Brownie Clásico,Repostería,Chocolate,1,7000,3200,0.1,6300.0,Whatsapp,Tarjeta,Completada,S002,Norte,Barranquilla,Atlántico,E006,Valentina,Asesora,Enero,3200
V10424,2025-07-31 15:40:00,C011,Miguel Mendoza,Recurrente,P008,Cupcake Red Velvet,Cupcakes,Red velvet,4,9500,4800,0.0,38000.0,Domicilio,Nequi,Completada,S004,Riomar,Barranquilla,Atlántico,E004,Sofia,Asesora,Julio,19200
V10950,2025-05-22 12:10:00,C019,Felipe Ortiz,Nuevo,P015,Tarta De Manzana,Tartas,Manzana,1,18000,9000,0.0,18000.0,Tienda,Nequi,Completada,S004,Riomar,Barranquilla,Atlántico,E003,Mateo,Asesor,Mayo,9000
V10144,2025-03-30 16:45:00,C023,Juliana Torres,Recurrente,P008,Cupcake Red Velvet,Cupcakes,Red velvet,5,9500,4800,0.0,47500.0,Instagram,Transferencia,Completada,S004,Riomar,Barranquilla,Atlántico,E004,Sofia,Asesora,Marzo,24000
V11245,2025-03-29 17:00:00,C029,Manuela Mendoza,Nuevo,P006,Cupcake Chocolate,Cupcakes,Chocolate,3,8500,4200,0.0,25500.0,Whatsapp,Transferencia,Completada,S002,Norte,Barranquilla,Atlántico,E002,Camila,Asesora,Marzo,12600
V11158,2025-07-24 08:30:00,C011,Miguel Mendoza,Recurrente,P006,Cupcake Chocolate,Cupcakes,Chocolate,1,8500,4200,0.0,8500.0,Whatsapp,Tarjeta,Completada,S002,Norte,Barranquilla,Atlántico,E002,Camila,Asesora,Julio,4200
V10335,2025-03-02 19:30:00,C006,Sofia Ramirez,Nuevo,P007,Cupcake Vainilla,Cupcakes,Vainilla,1,8000,3800,0.15,6800.0,Instagram,Transferencia,Completada,S001,Centro,Barranquilla,Atlántico,E005,Daniel,Asesor,Marzo,3800
V10074,2025-07-14 18:45:00,C008,Valentina Diaz,Recurrente,P011,Galleta Chispas,Galletas,Chocolate,4,4500,1900,0.0,18.0,Página Web,Efectivo,Completada,S002,Norte,Barranquilla,Atlántico,E005,Daniel,Asesor,Julio,7600
V10962,2025-08-10 11:15:00,C003,Maria Gomez,Recurrente,P005,Torta tres Leches,Tortas,Leches,1,40000,21000,0.1,36000.0,Whatsapp,Tarjeta,Completada,S001,Centro,Barranquilla,Atlántico,E002,Camila,Asesora,Agosto,21000
V10905,2025-04-20 15:30:00,C028,Tomas Castro,Nuevo,P006,Cupcake Chocolate,Cupcakes,Chocolate,3,8500,4200,0.0,25500.0,Whatsapp,Nequi,Completada,S001,Centro,Barranquilla,Atlántico,E002,Camila,Asesora,Abril,12600
V10124,2025-08-01 10:45:00,C002,Carlos Perez,Recurrente,P012,Galleta Avena,Galletas,Avena,2,4000,1700,0.0,8000.0,Tienda,Efectivo,Completada,S002,Norte,Barranquilla,Atlántico,E003,Mateo,Asesor,Agosto,3400
V10342,2025-12-05 16:45:00,C018,Mariana Navarro,Nuevo,P013,Croissant,Panadería,Tradicional,2,6500,2800,0.0,13000.0,Whatsapp,Tarjeta,Completada,S001,Centro,Barranquilla,Atlántico,E006,Valentina,Asesora,Diciembre,5600
V10577,2025-03-08 10:50:00,C019,Felipe Ortiz,Nuevo,P004,Torta Red Velvet,Tortas,Red velvet,8,45000,24000,0.0,360000.0,Tienda,Nequi,Completada,S002,Norte,Barranquilla,Atlántico,E005,Daniel,Asesor,Marzo,192000
V10390,2025-01-04 13:50:00,C030,Samuel Jimenez,Nuevo,P011,Galleta Chispas,Galletas,Chocolate,1,4500,1900,0.0,4500.0,Whatsapp,Transferencia,Completada,S002,Norte,Barranquilla,Atlántico,E001,Laura,Asesora,Enero,1900
V10783,2025-04-17 14:45:00,C006,Sofia Ramirez,Nuevo,P016,Tarta De Limón,Tartas,Limón,1,18000,8800,0.0,18000.0,Domicilio,Tarjeta,Completada,S001,Centro,Barranquilla,Atlántico,E001,Laura,Asesora,Abril,8800
V10574,2025-12-18 15:45:00,C003,Maria Gomez,Nuevo,P002,Torta De Vainilla,Tortas,Vainilla,1,38000,19500,0.0,38000.0,Whatsapp,Transferencia,Completada,S002,Norte,Barranquilla,Atlántico,E004,Sofia,Asesora,Diciembre,19500
V10854,2025-12-12 15:10:00,C023,Juliana Torres,Nuevo,P017,Macaron Caja X6,Macarons,Variados,8,22000,11000,0.0,176000.0,Valor no conocido,Tarjeta,Completada,S003,Soledad,Soledad,Atlántico,E005,Daniel,Asesor,Diciembre,88000
V10365,2025-04-14 19:20:00,C026,Ricardo Diaz,Recurrente,P013,Croissant,Panadería,Tradicional,3,6500,2800,0.0,19500.0,Whatsapp,Efectivo,Completada,S002,Norte,Barranquilla,Atlántico,E001,Laura,Asesora,Abril,8400
V10915,2025-07-20 18:15:00,C016,Isabella Romero,Nuevo,P015,Tarta De Manzana,Tartas,Manzana,2,18000,9000,0.0,36000.0,Instagram,Transferencia,Completada,S004,Riomar,Barranquilla,Atlántico,E006,Valentina,Asesora,Julio,18000
V10144,2025-06-27 16:50:00,C014,Sara Moreno,Nuevo,P017,Macaron Caja X6,Macarons,Variados,1,22000,11000,0.0,22000.0,Instagram,Transferencia,Cancelada,S001,Centro,Barranquilla,Atlántico,E004,Sofia,Asesora,Junio,11000
V10318,2025-01-21 12:30:00,C017,Sebastian Ruiz,Recurrente,P020,Caja Regalo Dulce,Combos,Regalo,6,52000,28500,0.0,312000.0,Tienda,Transferencia,Completada,S002,Norte,Barranquilla,Atlántico,E005,Daniel,Asesor,Enero,171000
V11114,2025-08-29 16:15:00,C017,Sebastian Ruiz,Nuevo,P020,Caja Regalo Dulce,Combos,Regalo,2,52000,28500,0.0,104000.0,Tienda,Valor no conocido,Completada,S004,Riomar,Barranquilla,Atlántico,E002,Camila,Asesora,Agosto,57000
V11072,2025-09-16 15:20:00,C024,Mateo Hernandez,Recurrente,P006,Cupcake Chocolate,Cupcakes,Chocolate,2,8500,4200,0.0,17000.0,Domicilio,Daviplata,Completada,S001,Centro,Barranquilla,Atlántico,E006,Valentina,Asesora,Septiembre,8400
V11075,2025-05-08 14:15:00,C030,Samuel Jimenez,Recurrente,P012,Galleta Avena,Galletas,Avena,1,4000,1700,0.05,3800.0,Whatsapp,Tarjeta,Completada,S003,Soledad,Soledad,Atlántico,E003,Mateo,Asesor,Mayo,1700
V10850,2025-08-10 16:50:00,C008,Valentina Diaz,Nuevo,P012,Galleta Avena,Galletas,Avena,3,4000,1700,0.1,10800.0,Whatsapp,Transferencia,Completada,S003,Soledad,Soledad,Atlántico,E003,Mateo,Asesor,Agosto,5100
V11008,2025-10-30 18:00:00,C022,Alejandro Gomez,Nuevo,P012,Galleta Avena,Galletas,Avena,1,4000,1700,0.0,4000.0,Instagram,Tarjeta,Completada,S002,Norte,Barranquilla,Atlántico,E005,Daniel,Asesor,Octubre,1700
V11131,2025-01-31 16:20:00,C013,Nicolas Vargas,Recurrente,P019,Caja Desayuno,Combos,Desayuno,2,32000,17000,0.0,64000.0,Tienda,Nequi,Completada,S001,Centro,Barranquilla,Atlántico,E006,Valentina,Asesora,Enero,34000
V10792,2025-01-25 18:20:00,C006,Sofia Ramirez,Nuevo,P011,Galleta Chispas,Galletas,Chocolate,2,4500,1900,0.0,9000.0,Domicilio,Tarjeta,Completada,S003,Soledad,Soledad,Atlántico,E006,Valentina,Asesora,Enero,3800
V10987,2025-11-05 17:15:00,C003,Maria Gomez,Nuevo,P008,Cupcake Red Velvet,Cupcakes,Red velvet,1,9500,4800,0.0,9500.0,Tienda,Efectivo,Completada,S002,Norte,Barranquilla,Atlántico,E005,Daniel,Asesor,Noviembre,4800
V10675,2025-06-24 19:30:00,C020,Gabriela Silva,Nuevo,P017,Macaron Caja X6,Macarons,Variados,1,22000,11000,0.05,20900.0,Página Web,Nequi,Completada,S003,Soledad,Soledad,Atlántico,E005,Daniel,Asesor,Junio,11000
V10592,2025-02-14 18:15:00,C001,Ana Rodriguez,Nuevo,P011,Galleta Chispas,Galletas,Chocolate,4,4500,1900,0.05,17100.0,Whatsapp,Transferencia,Completada,S001,Centro,Barranquilla,Atlántico,E003,Mateo,Asesor,Febrero,7600
V10238,2025-01-28 14:20:00,C009,Daniel Rojas,Nuevo,P005,Torta tres Leches,Tortas,Leches,4,40000,21000,0.0,160000.0,Domicilio,Transferencia,Completada,S001,Centro,Barranquilla,Atlántico,E006,Valentina,Asesora,Enero,84000
V10488,2025-06-08 12:20:00,C010,Camila Castro,Nuevo,P012,Galleta Avena,Galletas,Avena,1,4000,1700,0.05,3800.0,Instagram,Transferencia,Completada,S002,Norte,Barranquilla,Atlántico,E001,Laura,Asesora,Junio,1700
V11055,2025-12-26 17:50:00,C010,Camila Castro,Nuevo,P009,Brownie Clásico,Repostería,Chocolate,1,7000,3200,0.0,7000.0,Tienda,Tarjeta,Cancelada,S003,Soledad,Soledad,Atlántico,E003,Mateo,Asesor,Diciembre,3200
V10073,2025-04-27 10:10:00,C027,Carolina Rojas,Nuevo,P016,Tarta De Limón,Tartas,Limón,1,18000,8800,0.0,18000.0,Tienda,Tarjeta,Completada,S002,Norte,Barranquilla,Atlántico,E001,Laura,Asesora,Abril,8800
V10035,2025-10-16 17:45:00,C003,Maria Gomez,Recurrente,P010,Brownie Con Nueces,Repostería,Nueces,1,8500,4000,0.0,8500.0,Whatsapp,Efectivo,Completada,S003,Soledad,Soledad,Atlántico,E003,Mateo,Asesor,Octubre,4000
V10842,2025-03-07 17:40:00,C004,Juan Martinez,Nuevo,P016,Tarta De Limón,Tartas,Limón,1,18000,8800,0.0,18.0,Tienda,Transferencia,Completada,S004,Riomar,Barranquilla,Atlántico,E005,Daniel,Asesor,Marzo,8800
V10525,2025-12-28 18:00:00,C023,Juliana Torres,Recurrente,P011,Galleta Chispas,Galletas,Chocolate,1,4500,1900,0.1,4050.0,Instagram,Daviplata,Completada,S003,Soledad,Soledad,Atlántico,E001,Laura,Asesora,Diciembre,1900
V11067,2025-12-23 16:10:00,C020,Gabriela Silva,Nuevo,P001,Torta De Chocolate,Tortas,Chocolate,2,42000,22000,0.2,67200.0,Domicilio,Tarjeta,Completada,S002,Norte,Barranquilla,Atlántico,E001,Laura,Asesora,Diciembre,44000
V10702,2025-10-29 11:50:00,C007,Andres Torres,Recurrente,P020,Caja Regalo Dulce,Combos,Regalo,4,52000,28500,0.0,208000.0,Página Web,Tarjeta,Completada,S003,Soledad,Soledad,Atlántico,E004,Sofia,Asesora,Octubre,114000
V11198,2025-07-06 17:15:00,C001,Ana Rodriguez,Nuevo,P010,Brownie Con Nueces,Repostería,Nueces,1,8500,4000,0.0,8500.0,Página Web,Transferencia,Completada,S004,Riomar,Barranquilla,Atlántico,E003,Mateo,Asesor,Julio,4000
V10629,2025-10-23 18:00:00,C001,Ana Rodriguez,Recurrente,P011,Galleta Chispas,Galletas,Chocolate,4,4500,1900,0.0,18000.0,Domicilio,Daviplata,Completada,S001,Centro,Barranquilla,Atlántico,E003,Mateo,Asesor,Octubre,7600
V10132,2025-10-13 12:30:00,C013,Nicolas Vargas,Nuevo,P003,Cheesecake Frutos Rojos,Tortas,Frutos rojos,1,48000,26000,0.0,48000.0,Instagram,Daviplata,Completada,S002,Norte,Barranquilla,Atlántico,E004,Sofia,Asesora,Octubre,26000
V10235,2025-04-18 16:10:00,C010,Camila Castro,Recurrente,P001,Torta De Chocolate,Tortas,Chocolate,5,42000,22000,0.0,210000.0,Tienda,Nequi,Completada,S003,Soledad,Soledad,Atlántico,E003,Mateo,Asesor,Abril,110000
V11219,2025-06-04 15:10:00,C020,Gabriela Silva,Recurrente,P004,Torta Red Velvet,Tortas,Red velvet,1,45000,24000,0.0,45000.0,Whatsapp,Nequi,Cancelada,S002,Norte,Barranquilla,Atlántico,E006,Valentina,Asesora,Junio,24000
V11022,2025-01-20 15:50:00,C004,Juan Martinez,Nuevo,P006,Cupcake Chocolate,Cupcakes,Chocolate,5,8500,4200,0.0,42500.0,Tienda,Nequi,Completada,S001,Centro,Barranquilla,Atlántico,E005,Daniel,Asesor,Enero,21000
V10283,2025-10-04 08:50:00,C003,Maria Gomez,Nuevo,P008,Cupcake Red Velvet,Cupcakes,Red velvet,1,9500,4800,0.1,8550.0,Tienda,Tarjeta,Completada,S001,Centro,Barranquilla,Atlántico,E004,Sofia,Asesora,Octubre,4800
V10469,2025-01-27 15:10:00,C025,Lucia Ramirez,Recurrente,P014,Roll De Canela,Panadería,Canela,1,7500,3100,0.0,7500.0,Valor no conocido,Transferencia,Completada,S001,Centro,Barranquilla,Atlántico,E004,Sofia,Asesora,Enero,3100
V10508,2025-10-08 10:00:00,C023,Juliana Torres,Corporativo,P014,Roll De Canela,Panadería,Canela,6,7500,3100,0.1,40500.0,Domicilio,Tarjeta,Completada,S003,Soledad,Soledad,Atlántico,E006,Valentina,Asesora,Octubre,18600
V11212,2025-12-20 16:00:00,C021,Natalia Perez,Nuevo,P012,Galleta Avena,Galletas,Avena,2,4000,1700,0.2,6400.0,Tienda,Transferencia,Completada,S002,Norte,Barranquilla,Atlántico,E001,Laura,Asesora,Diciembre,3400
V10865,2025-02-01 12:30:00,C007,Andres Torres,Recurrente,P008,Cupcake Red Velvet,Cupcakes,Red velvet,2,9500,4800,0.0,19000.0,Tienda,Tarjeta,Completada,S003,Soledad,Soledad,Atlántico,E001,Laura,Asesora,Febrero,9600
V10760,2025-08-19 13:15:00,C019,Felipe Ortiz,Nuevo,P011,Galleta Chispas,Galletas,Chocolate,1,4500,1900,0.15,3825.0,Tienda,Transferencia,Completada,S003,Soledad,Soledad,Atlántico,E005,Daniel,Asesor,Agosto,1900
V10864,2025-03-16 15:30:00,C011,Miguel Mendoza,Recurrente,P012,Galleta Avena,Galletas,Avena,1,4000,1700,0.0,4000.0,Domicilio,Tarjeta,Completada,S003,Soledad,Soledad,Atlántico,E006,Valentina,Asesora,Marzo,1700
V10539,2025-04-25 18:45:00,C010,Camila Castro,Nuevo,P011,Galleta Chispas,Galletas,Chocolate,1,4500,1900,0.0,4500.0,Página Web,Valor no conocido,Completada,S001,Centro,Barranquilla,Atlántico,E005,Daniel,Asesor,Abril,1900
V10374,2025-06-17 17:00:00,C008,Valentina Diaz,Recurrente,P002,Torta De Vainilla,Tortas,Vainilla,2,38000,19500,0.05,72200.0,Tienda,Transferencia,Completada,S002,Norte,Barranquilla,Atlántico,E004,Sofia,Asesora,Junio,39000
V10306,2025-12-17 12:40:00,C003,Maria Gomez,Nuevo,P007,Cupcake Vainilla,Cupcakes,Vainilla,1,8000,3800,0.0,8000.0,Whatsapp,Tarjeta,Completada,S004,Riomar,Barranquilla,Atlántico,E005,Daniel,Asesor,Diciembre,3800
V10270,2025-10-02 13:20:00,C027,Carolina Rojas,Nuevo,P004,Torta Red Velvet,Tortas,Red velvet,1,45000,24000,0.0,45000.0,Whatsapp,Nequi,Completada,S001,Centro,Barranquilla,Atlántico,E005,Daniel,Asesor,Octubre,24000
V10999,2025-02-11 10:10:00,C027,Carolina Rojas,Recurrente,P009,Brownie Clásico,Repostería,Chocolate,3,7000,3200,0.0,21000.0,Domicilio,Efectivo,Completada,S003,Soledad,Soledad,Atlántico,E006,Valentina,Asesora,Febrero,9600
V11134,2025-01-06 15:15:00,C024,Mateo Hernandez,Recurrente,P007,Cupcake Vainilla,Cupcakes,Vainilla,1,8000,3800,0.1,7200.0,Tienda,Tarjeta,Completada,S003,Soledad,Soledad,Atlántico,E006,Valentina,Asesora,Enero,3800
V11077,2025-06-03 12:20:00,C027,Carolina Rojas,Nuevo,P017,Macaron Caja X6,Macarons,Variados,4,22000,11000,0.0,88000.0,Valor no conocido,Tarjeta,Devuelta,S001,Centro,Barranquilla,Atlántico,E006,Valentina,Asesora,Junio,44000
V10699,2025-05-20 08:15:00,C027,Carolina Rojas,Recurrente,P002,Torta De Vainilla,Tortas,Vainilla,2,38000,19500,0.0,76000.0,Tienda,Nequi,Completada,S003,Soledad,Soledad,Atlántico,E001,Laura,Asesora,Mayo,39000
V11200,2025-03-09 11:15:00,C018,Mariana Navarro,Nuevo,P015,Tarta De Manzana,Tartas,Manzana,1,18000,9000,0.0,18000.0,Domicilio,Transferencia,Devuelta,S001,Centro,Barranquilla,Atlántico,E002,Camila,Asesora,Marzo,9000
V10505,2025-12-22 15:10:00,C015,Diego Suarez,Nuevo,P006,Cupcake Chocolate,Cupcakes,Chocolate,3,8500,4200,0.05,24225.0,Domicilio,Tarjeta,Completada,S003,Soledad,Soledad,Atlántico,E001,Laura,Asesora,Diciembre,12600
V10267,2025-12-02 16:00:00,C023,Juliana Torres,Corporativo,P009,Brownie Clásico,Repostería,Chocolate,4,7000,3200,0.2,22400.0,Instagram,Transferencia,Completada,S002,Norte,Barranquilla,Atlántico,E003,Mateo,Asesor,Diciembre,12800
V10259,2025-05-05 19:00:00,C019,Felipe Ortiz,Recurrente,P005,Torta tres Leches,Tortas,Leches,1,40000,21000,0.1,36000.0,Whatsapp,Nequi,Completada,S001,Centro,Barranquilla,Atlántico,E006,Valentina,Asesora,Mayo,21000
V11000,2025-01-02 18:15:00,C014,Sara Moreno,Recurrente,P014,Roll De Canela,Panadería,Canela,1,7500,3100,0.0,7500.0,Tienda,Nequi,Completada,S004,Riomar,Barranquilla,Atlántico,E004,Sofia,Asesora,Enero,3100
V10885,2025-11-11 15:10:00,C022,Alejandro Gomez,Recurrente,P009,Brownie Clásico,Repostería,Chocolate,1,7000,3200,0.0,7000.0,Tienda,Efectivo,Completada,S002,Norte,Barranquilla,Atlántico,E004,Sofia,Asesora,Noviembre,3200
V10135,2025-08-27 13:20:00,C012,Paula Jimenez,Nuevo,P006,Cupcake Chocolate,Cupcakes,Chocolate,1,8500,4200,0.0,8500.0,Domicilio,Transferencia,Completada,S002,Norte,Barranquilla,Atlántico,E003,Mateo,Asesor,Agosto,4200
V10010,2025-06-09 13:20:00,C022,Alejandro Gomez,Recurrente,P014,Roll De Canela,Panadería,Canela,2,7500,3100,0.0,15000.0,Whatsapp,Efectivo,Completada,S002,Norte,Barranquilla,Atlántico,E001,Laura,Asesora,Junio,6200
V10138,2025-11-19 16:00:00,C023,Juliana Torres,Nuevo,P001,Torta De Chocolate,Tortas,Chocolate,1,42000,22000,0.0,42000.0,Whatsapp,Efectivo,Completada,S001,Centro,Barranquilla,Atlántico,E001,Laura,Asesora,Noviembre,22000
V10210,2025-04-22 15:30:00,C022,Alejandro Gomez,Recurrente,P011,Galleta Chispas,Galletas,Chocolate,2,4500,1900,0.0,9000.0,Instagram,Efectivo,Cancelada,S002,Norte,Barranquilla,Atlántico,E003,Mateo,Asesor,Abril,3800
V10750,2025-03-09 20:45:00,C028,Tomas Castro,Nuevo,P003,Cheesecake Frutos Rojos,Tortas,Frutos rojos,1,48000,26000,0.0,48000.0,Tienda,Efectivo,Completada,S002,Norte,Barranquilla,Atlántico,E005,Daniel,Asesor,Marzo,26000
V10787,2025-03-31 14:40:00,C005,Laura Hernandez,Recurrente,P014,Roll De Canela,Panadería,Canela,3,7500,3100,0.1,20250.0,Tienda,Nequi,Completada,S004,Riomar,Barranquilla,Atlántico,E003,Mateo,Asesor,Marzo,9300
V11100,2025-11-25 13:45:00,C025,Lucia Ramirez,Recurrente,P012,Galleta Avena,Galletas,Avena,3,4000,1700,0.2,9600.0,Tienda,Transferencia,Cancelada,S003,Soledad,Soledad,Atlántico,E005,Daniel,Asesor,Noviembre,5100
V10109,2025-07-21 08:40:00,C024,Mateo Hernandez,Valor no conocido,P008,Cupcake Red Velvet,Cupcakes,Red velvet,2,9500,4800,0.0,19000.0,Whatsapp,Transferencia,Completada,S004,Riomar,Barranquilla,Atlántico,E006,Valentina,Asesora,Julio,9600
V10445,2025-12-20 17:10:00,C020,Gabriela Silva,Recurrente,P013,Croissant,Panadería,Tradicional,3,6500,2800,0.0,19500.0,Domicilio,Transferencia,Completada,S004,Riomar,Barranquilla,Atlántico,E005,Daniel,Asesor,Diciembre,8400
V10673,2025-07-16 14:45:00,C003,Maria Gomez,Nuevo,P014,Roll De Canela,Panadería,Canela,4,7500,3100,0.0,30000.0,Whatsapp,Efectivo,Completada,S002,Norte,Barranquilla,Atlántico,E005,Daniel,Asesor,Julio,12400
V10892,2025-01-07 12:50:00,C022,Alejandro Gomez,Nuevo,P001,Torta De Chocolate,Tortas,Chocolate,2,42000,22000,0.0,84000.0,Tienda,Nequi,Completada,S001,Centro,Barranquilla,Atlántico,E004,Sofia,Asesora,Enero,44000
V10874,2025-07-10 17:20:00,C014,Sara Moreno,Recurrente,P015,Tarta De Manzana,Tartas,Manzana,1,18000,9000,0.2,14400.0,Tienda,Valor no conocido,Completada,S001,Centro,Barranquilla,Atlántico,E001,Laura,Asesora,Julio,9000
V10458,2025-09-17 20:20:00,C002,Carlos Perez,Recurrente,P013,Croissant,Panadería,Tradicional,6,6500,2800,0.15,33150.0,Whatsapp,Transferencia,Cancelada,S002,Norte,Barranquilla,Atlántico,E003,Mateo,Asesor,Septiembre,16800
V10110,2025-02-26 19:20:00,C019,Felipe Ortiz,Nuevo,P019,Caja Desayuno,Combos,Desayuno,5,32000,17000,0.0,160000.0,Domicilio,Transferencia,Completada,S004,Riomar,Barranquilla,Atlántico,E006,Valentina,Asesora,Febrero,85000
V11130,2025-10-05 14:20:00,C020,Gabriela Silva,Recurrente,P006,Cupcake Chocolate,Cupcakes,Chocolate,6,8500,4200,0.0,51000.0,Domicilio,Tarjeta,Completada,S002,Norte,Barranquilla,Atlántico,E003,Mateo,Asesor,Octubre,25200
V10915,2025-10-30 14:50:00,C024,Mateo Hernandez,Nuevo,P015,Tarta De Manzana,Tartas,Manzana,3,18000,9000,0.0,54000.0,Whatsapp,Efectivo,Completada,S003,Soledad,Soledad,Atlántico,E003,Mateo,Asesor,Octubre,27000
V10181,2025-02-13 13:40:00,C017,Sebastian Ruiz,Nuevo,P007,Cupcake Vainilla,Cupcakes,Vainilla,3,8000,3800,0.0,24000.0,Tienda,Transferencia,Cancelada,S002,Norte,Barranquilla,Atlántico,E004,Sofia,Asesora,Febrero,11400
V11047,2025-02-24 14:20:00,C001,Ana Rodriguez,Recurrente,P005,Torta tres Leches,Tortas,Leches,1,40000,21000,0.05,38000.0,Tienda,Efectivo,Completada,S001,Centro,Barranquilla,Atlántico,E003,Mateo,Asesor,Febrero,21000
V10334,2025-02-22 13:50:00,C022,Alejandro Gomez,Recurrente,P003,Cheesecake Frutos Rojos,Tortas,Frutos rojos,1,48000,26000,0.1,43200.0,Página Web,Transferencia,Completada,S002,Norte,Barranquilla,Atlántico,E006,Valentina,Asesora,Febrero,26000
V10265,2025-05-22 13:40:00,C013,Nicolas Vargas,Recurrente,P013,Croissant,Panadería,Tradicional,1,6500,2800,0.0,6500.0,Página Web,Transferencia,Completada,S004,Riomar,Barranquilla,Atlántico,E006,Valentina,Asesora,Mayo,2800
V10236,2025-06-14 13:10:00,C026,Ricardo Diaz,Corporativo,P002,Torta De Vainilla,Tortas,Vainilla,6,38000,19500,0.2,182400.0,Valor no conocido,Transferencia,Completada,S002,Norte,Barranquilla,Atlántico,E001,Laura,Asesora,Junio,117000
V11271,2025-10-19 13:15:00,C026,Ricardo Diaz,Corporativo,P014,Roll De Canela,Panadería,Canela,3,7500,3100,0.0,22500.0,Whatsapp,Tarjeta,Completada,S001,Centro,Barranquilla,Atlántico,E002,Camila,Asesora,Octubre,9300
V11174,2025-12-10 17:40:00,C019,Felipe Ortiz,Nuevo,P009,Brownie Clásico,Repostería,Chocolate,3,7000,3200,0.15,17850.0,Domicilio,Transferencia,Completada,S004,Riomar,Barranquilla,Atlántico,E002,Camila,Asesora,Diciembre,9600
V11201,2025-12-05 15:10:00,C010,Camila Castro,Nuevo,P011,Galleta Chispas,Galletas,Chocolate,1,4500,1900,0.0,4500.0,Whatsapp,Nequi,Completada,S003,Soledad,Soledad,Atlántico,E004,Sofia,Asesora,Diciembre,1900
V10149,2025-11-11 17:15:00,C015,Diego Suarez,Recurrente,P012,Galleta Avena,Galletas,Avena,1,4000,1700,0.0,4000.0,Página Web,Tarjeta,Completada,S004,Riomar,Barranquilla,Atlántico,E003,Mateo,Asesor,Noviembre,1700
V11237,2025-05-08 12:50:00,C022,Alejandro Gomez,Nuevo,P009,Brownie Clásico,Repostería,Chocolate,1,7000,3200,0.0,7.0,Domicilio,Daviplata,Completada,S002,Norte,Barranquilla,Atlántico,E004,Sofia,Asesora,Mayo,3200
V10471,2025-07-11 17:30:00,C006,Sofia Ramirez,Recurrente,P012,Galleta Avena,Galletas,Avena,2,4000,1700,0.0,8000.0,Whatsapp,Daviplata,Completada,S002,Norte,Barranquilla,Atlántico,E006,Valentina,Asesora,Julio,3400
V10411,2025-08-12 14:20:00,C021,Natalia Perez,Recurrente,P014,Roll De Canela,Panadería,Canela,3,7500,3100,0.0,22500.0,Domicilio,Transferencia,Completada,S001,Centro,Barranquilla,Atlántico,E005,Daniel,Asesor,Agosto,9300
V10498,2025-05-25 12:20:00,C026,Ricardo Diaz,Corporativo,P009,Brownie Clásico,Repostería,Chocolate,6,7000,3200,0.15,35700.0,Whatsapp,Transferencia,Completada,S004,Riomar,Barranquilla,Atlántico,E005,Daniel,Asesor,Mayo,19200
V10691,2025-04-18 12:30:00,C009,Daniel Rojas,Recurrente,P005,Torta tres Leches,Tortas,Leches,2,40000,21000,0.15,68000.0,Tienda,Tarjeta,Completada,S002,Norte,Barranquilla,Atlántico,E005,Daniel,Asesor,Abril,42000
V10002,2025-10-10 18:10:00,C021,Natalia Perez,Recurrente,P011,Galleta Chispas,Galletas,Chocolate,4,4500,1900,0.1,16200.0,Whatsapp,Nequi,Completada,S002,Norte,Barranquilla,Atlántico,E004,Sofia,Asesora,Octubre,7600
V10677,2025-10-19 18:20:00,C027,Carolina Rojas,Nuevo,P011,Galleta Chispas,Galletas,Chocolate,1,4500,1900,0.0,4500.0,Whatsapp,Transferencia,Cancelada,S003,Soledad,Soledad,Atlántico,E004,Sofia,Asesora,Octubre,1900
V10382,2025-04-07 15:50:00,C028,Tomas Castro,Recurrente,P015,Tarta De Manzana,Tartas,Manzana,4,18000,9000,0.0,72000.0,Whatsapp,Tarjeta,Completada,S001,Centro,Barranquilla,Atlántico,E004,Sofia,Asesora,Abril,36000
V10261,2025-11-07 18:00:00,C016,Isabella Romero,Recurrente,P013,Croissant,Panadería,Tradicional,2,6500,2800,0.0,13000.0,Domicilio,Transferencia,Completada,S001,Centro,Barranquilla,Atlántico,E006,Valentina,Asesora,Noviembre,5600
V10001,2025-08-25 14:10:00,C030,Samuel Jimenez,Recurrente,P005,Torta tres Leches,Tortas,Leches,2,40000,21000,0.0,80000.0,Instagram,Nequi,Completada,S002,Norte,Barranquilla,Atlántico,E002,Camila,Asesora,Agosto,42000
V10179,2025-07-08 08:45:00,C016,Isabella Romero,Valor no conocido,P003,Cheesecake Frutos Rojos,Tortas,Frutos rojos,4,48000,26000,0.2,153600.0,Tienda,Daviplata,Completada,S002,Norte,Barranquilla,Atlántico,E006,Valentina,Asesora,Julio,104000
V10451,2025-11-07 16:15:00,C026,Ricardo Diaz,Nuevo,P012,Galleta Avena,Galletas,Avena,10,4000,1700,0.05,38000.0,Tienda,Tarjeta,Completada,S002,Norte,Barranquilla,Atlántico,E005,Daniel,Asesor,Noviembre,17000
V10679,2025-11-13 10:30:00,C008,Valentina Diaz,Nuevo,P002,Torta De Vainilla,Tortas,Vainilla,1,38000,19500,0.0,38000.0,Instagram,Nequi,Completada,S003,Soledad,Soledad,Atlántico,E003,Mateo,Asesor,Noviembre,19500
V10033,2025-01-04 12:20:00,C010,Camila Castro,Valor no conocido,P009,Brownie Clásico,Repostería,Chocolate,4,7000,3200,0.0,28000.0,Valor no conocido,Tarjeta,Completada,S004,Riomar,Barranquilla,Atlántico,E003,Mateo,Asesor,Enero,12800
V10447,2025-08-31 12:45:00,C004,Juan Martinez,Nuevo,P006,Cupcake Chocolate,Cupcakes,Chocolate,1,8500,4200,0.0,8500.0,Página Web,Daviplata,Completada,S002,Norte,Barranquilla,Atlántico,E001,Laura,Asesora,Agosto,4200
V10194,2025-08-20 10:10:00,C028,Tomas Castro,Nuevo,P016,Tarta De Limón,Tartas,Limón,1,18000,8800,0.0,18000.0,Tienda,Efectivo,Completada,S001,Centro,Barranquilla,Atlántico,E003,Mateo,Asesor,Agosto,8800
V10107,2025-05-24 17:20:00,C020,Gabriela Silva,Recurrente,P010,Brownie Con Nueces,Repostería,Nueces,1,8500,4000,0.0,8500.0,Domicilio,Tarjeta,Completada,S004,Riomar,Barranquilla,Atlántico,E005,Daniel,Asesor,Mayo,4000
V11026,2025-01-09 11:50:00,C009,Daniel Rojas,Corporativo,P015,Tarta De Manzana,Tartas,Manzana,3,18000,9000,0.15,45900.0,Tienda,Nequi,Completada,S004,Riomar,Barranquilla,Atlántico,E005,Daniel,Asesor,Enero,27000
V10786,2025-09-23 17:45:00,C023,Juliana Torres,Nuevo,P012,Galleta Avena,Galletas,Avena,1,4000,1700,0.0,4000.0,Instagram,Tarjeta,Completada,S001,Centro,Barranquilla,Atlántico,E002,Camila,Asesora,Septiembre,1700
V10692,2025-10-11 08:20:00,C001,Ana Rodriguez,Nuevo,P009,Brownie Clásico,Repostería,Chocolate,1,7000,3200,0.0,7000.0,Domicilio,Efectivo,Completada,S003,Soledad,Soledad,Atlántico,E001,Laura,Asesora,Octubre,3200
V11154,2025-02-10 17:30:00,C012,Paula Jimenez,Recurrente,P006,Cupcake Chocolate,Cupcakes,Chocolate,2,8500,4200,0.0,17000.0,Whatsapp,Tarjeta,Completada,S003,Soledad,Soledad,Atlántico,E004,Sofia,Asesora,Febrero,8400
V10924,2025-02-03 11:20:00,C030,Samuel Jimenez,Recurrente,P011,Galleta Chispas,Galletas,Chocolate,2,4500,1900,0.0,9000.0,Página Web,Tarjeta,Completada,S003,Soledad,Soledad,Atlántico,E004,Sofia,Asesora,Febrero,3800
V10767,2025-04-04 14:15:00,C011,Miguel Mendoza,Recurrente,P010,Brownie Con Nueces,Repostería,Nueces,2,8500,4000,0.0,17000.0,Whatsapp,Tarjeta,Completada,S002,Norte,Barranquilla,Atlántico,E002,Camila,Asesora,Abril,8000
V11184,2025-04-17 13:00:00,C022,Alejandro Gomez,Recurrente,P012,Galleta Avena,Galletas,Avena,5,4000,1700,0.0,20000.0,Instagram,Tarjeta,Completada,S004,Riomar,Barranquilla,Atlántico,E005,Daniel,Asesor,Abril,8500
V10478,2025-04-10 18:30:00,C019,Felipe Ortiz,Recurrente,P019,Caja Desayuno,Combos,Desayuno,2,32000,17000,0.0,64000.0,Tienda,Transferencia,Completada,S003,Soledad,Soledad,Atlántico,E002,Camila,Asesora,Abril,34000
V11267,2025-10-01 14:15:00,C002,Carlos Perez,Nuevo,P004,Torta Red Velvet,Tortas,Red velvet,1,45000,24000,0.0,45000.0,Whatsapp,Efectivo,Completada,S004,Riomar,Barranquilla,Atlántico,E001,Laura,Asesora,Octubre,24000
V10716,2025-12-07 15:10:00,C010,Camila Castro,Recurrente,P009,Brownie Clásico,Repostería,Chocolate,1,7000,3200,0.0,7000.0,Whatsapp,Tarjeta,Completada,S002,Norte,Barranquilla,Atlántico,E005,Daniel,Asesor,Diciembre,3200
V11259,2025-05-13 09:50:00,C015,Diego Suarez,Nuevo,P007,Cupcake Vainilla,Cupcakes,Vainilla,3,8000,3800,0.05,22800.0,Tienda,Tarjeta,Completada,S003,Soledad,Soledad,Atlántico,E004,Sofia,Asesora,Mayo,11400
V10297,2025-08-15 13:15:00,C015,Diego Suarez,Nuevo,P014,Roll De Canela,Panadería,Canela,3,7500,3100,0.0,22500.0,Tienda,Tarjeta,Completada,S003,Soledad,Soledad,Atlántico,E003,Mateo,Asesor,Agosto,9300
V10255,2025-01-22 16:30:00,C017,Sebastian Ruiz,Recurrente,P014,Roll De Canela,Panadería,Canela,1,7500,3100,0.15,6375.0,Whatsapp,Transferencia,Completada,S003,Soledad,Soledad,Atlántico,E006,Valentina,Asesora,Enero,3100
V10360,2025-08-24 14:10:00,C010,Camila Castro,Recurrente,P008,Cupcake Red Velvet,Cupcakes,Red velvet,1,9500,4800,0.2,7600.0,Tienda,Tarjeta,Completada,S003,Soledad,Soledad,Atlántico,E006,Valentina,Asesora,Agosto,4800
V10260,2025-12-05 17:15:00,C003,Maria Gomez,Nuevo,P006,Cupcake Chocolate,Cupcakes,Chocolate,2,8500,4200,0.2,13600.0,Whatsapp,Transferencia,Completada,S004,Riomar,Barranquilla,Atlántico,E005,Daniel,Asesor,Diciembre,8400
V10755,2025-08-23 14:20:00,C028,Tomas Castro,Nuevo,P009,Brownie Clásico,Repostería,Chocolate,2,7000,3200,0.05,13300.0,Página Web,Tarjeta,Completada,S002,Norte,Barranquilla,Atlántico,E006,Valentina,Asesora,Agosto,6400
V10722,2025-08-16 16:40:00,C002,Carlos Perez,Nuevo,P006,Cupcake Chocolate,Cupcakes,Chocolate,4,8500,4200,0.0,34000.0,Tienda,Nequi,Completada,S003,Soledad,Soledad,Atlántico,E006,Valentina,Asesora,Agosto,16800
V10978,2025-05-29 18:00:00,C002,Carlos Perez,Nuevo,P011,Galleta Chispas,Galletas,Chocolate,3,4500,1900,0.0,13500.0,Página Web,Tarjeta,Completada,S004,Riomar,Barranquilla,Atlántico,E006,Valentina,Asesora,Mayo,5700
V10346,2025-04-26 09:00:00,C020,Gabriela Silva,Nuevo,P002,Torta De Vainilla,Tortas,Vainilla,2,38000,19500,0.0,76000.0,Página Web,Nequi,Completada,S001,Centro,Barranquilla,Atlántico,E005,Daniel,Asesor,Abril,39000
V10455,2025-09-22 09:15:00,C012,Paula Jimenez,Corporativo,P011,Galleta Chispas,Galletas,Chocolate,3,4500,1900,0.1,12150.0,Página Web,Transferencia,Completada,S003,Soledad,Soledad,Atlántico,E005,Daniel,Asesor,Septiembre,5700
V10491,2025-07-12 16:40:00,C006,Sofia Ramirez,Recurrente,P016,Tarta De Limón,Tartas,Limón,1,18000,8800,0.0,18000.0,Tienda,Tarjeta,Completada,S001,Centro,Barranquilla,Atlántico,E001,Laura,Asesora,Julio,8800
V11023,2025-07-21 18:45:00,C012,Valor no conocido,Recurrente,P001,Torta De Chocolate,Tortas,Chocolate,2,42000,22000,0.0,84000.0,Tienda,Tarjeta,Completada,S001,Centro,Barranquilla,Atlántico,E002,Camila,Asesora,Julio,44000
V10587,2025-07-02 15:45:00,C011,Miguel Mendoza,Nuevo,P007,Cupcake Vainilla,Cupcakes,Vainilla,5,8000,3800,0.0,40000.0,Domicilio,Nequi,Completada,S001,Centro,Barranquilla,Atlántico,E002,Camila,Asesora,Julio,19000
V10698,2025-07-30 14:50:00,C001,Ana Rodriguez,Nuevo,P012,Galleta Avena,Galletas,Avena,2,4000,1700,0.15,6800.0,Domicilio,Nequi,Completada,S003,Soledad,Soledad,Atlántico,E004,Sofia,Asesora,Julio,3400
V11054,2025-10-30 17:00:00,C008,Valentina Diaz,Nuevo,P002,Torta De Vainilla,Tortas,Vainilla,4,38000,19500,0.15,129.2,Whatsapp,Daviplata,Completada,S001,Centro,Barranquilla,Atlántico,E002,Camila,Asesora,Octubre,78000
V10563,2025-09-05 18:50:00,C007,Andres Torres,Nuevo,P015,Tarta De Manzana,Tartas,Manzana,2,18000,9000,0.0,36000.0,Whatsapp,Daviplata,Cancelada,S002,Norte,Barranquilla,Atlántico,E005,Daniel,Asesor,Septiembre,18000
V10183,2025-02-16 15:10:00,C012,Valor no conocido,Nuevo,P009,Brownie Clásico,Repostería,Chocolate,1,7000,3200,0.2,5600.0,Tienda,Nequi,Completada,S003,Soledad,Soledad,Atlántico,E004,Sofia,Asesora,Febrero,3200
V10906,2025-12-11 12:10:00,C026,Ricardo Diaz,Recurrente,P017,Macaron Caja X6,Macarons,Variados,1,22000,11000,0.0,22000.0,Tienda,Transferencia,Completada,S002,Norte,Barranquilla,Atlántico,E005,Daniel,Asesor,Diciembre,11000
V10740,2025-03-04 15:15:00,C015,Diego Suarez,Nuevo,P004,Torta Red Velvet,Tortas,Red velvet,4,45000,24000,0.0,180000.0,Instagram,Tarjeta,Completada,S004,Riomar,Barranquilla,Atlántico,E003,Mateo,Asesor,Marzo,96000
V10864,2025-06-13 09:20:00,C025,Lucia Ramirez,Recurrente,P011,Galleta Chispas,Galletas,Chocolate,1,4500,1900,0.2,3600.0,Whatsapp,Tarjeta,Completada,S002,Norte,Barranquilla,Atlántico,E005,Daniel,Asesor,Junio,1900
V11230,2025-05-02 15:40:00,C030,Samuel Jimenez,Corporativo,P002,Torta De Vainilla,Tortas,Vainilla,3,38000,19500,0.0,114000.0,Tienda,Tarjeta,Completada,S001,Centro,Barranquilla,Atlántico,E006,Valentina,Asesora,Mayo,58500
V10056,2025-08-17 14:45:00,C012,Paula Jimenez,Nuevo,P005,Torta tres Leches,Tortas,Leches,3,40000,21000,0.0,120000.0,Whatsapp,Daviplata,Cancelada,S002,Norte,Barranquilla,Atlántico,E001,Laura,Asesora,Agosto,63000
V10320,2025-09-26 15:15:00,C024,Mateo Hernandez,Recurrente,P014,Roll De Canela,Panadería,Canela,2,7500,3100,0.0,15000.0,Domicilio,Tarjeta,Completada,S003,Soledad,Soledad,Atlántico,E002,Camila,Asesora,Septiembre,6200
V10476,2025-08-25 16:20:00,C007,Andres Torres,Nuevo,P007,Cupcake Vainilla,Cupcakes,Vainilla,1,8000,3800,0.0,8000.0,Tienda,Tarjeta,Completada,S002,Norte,Barranquilla,Atlántico,E002,Camila,Asesora,Agosto,3800
V10019,2025-08-15 12:15:00,C014,Sara Moreno,Recurrente,P009,Brownie Clásico,Repostería,Chocolate,1,7000,3200,0.05,6650.0,Domicilio,Nequi,Completada,S002,Norte,Barranquilla,Atlántico,E001,Laura,Asesora,Agosto,3200
V10170,2025-07-16 17:00:00,C014,Sara Moreno,Nuevo,P012,Galleta Avena,Galletas,Avena,1,4000,1700,0.0,4000.0,Tienda,Efectivo,Completada,S002,Norte,Barranquilla,Atlántico,E006,Valentina,Asesora,Julio,1700
V11004,2025-06-14 09:40:00,C014,Sara Moreno,Recurrente,P009,Brownie Clásico,Repostería,Chocolate,4,7000,3200,0.0,28000.0,Whatsapp,Nequi,Completada,S001,Centro,Barranquilla,Atlántico,E002,Camila,Asesora,Junio,12800
V11126,2025-04-20 16:00:00,C030,Samuel Jimenez,Nuevo,P013,Croissant,Panadería,Tradicional,4,6500,2800,0.0,26000.0,Domicilio,Transferencia,Completada,S004,Riomar,Barranquilla,Atlántico,E004,Sofia,Asesora,Abril,11200
V10441,2025-08-28 15:10:00,C030,Samuel Jimenez,Recurrente,P014,Roll De Canela,Panadería,Canela,1,7500,3100,0.0,7500.0,Domicilio,Nequi,Completada,S002,Norte,Barranquilla,Atlántico,E001,Laura,Asesora,Agosto,3100
V11191,2025-11-09 19:40:00,C003,Maria Gomez,Nuevo,P009,Brownie Clásico,Repostería,Chocolate,1,7000,3200,0.0,7000.0,Tienda,Tarjeta,Completada,S001,Centro,Barranquilla,Atlántico,E001,Laura,Asesora,Noviembre,3200
V10764,2025-04-26 18:20:00,C008,Valentina Diaz,Nuevo,P011,Galleta Chispas,Galletas,Chocolate,2,4500,1900,0.2,7200.0,Página Web,Efectivo,Completada,S002,Norte,Barranquilla,Atlántico,E006,Valentina,Asesora,Abril,3800
V10073,2025-02-28 18:30:00,C016,Isabella Romero,Valor no conocido,P007,Cupcake Vainilla,Cupcakes,Vainilla,1,8000,3800,0.0,8000.0,Instagram,Transferencia,Completada,S003,Soledad,Soledad,Atlántico,E004,Sofia,Asesora,Febrero,3800
V11168,2025-07-11 14:20:00,C012,Paula Jimenez,Recurrente,P007,Cupcake Vainilla,Cupcakes,Vainilla,4,8000,3800,0.1,28800.0,Instagram,Daviplata,Completada,S004,Riomar,Barranquilla,Atlántico,E005,Daniel,Asesor,Julio,15200
V10219,2025-08-16 13:15:00,C018,Mariana Navarro,Nuevo,P015,Tarta De Manzana,Tartas,Manzana,3,18000,9000,0.2,43200.0,Tienda,Nequi,Completada,S002,Norte,Barranquilla,Atlántico,E004,Sofia,Asesora,Agosto,27000
V10837,2025-07-27 12:20:00,C014,Sara Moreno,Nuevo,P014,Roll De Canela,Panadería,Canela,2,7500,3100,0.0,15.0,Domicilio,Transferencia,Completada,S002,Norte,Barranquilla,Atlántico,E006,Valentina,Asesora,Julio,6200
V10876,2025-01-12 14:15:00,C016,Isabella Romero,Nuevo,P017,Macaron Caja X6,Macarons,Variados,2,22000,11000,0.0,44000.0,Tienda,Tarjeta,Completada,S003,Soledad,Soledad,Atlántico,E001,Laura,Asesora,Enero,22000
V11226,2025-11-24 09:45:00,C013,Nicolas Vargas,Recurrente,P006,Cupcake Chocolate,Cupcakes,Chocolate,1,8500,4200,0.0,8500.0,Tienda,Nequi,Completada,S002,Norte,Barranquilla,Atlántico,E003,Mateo,Asesor,Noviembre,4200
V10519,2025-09-17 19:20:00,C024,Mateo Hernandez,Nuevo,P013,Croissant,Panadería,Tradicional,1,6500,2800,0.0,6500.0,Tienda,Tarjeta,Completada,S001,Centro,Barranquilla,Atlántico,E003,Mateo,Asesor,Septiembre,2800
V10878,2025-03-26 17:00:00,C025,Lucia Ramirez,Nuevo,P009,Brownie Clásico,Repostería,Chocolate,2,7000,3200,0.0,14000.0,Domicilio,Nequi,Completada,S001,Centro,Barranquilla,Atlántico,E002,Camila,Asesora,Marzo,6400
V11207,2025-09-15 16:40:00,C016,Isabella Romero,Recurrente,P004,Torta Red Velvet,Tortas,Red velvet,2,45000,24000,0.1,81000.0,Tienda,Tarjeta,Completada,S004,Riomar,Barranquilla,Atlántico,E001,Laura,Asesora,Septiembre,48000
V10413,2025-06-03 16:15:00,C018,Mariana Navarro,Nuevo,P005,Torta tres Leches,Tortas,Leches,1,40000,21000,0.0,40000.0,Tienda,Transferencia,Completada,S002,Norte,Barranquilla,Atlántico,E005,Daniel,Asesor,Junio,21000
V10220,2025-02-23 14:45:00,C020,Gabriela Silva,Nuevo,P016,Tarta De Limón,Tartas,Limón,1,18000,8800,0.15,15300.0,Tienda,Tarjeta,Completada,S002,Norte,Barranquilla,Atlántico,E003,Mateo,Asesor,Febrero,8800
V10845,2025-09-09 11:20:00,C019,Felipe Ortiz,Nuevo,P002,Torta De Vainilla,Tortas,Vainilla,1,38000,19500,0.15,32300.0,Tienda,Tarjeta,Completada,S004,Riomar,Barranquilla,Atlántico,E006,Valentina,Asesora,Septiembre,19500
V10294,2025-03-08 16:30:00,C002,Carlos Perez,Nuevo,P009,Brownie Clásico,Repostería,Chocolate,2,7000,3200,0.0,14000.0,Tienda,Transferencia,Completada,S001,Centro,Barranquilla,Atlántico,E001,Laura,Asesora,Marzo,6400
V10512,2025-06-15 08:40:00,C007,Andres Torres,Recurrente,P008,Cupcake Red Velvet,Cupcakes,Red velvet,5,9500,4800,0.0,47500.0,Whatsapp,Tarjeta,Completada,S002,Norte,Barranquilla,Atlántico,E001,Laura,Asesora,Junio,24000
V10001,2025-03-21 15:45:00,C025,Lucia Ramirez,Nuevo,P013,Croissant,Panadería,Tradicional,1,6500,2800,0.0,6500.0,Tienda,Nequi,Completada,S001,Centro,Barranquilla,Atlántico,E001,Laura,Asesora,Marzo,2800
V10004,2025-10-18 13:45:00,C011,Miguel Mendoza,Nuevo,P002,Torta De Vainilla,Tortas,Vainilla,2,38000,19500,0.1,68400.0,Domicilio,Transferencia,Completada,S004,Riomar,Barranquilla,Atlántico,E005,Daniel,Asesor,Octubre,39000
V10249,2025-10-24 13:30:00,C019,Felipe Ortiz,Nuevo,P003,Cheesecake Frutos Rojos,Tortas,Frutos rojos,1,48000,26000,0.0,48000.0,Tienda,Nequi,Completada,S002,Norte,Barranquilla,Atlántico,E002,Camila,Asesora,Octubre,26000
V11031,2025-01-21 18:10:00,C026,Ricardo Diaz,Nuevo,P012,Galleta Avena,Galletas,Avena,2,4000,1700,0.1,7200.0,Instagram,Nequi,Completada,S001,Centro,Barranquilla,Atlántico,E003,Mateo,Asesor,Enero,3400
V11214,2025-09-06 15:30:00,C030,Samuel Jimenez,Recurrente,P007,Cupcake Vainilla,Cupcakes,Vainilla,3,8000,3800,0.0,24000.0,Página Web,Efectivo,Completada,S004,Riomar,Barranquilla,Atlántico,E005,Daniel,Asesor,Septiembre,11400
V10550,2025-03-05 12:50:00,C012,Paula Jimenez,Corporativo,P005,Torta tres Leches,Tortas,Leches,3,40000,21000,0.0,120000.0,Tienda,Efectivo,Completada,S002,Norte,Barranquilla,Atlántico,E006,Valentina,Asesora,Marzo,63000
V10291,2025-12-29 15:20:00,C020,Gabriela Silva,Nuevo,P017,Macaron Caja X6,Macarons,Variados,1,22000,11000,0.0,22000.0,Tienda,Tarjeta,Cancelada,S001,Centro,Barranquilla,Atlántico,E002,Camila,Asesora,Diciembre,11000
V11269,2025-04-08 15:10:00,C002,Carlos Perez,Recurrente,P019,Caja Desayuno,Combos,Desayuno,1,32000,17000,0.0,32000.0,Tienda,Tarjeta,Completada,S003,Soledad,Soledad,Atlántico,E006,Valentina,Asesora,Abril,17000
V10174,2025-11-24 15:10:00,C020,Gabriela Silva,Nuevo,P006,Cupcake Chocolate,Cupcakes,Chocolate,1,8500,4200,0.0,8500.0,Tienda,Daviplata,Completada,S002,Norte,Barranquilla,Atlántico,E003,Mateo,Asesor,Noviembre,4200
V10616,2025-05-14 10:45:00,C006,Sofia Ramirez,Corporativo,P010,Brownie Con Nueces,Repostería,Nueces,3,8500,4000,0.2,20400.0,Tienda,Efectivo,Completada,S004,Riomar,Barranquilla,Atlántico,E001,Laura,Asesora,Mayo,12000
V10022,2025-03-23 18:20:00,C004,Juan Martinez,Nuevo,P011,Galleta Chispas,Galletas,Chocolate,1,4500,1900,0.0,4500.0,Whatsapp,Tarjeta,Completada,S003,Soledad,Soledad,Atlántico,E001,Laura,Asesora,Marzo,1900
V10931,2025-07-04 13:45:00,C026,Ricardo Diaz,Recurrente,P011,Galleta Chispas,Galletas,Chocolate,1,4500,1900,0.0,4500.0,Tienda,Nequi,Completada,S003,Soledad,Soledad,Atlántico,E005,Daniel,Asesor,Julio,1900
V10793,2025-10-23 20:15:00,C007,Andres Torres,Nuevo,P011,Galleta Chispas,Galletas,Chocolate,1,4500,1900,0.0,4500.0,Whatsapp,Nequi,Completada,S002,Norte,Barranquilla,Atlántico,E003,Mateo,Asesor,Octubre,1900
V10777,2025-08-16 15:10:00,C028,Tomas Castro,Recurrente,P004,Torta Red Velvet,Tortas,Red velvet,1,45000,24000,0.2,36000.0,Whatsapp,Tarjeta,Completada,S004,Riomar,Barranquilla,Atlántico,E002,Camila,Asesora,Agosto,24000
V10527,2025-09-30 17:15:00,C013,Nicolas Vargas,Recurrente,P007,Cupcake Vainilla,Cupcakes,Vainilla,3,8000,3800,0.0,24000.0,Página Web,Daviplata,Completada,S003,Soledad,Soledad,Atlántico,E003,Mateo,Asesor,Septiembre,11400
V10680,2025-08-01 14:30:00,C014,Sara Moreno,Recurrente,P014,Roll De Canela,Panadería,Canela,1,7500,3100,0.0,7500.0,Tienda,Nequi,Completada,S001,Centro,Barranquilla,Atlántico,E005,Daniel,Asesor,Agosto,3100
V10585,2025-05-03 11:00:00,C018,Mariana Navarro,Nuevo,P004,Torta Red Velvet,Tortas,Red velvet,1,45000,24000,0.1,40500.0,Tienda,Daviplata,Completada,S002,Norte,Barranquilla,Atlántico,E005,Daniel,Asesor,Mayo,24000
V10574,2025-10-27 12:50:00,C029,Manuela Mendoza,Nuevo,P009,Brownie Clásico,Repostería,Chocolate,2,7000,3200,0.0,14000.0,Instagram,Efectivo,Completada,S002,Norte,Barranquilla,Atlántico,E001,Laura,Asesora,Octubre,6400
V10758,2025-11-07 09:45:00,C018,Mariana Navarro,Recurrente,P008,Cupcake Red Velvet,Cupcakes,Red velvet,2,9500,4800,0.0,19000.0,Domicilio,Efectivo,Completada,S003,Soledad,Soledad,Atlántico,E006,Valentina,Asesora,Noviembre,9600
V10514,2025-10-02 20:15:00,C030,Samuel Jimenez,Recurrente,P011,Galleta Chispas,Galletas,Chocolate,1,4500,1900,0.0,4.5,Domicilio,Transferencia,Completada,S003,Soledad,Soledad,Atlántico,E003,Mateo,Asesor,Octubre,1900
V10778,2025-09-09 18:10:00,C011,Miguel Mendoza,Recurrente,P019,Caja Desayuno,Combos,Desayuno,3,32000,17000,0.0,96000.0,Whatsapp,Daviplata,Completada,S002,Norte,Barranquilla,Atlántico,E005,Daniel,Asesor,Septiembre,51000
V10207,2025-01-17 13:50:00,C030,Samuel Jimenez,Nuevo,P017,Macaron Caja X6,Macarons,Variados,1,22000,11000,0.0,22000.0,Whatsapp,Transferencia,Completada,S002,Norte,Barranquilla,Atlántico,E005,Daniel,Asesor,Enero,11000
V10020,2025-06-07 18:45:00,C030,Samuel Jimenez,Recurrente,P014,Roll De Canela,Panadería,Canela,4,7500,3100,0.0,30000.0,Domicilio,Tarjeta,Completada,S002,Norte,Barranquilla,Atlántico,E005,Daniel,Asesor,Junio,12400
V10273,2025-04-04 09:40:00,C030,Samuel Jimenez,Recurrente,P015,Tarta De Manzana,Tartas,Manzana,1,18000,9000,0.0,18000.0,Página Web,Efectivo,Completada,S004,Riomar,Barranquilla,Atlántico,E004,Sofia,Asesora,Abril,9000
V10470,2025-01-15 11:20:00,C008,Valentina Diaz,Recurrente,P009,Brownie Clásico,Repostería,Chocolate,1,7000,3200,0.1,6300.0,Whatsapp,Transferencia,Completada,S002,Norte,Barranquilla,Atlántico,E002,Camila,Asesora,Enero,3200
V10040,2025-08-12 15:45:00,C019,Felipe Ortiz,Nuevo,P011,Galleta Chispas,Galletas,Chocolate,4,4500,1900,0.0,18000.0,Domicilio,Efectivo,Completada,S004,Riomar,Barranquilla,Atlántico,E003,Mateo,Asesor,Agosto,7600
V10088,2025-12-26 17:20:00,C024,Mateo Hernandez,Corporativo,P009,Brownie Clásico,Repostería,Chocolate,5,7000,3200,0.1,31500.0,Instagram,Tarjeta,Cancelada,S004,Riomar,Barranquilla,Atlántico,E002,Camila,Asesora,Diciembre,16000
V10284,2025-06-03 17:45:00,C014,Sara Moreno,Recurrente,P011,Galleta Chispas,Galletas,Chocolate,2,4500,1900,0.2,7200.0,Página Web,Transferencia,Completada,S001,Centro,Barranquilla,Atlántico,E004,Sofia,Asesora,Junio,3800
V10046,2025-10-19 16:50:00,C020,Gabriela Silva,Corporativo,P017,Macaron Caja X6,Macarons,Variados,4,22000,11000,0.1,79200.0,Instagram,Tarjeta,Completada,S003,Soledad,Soledad,Atlántico,E003,Mateo,Asesor,Octubre,44000
V10738,2025-12-10 17:40:00,C025,Lucia Ramirez,Nuevo,P012,Galleta Avena,Galletas,Avena,1,4000,1700,0.0,4000.0,Página Web,Efectivo,Completada,S002,Norte,Barranquilla,Atlántico,E005,Daniel,Asesor,Diciembre,1700
V10172,2025-11-01 20:10:00,C029,Manuela Mendoza,Corporativo,P006,Cupcake Chocolate,Cupcakes,Chocolate,8,8500,4200,0.2,54400.0,Tienda,Nequi,Completada,S001,Centro,Barranquilla,Atlántico,E001,Laura,Asesora,Noviembre,33600
V10095,2025-05-31 16:45:00,C003,Maria Gomez,Nuevo,P014,Roll De Canela,Panadería,Canela,1,7500,3100,0.2,6000.0,Whatsapp,Nequi,Completada,S002,Norte,Barranquilla,Atlántico,E003,Mateo,Asesor,Mayo,3100
V10863,2025-09-08 15:30:00,C029,Manuela Mendoza,Nuevo,P004,Torta Red Velvet,Tortas,Red velvet,2,45000,24000,0.0,90000.0,Tienda,Nequi,Completada,S002,Norte,Barranquilla,Atlántico,E001,Laura,Asesora,Septiembre,48000
V10926,2025-12-25 14:30:00,C016,Isabella Romero,Recurrente,P006,Cupcake Chocolate,Cupcakes,Chocolate,2,8500,4200,0.0,17000.0,Tienda,Nequi,Completada,S002,Norte,Barranquilla,Atlántico,E003,Mateo,Asesor,Diciembre,8400
V10062,2025-10-26 10:40:00,C015,Diego Suarez,Recurrente,P001,Torta De Chocolate,Tortas,Chocolate,2,42000,22000,0.0,84000.0,Instagram,Nequi,Completada,S001,Centro,Barranquilla,Atlántico,E005,Daniel,Asesor,Octubre,44000
V11121,2025-07-04 13:40:00,C011,Miguel Mendoza,Nuevo,P011,Galleta Chispas,Galletas,Chocolate,1,4500,1900,0.05,4275.0,Whatsapp,Tarjeta,Completada,S002,Norte,Barranquilla,Atlántico,E001,Laura,Asesora,Julio,1900
V10969,2025-12-19 16:40:00,C026,Ricardo Diaz,Nuevo,P011,Galleta Chispas,Galletas,Chocolate,3,4500,1900,0.0,13500.0,Whatsapp,Tarjeta,Completada,S001,Centro,Barranquilla,Atlántico,E003,Mateo,Asesor,Diciembre,5700
V10654,2025-08-16 16:10:00,C030,Samuel Jimenez,Nuevo,P009,Brownie Clásico,Repostería,Chocolate,1,7000,3200,0.0,7000.0,Domicilio,Nequi,Completada,S002,Norte,Barranquilla,Atlántico,E004,Sofia,Asesora,Agosto,3200
V10034,2025-12-23 08:45:00,C028,Tomas Castro,Recurrente,P012,Galleta Avena,Galletas,Avena,3,4000,1700,0.2,9600.0,Página Web,Transferencia,Completada,S003,Soledad,Soledad,Atlántico,E004,Sofia,Asesora,Diciembre,5100
V11096,2025-07-01 16:20:00,C021,Natalia Perez,Recurrente,P019,Caja Desayuno,Combos,Desayuno,3,32000,17000,0.0,96000.0,Tienda,Nequi,Completada,S003,Soledad,Soledad,Atlántico,E001,Laura,Asesora,Julio,51000
V10431,2025-05-01 14:20:00,C030,Samuel Jimenez,Nuevo,P014,Roll De Canela,Panadería,Canela,2,7500,3100,0.0,15000.0,Instagram,Efectivo,Completada,S002,Norte,Barranquilla,Atlántico,E006,Valentina,Asesora,Mayo,6200
V10795,2025-03-06 19:15:00,C015,Diego Suarez,Recurrente,P006,Cupcake Chocolate,Cupcakes,Chocolate,1,8500,4200,0.0,8500.0,Página Web,Efectivo,Completada,S001,Centro,Barranquilla,Atlántico,E004,Sofia,Asesora,Marzo,4200
V11103,2025-02-02 19:50:00,C013,Nicolas Vargas,Nuevo,P020,Caja Regalo Dulce,Combos,Regalo,1,52000,28500,0.0,52000.0,Tienda,Efectivo,Completada,S003,Soledad,Soledad,Atlántico,E006,Valentina,Asesora,Febrero,28500
V10871,2025-04-05 16:30:00,C013,Nicolas Vargas,Recurrente,P006,Cupcake Chocolate,Cupcakes,Chocolate,3,8500,4200,0.0,25500.0,Domicilio,Tarjeta,Completada,S001,Centro,Barranquilla,Atlántico,E003,Mateo,Asesor,Abril,12600
V10723,2025-05-17 13:40:00,C015,Diego Suarez,Nuevo,P017,Macaron Caja X6,Macarons,Variados,2,22000,11000,0.0,44000.0,Instagram,Tarjeta,Completada,S001,Centro,Barranquilla,Atlántico,E001,Laura,Asesora,Mayo,22000
V10439,2025-01-11 17:30:00,C006,Sofia Ramirez,Nuevo,P011,Galleta Chispas,Galletas,Chocolate,1,4500,1900,0.15,3825.0,Instagram,Daviplata,Completada,S004,Riomar,Barranquilla,Atlántico,E006,Valentina,Asesora,Enero,1900
V10983,2025-04-21 16:50:00,C021,Natalia Perez,Nuevo,P002,Torta De Vainilla,Tortas,Vainilla,1,38000,19500,0.0,38000.0,Domicilio,Nequi,Cancelada,S001,Centro,Barranquilla,Atlántico,E003,Mateo,Asesor,Abril,19500
V10496,2025-02-12 14:40:00,C017,Sebastian Ruiz,Recurrente,P003,Cheesecake Frutos Rojos,Tortas,Frutos rojos,2,48000,26000,0.05,91200.0,Página Web,Daviplata,Completada,S002,Norte,Barranquilla,Atlántico,E003,Mateo,Asesor,Febrero,52000
V10381,2025-11-14 11:30:00,C022,Alejandro Gomez,Corporativo,P008,Cupcake Red Velvet,Cupcakes,Red velvet,3,9500,4800,0.2,22800.0,Tienda,Nequi,Completada,S002,Norte,Barranquilla,Atlántico,E001,Laura,Asesora,Noviembre,14400
V10744,2025-09-21 17:30:00,C026,Ricardo Diaz,Nuevo,P009,Brownie Clásico,Repostería,Chocolate,3,7000,3200,0.0,21000.0,Whatsapp,Transferencia,Completada,S002,Norte,Barranquilla,Atlántico,E005,Daniel,Asesor,Septiembre,9600
V11106,2025-07-29 17:15:00,C019,Felipe Ortiz,Nuevo,P006,Cupcake Chocolate,Cupcakes,Chocolate,2,8500,4200,0.0,17000.0,Tienda,Efectivo,Devuelta,S004,Riomar,Barranquilla,Atlántico,E001,Laura,Asesora,Julio,8400
V10704,2025-04-25 20:10:00,C001,Ana Rodriguez,Nuevo,P011,Galleta Chispas,Galletas,Chocolate,1,4500,1900,0.0,4500.0,Whatsapp,Transferencia,Completada,S002,Norte,Barranquilla,Atlántico,E005,Daniel,Asesor,Abril,1900
V10857,2025-01-13 12:00:00,C026,Ricardo Diaz,Nuevo,P014,Roll De Canela,Panadería,Canela,10,7500,3100,0.1,67500.0,Instagram,Tarjeta,Completada,S004,Riomar,Barranquilla,Atlántico,E004,Sofia,Asesora,Enero,31000
V10051,2025-04-03 13:50:00,C014,Sara Moreno,Recurrente,P009,Brownie Clásico,Repostería,Chocolate,2,7000,3200,0.0,14000.0,Tienda,Tarjeta,Completada,S004,Riomar,Barranquilla,Atlántico,E003,Mateo,Asesor,Abril,6400
V10810,2025-03-16 16:10:00,C018,Mariana Navarro,Nuevo,P012,Galleta Avena,Galletas,Avena,1,4000,1700,0.0,4000.0,Whatsapp,Nequi,Completada,S003,Soledad,Soledad,Atlántico,E003,Mateo,Asesor,Marzo,1700
V10072,2025-04-03 11:20:00,C025,Lucia Ramirez,Nuevo,P013,Croissant,Panadería,Tradicional,1,6500,2800,0.0,6500.0,Tienda,Nequi,Completada,S001,Centro,Barranquilla,Atlántico,E004,Sofia,Asesora,Abril,2800
V10551,2025-06-10 17:15:00,C012,Paula Jimenez,Recurrente,P006,Cupcake Chocolate,Cupcakes,Chocolate,2,8500,4200,0.05,16150.0,Instagram,Transferencia,Completada,S002,Norte,Barranquilla,Atlántico,E005,Daniel,Asesor,Junio,8400
V10637,2025-05-23 18:15:00,C022,Alejandro Gomez,Nuevo,P011,Galleta Chispas,Galletas,Chocolate,4,4500,1900,0.0,18000.0,Instagram,Efectivo,Completada,S002,Norte,Barranquilla,Atlántico,E003,Mateo,Asesor,Mayo,7600
V10156,2025-06-16 14:50:00,C004,Juan Martinez,Nuevo,P007,Cupcake Vainilla,Cupcakes,Vainilla,4,8000,3800,0.0,32000.0,Whatsapp,Transferencia,Completada,S001,Centro,Barranquilla,Atlántico,E005,Daniel,Asesor,Junio,15200
V10226,2025-06-23 18:00:00,C023,Juliana Torres,Recurrente,P015,Tarta De Manzana,Tartas,Manzana,1,18000,9000,0.0,18000.0,Instagram,Tarjeta,Completada,S002,Norte,Barranquilla,Atlántico,E001,Laura,Asesora,Junio,9000
V10578,2025-07-16 14:30:00,C013,Nicolas Vargas,Nuevo,P011,Galleta Chispas,Galletas,Chocolate,1,4500,1900,0.05,4275.0,Tienda,Tarjeta,Completada,S002,Norte,Barranquilla,Atlántico,E003,Mateo,Asesor,Julio,1900
V10292,2025-05-31 15:10:00,C016,Isabella Romero,Nuevo,P011,Galleta Chispas,Galletas,Chocolate,1,4500,1900,0.0,4500.0,Tienda,Nequi,Completada,S002,Norte,Barranquilla,Atlántico,E005,Daniel,Asesor,Mayo,1900
V10427,2025-12-18 13:00:00,C011,Miguel Mendoza,Recurrente,P005,Torta tres Leches,Tortas,Leches,1,40000,21000,0.0,40000.0,Whatsapp,Tarjeta,Cancelada,S002,Norte,Barranquilla,Atlántico,E005,Daniel,Asesor,Diciembre,21000
V11053,2025-08-05 19:45:00,C020,Gabriela Silva,Nuevo,P014,Roll De Canela,Panadería,Canela,1,7500,3100,0.0,7500.0,Whatsapp,Efectivo,Completada,S001,Centro,Barranquilla,Atlántico,E004,Sofia,Asesora,Agosto,3100
V10692,2025-04-29 14:50:00,C022,Alejandro Gomez,Recurrente,P012,Galleta Avena,Galletas,Avena,3,4000,1700,0.0,12000.0,Whatsapp,Tarjeta,Completada,S004,Riomar,Barranquilla,Atlántico,E003,Mateo,Asesor,Abril,5100
V10144,2025-10-14 13:30:00,C008,Valentina Diaz,Recurrente,P017,Macaron Caja X6,Macarons,Variados,1,22000,11000,0.0,22000.0,Whatsapp,Efectivo,Completada,S004,Riomar,Barranquilla,Atlántico,E004,Sofia,Asesora,Octubre,11000
V10939,2025-02-03 15:10:00,C026,Ricardo Diaz,Recurrente,P006,Cupcake Chocolate,Cupcakes,Chocolate,1,8500,4200,0.0,8500.0,Tienda,Nequi,Completada,S003,Soledad,Soledad,Atlántico,E004,Sofia,Asesora,Febrero,4200
V10896,2025-06-22 13:20:00,C016,Isabella Romero,Corporativo,P018,Macaron Caja X12,Macarons,Variados,3,40000,19500,0.2,96.0,Tienda,Tarjeta,Completada,S001,Centro,Barranquilla,Atlántico,E005,Daniel,Asesor,Junio,58500
V10092,2025-05-25 14:10:00,C017,Sebastian Ruiz,Recurrente,P007,Cupcake Vainilla,Cupcakes,Vainilla,6,8000,3800,0.15,40800.0,Página Web,Nequi,Completada,S003,Soledad,Soledad,Atlántico,E006,Valentina,Asesora,Mayo,22800
V11012,2025-09-13 17:10:00,C006,Sofia Ramirez,Recurrente,P007,Cupcake Vainilla,Cupcakes,Vainilla,1,8000,3800,0.0,8000.0,Domicilio,Transferencia,Completada,S003,Soledad,Soledad,Atlántico,E006,Valentina,Asesora,Septiembre,3800
V10036,2025-08-04 09:00:00,C003,Maria Gomez,Nuevo,P001,Torta De Chocolate,Tortas,Chocolate,3,42000,22000,0.0,126000.0,Tienda,Daviplata,Completada,S001,Centro,Barranquilla,Atlántico,E002,Camila,Asesora,Agosto,66000
V10619,2025-02-21 14:15:00,C001,Ana Rodriguez,Nuevo,P009,Brownie Clásico,Repostería,Chocolate,2,7000,3200,0.0,14000.0,Instagram,Tarjeta,Completada,S002,Norte,Barranquilla,Atlántico,E002,Camila,Asesora,Febrero,6400
V10975,2025-02-03 19:15:00,C026,Ricardo Diaz,Nuevo,P013,Croissant,Panadería,Tradicional,1,6500,2800,0.05,6175.0,Whatsapp,Nequi,Completada,S001,Centro,Barranquilla,Atlántico,E005,Daniel,Asesor,Febrero,2800
V10164,2025-09-21 16:40:00,C023,Juliana Torres,Corporativo,P011,Galleta Chispas,Galletas,Chocolate,8,4500,1900,0.0,36000.0,Tienda,Efectivo,Completada,S003,Soledad,Soledad,Atlántico,E001,Laura,Asesora,Septiembre,15200
V10751,2025-07-29 13:45:00,C007,Andres Torres,Nuevo,P006,Cupcake Chocolate,Cupcakes,Chocolate,2,8500,4200,0.15,14450.0,Tienda,Tarjeta,Completada,S002,Norte,Barranquilla,Atlántico,E004,Sofia,Asesora,Julio,8400
V10042,2025-04-27 11:00:00,C010,Camila Castro,Nuevo,P017,Macaron Caja X6,Macarons,Variados,2,22000,11000,0.0,44000.0,Tienda,Daviplata,Completada,S002,Norte,Barranquilla,Atlántico,E005,Daniel,Asesor,Abril,22000
V10972,2025-12-05 11:45:00,C008,Valentina Diaz,Nuevo,P011,Galleta Chispas,Galletas,Chocolate,2,4500,1900,0.0,9000.0,Tienda,Nequi,Completada,S001,Centro,Barranquilla,Atlántico,E002,Camila,Asesora,Diciembre,3800
V10450,2025-11-27 16:50:00,C023,Juliana Torres,Nuevo,P008,Cupcake Red Velvet,Cupcakes,Red velvet,1,9500,4800,0.0,9500.0,Página Web,Transferencia,Completada,S002,Norte,Barranquilla,Atlántico,E002,Camila,Asesora,Noviembre,4800
V10058,2025-08-14 16:45:00,C030,Samuel Jimenez,Nuevo,P003,Cheesecake Frutos Rojos,Tortas,Frutos rojos,3,48000,26000,0.2,115200.0,Whatsapp,Transferencia,Completada,S001,Centro,Barranquilla,Atlántico,E006,Valentina,Asesora,Agosto,78000
V11107,2025-10-22 12:15:00,C024,Mateo Hernandez,Nuevo,P008,Cupcake Red Velvet,Cupcakes,Red velvet,2,9500,4800,0.0,19000.0,Tienda,Nequi,Completada,S001,Centro,Barranquilla,Atlántico,E003,Mateo,Asesor,Octubre,9600
V11013,2025-04-10 13:20:00,C030,Samuel Jimenez,Corporativo,P018,Macaron Caja X12,Macarons,Variados,6,40000,19500,0.1,216000.0,Página Web,Transferencia,Completada,S001,Centro,Barranquilla,Atlántico,E001,Laura,Asesora,Abril,117000
V10784,2025-04-18 13:10:00,C016,Isabella Romero,Recurrente,P011,Galleta Chispas,Galletas,Chocolate,1,4500,1900,0.05,4275.0,Domicilio,Tarjeta,Completada,S001,Centro,Barranquilla,Atlántico,E004,Sofia,Asesora,Abril,1900
V10749,2025-03-21 20:45:00,C006,Sofia Ramirez,Recurrente,P001,Torta De Chocolate,Tortas,Chocolate,2,42000,22000,0.0,84000.0,Whatsapp,Nequi,Completada,S003,Soledad,Soledad,Atlántico,E005,Daniel,Asesor,Marzo,44000
V10148,2025-02-09 16:40:00,C008,Valentina Diaz,Recurrente,P015,Tarta De Manzana,Tartas,Manzana,2,18000,9000,0.05,34.2,Instagram,Transferencia,Cancelada,S002,Norte,Barranquilla,Atlántico,E004,Sofia,Asesora,Febrero,18000
V10108,2025-09-18 13:40:00,C002,Carlos Perez,Nuevo,P013,Croissant,Panadería,Tradicional,1,6500,2800,0.0,6.5,Tienda,Transferencia,Completada,S002,Norte,Barranquilla,Atlántico,E002,Camila,Asesora,Septiembre,2800
V10095,2025-06-26 19:45:00,C005,Laura Hernandez,Valor no conocido,P004,Torta Red Velvet,Tortas,Red velvet,2,45000,24000,0.2,72000.0,Tienda,Tarjeta,Completada,S004,Riomar,Barranquilla,Atlántico,E002,Camila,Asesora,Junio,48000
V10070,2025-06-05 14:15:00,C004,Valor no conocido,Nuevo,P015,Tarta De Manzana,Tartas,Manzana,4,18000,9000,0.0,72000.0,Tienda,Transferencia,Completada,S004,Riomar,Barranquilla,Atlántico,E004,Sofia,Asesora,Junio,36000
V11047,2025-02-23 18:40:00,C026,Ricardo Diaz,Nuevo,P011,Galleta Chispas,Galletas,Chocolate,1,4500,1900,0.0,4500.0,Tienda,Nequi,Completada,S001,Centro,Barranquilla,Atlántico,E002,Camila,Asesora,Febrero,1900
V11041,2025-07-30 13:15:00,C004,Juan Martinez,Valor no conocido,P009,Brownie Clásico,Repostería,Chocolate,3,7000,3200,0.0,21000.0,Instagram,Transferencia,Completada,S004,Riomar,Barranquilla,Atlántico,E003,Mateo,Asesor,Julio,9600
V10446,2025-02-27 11:50:00,C023,Juliana Torres,Corporativo,P011,Galleta Chispas,Galletas,Chocolate,4,4500,1900,0.0,18000.0,Whatsapp,Efectivo,Completada,S004,Riomar,Barranquilla,Atlántico,E002,Camila,Asesora,Febrero,7600
V10667,2025-12-24 13:20:00,C004,Juan Martinez,Nuevo,P003,Cheesecake Frutos Rojos,Tortas,Frutos rojos,5,48000,26000,0.0,240000.0,Página Web,Transferencia,Completada,S002,Norte,Barranquilla,Atlántico,E001,Laura,Asesora,Diciembre,130000
V10390,2025-11-18 18:15:00,C023,Juliana Torres,Recurrente,P012,Galleta Avena,Galletas,Avena,1,4000,1700,0.0,4000.0,Página Web,Efectivo,Completada,S003,Soledad,Soledad,Atlántico,E003,Mateo,Asesor,Noviembre,1700
V10133,2025-12-11 13:00:00,C002,Carlos Perez,Recurrente,P014,Roll De Canela,Panadería,Canela,1,7500,3100,0.0,7500.0,Página Web,Nequi,Completada,S002,Norte,Barranquilla,Atlántico,E002,Camila,Asesora,Diciembre,3100
V10199,2025-03-08 17:15:00,C022,Alejandro Gomez,Recurrente,P019,Caja Desayuno,Combos,Desayuno,2,32000,17000,0.05,60800.0,Domicilio,Transferencia,Completada,S004,Riomar,Barranquilla,Atlántico,E001,Laura,Asesora,Marzo,34000
V10249,2025-10-09 11:10:00,C022,Alejandro Gomez,Nuevo,P007,Cupcake Vainilla,Cupcakes,Vainilla,1,8000,3800,0.0,8000.0,Página Web,Transferencia,Completada,S001,Centro,Barranquilla,Atlántico,E002,Camila,Asesora,Octubre,3800
V10364,2025-01-26 17:20:00,C027,Carolina Rojas,Recurrente,P019,Caja Desayuno,Combos,Desayuno,2,32000,17000,0.0,64000.0,Tienda,Transferencia,Completada,S004,Riomar,Barranquilla,Atlántico,E001,Laura,Asesora,Enero,34000
V11043,2025-08-17 15:50:00,C028,Tomas Castro,Recurrente,P002,Torta De Vainilla,Tortas,Vainilla,2,38000,19500,0.05,72200.0,Tienda,Tarjeta,Completada,S002,Norte,Barranquilla,Atlántico,E006,Valentina,Asesora,Agosto,39000
V10271,2025-05-18 12:20:00,C024,Mateo Hernandez,Recurrente,P001,Torta De Chocolate,Tortas,Chocolate,5,42000,22000,0.0,210000.0,Whatsapp,Tarjeta,Completada,S001,Centro,Barranquilla,Atlántico,E005,Daniel,Asesor,Mayo,110000
V11240,2025-09-28 15:20:00,C028,Tomas Castro,Recurrente,P009,Brownie Clásico,Repostería,Chocolate,1,7000,3200,0.0,7000.0,Página Web,Transferencia,Completada,S003,Soledad,Soledad,Atlántico,E003,Mateo,Asesor,Septiembre,3200
V10080,2025-07-27 14:45:00,C014,Sara Moreno,Nuevo,P009,Brownie Clásico,Repostería,Chocolate,1,7000,3200,0.0,7000.0,Valor no conocido,Tarjeta,Completada,S003,Soledad,Soledad,Atlántico,E001,Laura,Asesora,Julio,3200
V10959,2025-11-10 12:00:00,C026,Ricardo Diaz,Nuevo,P014,Roll De Canela,Panadería,Canela,2,7500,3100,0.0,15000.0,Página Web,Daviplata,Completada,S001,Centro,Barranquilla,Atlántico,E004,Sofia,Asesora,Noviembre,6200
V11270,2025-07-19 11:50:00,C006,Sofia Ramirez,Nuevo,P010,Brownie Con Nueces,Repostería,Nueces,3,8500,4000,0.0,25500.0,Tienda,Nequi,Completada,S002,Norte,Barranquilla,Atlántico,E001,Laura,Asesora,Julio,12000
V10602,2025-12-04 16:45:00,C014,Sara Moreno,Recurrente,P014,Roll De Canela,Panadería,Canela,3,7500,3100,0.05,21375.0,Domicilio,Daviplata,Completada,S003,Soledad,Soledad,Atlántico,E001,Laura,Asesora,Diciembre,9300
V11015,2025-12-04 17:50:00,C006,Sofia Ramirez,Valor no conocido,P017,Macaron Caja X6,Macarons,Variados,1,22000,11000,0.0,22000.0,Instagram,Efectivo,Completada,S004,Riomar,Barranquilla,Atlántico,E001,Laura,Asesora,Diciembre,11000
V10767,2025-02-20 12:50:00,C026,Ricardo Diaz,Nuevo,P013,Croissant,Panadería,Tradicional,3,6500,2800,0.0,19500.0,Tienda,Transferencia,Completada,S002,Norte,Barranquilla,Atlántico,E003,Mateo,Asesor,Febrero,8400
V10344,2025-05-25 12:15:00,C008,Valentina Diaz,Nuevo,P014,Roll De Canela,Panadería,Canela,2,7500,3100,0.0,15000.0,Instagram,Valor no conocido,Completada,S004,Riomar,Barranquilla,Atlántico,E002,Camila,Asesora,Mayo,6200
V10084,2025-10-25 14:40:00,C026,Ricardo Diaz,Recurrente,P007,Cupcake Vainilla,Cupcakes,Vainilla,1,8000,3800,0.2,6400.0,Domicilio,Transferencia,Completada,S002,Norte,Barranquilla,Atlántico,E006,Valentina,Asesora,Octubre,3800
V10347,2025-12-11 15:50:00,C007,Andres Torres,Recurrente,P002,Torta De Vainilla,Tortas,Vainilla,2,38000,19500,0.05,72.2,Domicilio,Tarjeta,Completada,S002,Norte,Barranquilla,Atlántico,E003,Mateo,Asesor,Diciembre,39000
V10064,2025-06-01 15:30:00,C027,Carolina Rojas,Recurrente,P012,Galleta Avena,Galletas,Avena,1,4000,1700,0.0,4000.0,Whatsapp,Nequi,Completada,S001,Centro,Barranquilla,Atlántico,E002,Camila,Asesora,Junio,1700
V11160,2025-03-22 16:50:00,C027,Carolina Rojas,Nuevo,P013,Croissant,Panadería,Tradicional,3,6500,2800,0.0,19500.0,Domicilio,Tarjeta,Completada,S004,Riomar,Barranquilla,Atlántico,E002,Camila,Asesora,Marzo,8400
V11188,2025-08-14 15:00:00,C029,Manuela Mendoza,Recurrente,P012,Galleta Avena,Galletas,Avena,2,4000,1700,0.0,8000.0,Tienda,Nequi,Completada,S001,Centro,Barranquilla,Atlántico,E002,Camila,Asesora,Agosto,3400
V11178,2025-07-07 16:40:00,C011,Miguel Mendoza,Recurrente,P002,Torta De Vainilla,Tortas,Vainilla,3,38000,19500,0.0,114000.0,Tienda,Tarjeta,Completada,S002,Norte,Barranquilla,Atlántico,E001,Laura,Asesora,Julio,58500
V10245,2025-07-18 15:10:00,C013,Nicolas Vargas,Nuevo,P011,Galleta Chispas,Galletas,Chocolate,1,4500,1900,0.0,4500.0,Instagram,Transferencia,Completada,S002,Norte,Barranquilla,Atlántico,E003,Mateo,Asesor,Julio,1900
V11117,2025-08-25 18:30:00,C014,Sara Moreno,Valor no conocido,P009,Brownie Clásico,Repostería,Chocolate,2,7000,3200,0.0,14000.0,Tienda,Transferencia,Completada,S001,Centro,Barranquilla,Atlántico,E005,Daniel,Asesor,Agosto,6400
V11094,2025-03-28 19:00:00,C009,Daniel Rojas,Corporativo,P006,Cupcake Chocolate,Cupcakes,Chocolate,4,8500,4200,0.15,28900.0,Tienda,Transferencia,Completada,S002,Norte,Barranquilla,Atlántico,E001,Laura,Asesora,Marzo,16800
V11058,2025-02-10 16:00:00,C027,Carolina Rojas,Recurrente,P010,Brownie Con Nueces,Repostería,Nueces,1,8500,4000,0.0,8500.0,Whatsapp,Tarjeta,Completada,S004,Riomar,Barranquilla,Atlántico,E001,Laura,Asesora,Febrero,4000
V10634,2025-02-17 10:50:00,C010,Camila Castro,Recurrente,P006,Cupcake Chocolate,Cupcakes,Chocolate,1,8500,4200,0.0,8500.0,Domicilio,Tarjeta,Completada,S001,Centro,Barranquilla,Atlántico,E001,Laura,Asesora,Febrero,4200
V10605,2025-03-19 19:15:00,C030,Samuel Jimenez,Nuevo,P011,Galleta Chispas,Galletas,Chocolate,4,4500,1900,0.0,18000.0,Tienda,Daviplata,Completada,S004,Riomar,Barranquilla,Atlántico,E006,Valentina,Asesora,Marzo,7600
V10305,2025-02-03 16:45:00,C015,Diego Suarez,Recurrente,P013,Croissant,Panadería,Tradicional,2,6500,2800,0.0,13000.0,Tienda,Transferencia,Completada,S001,Centro,Barranquilla,Atlántico,E005,Daniel,Asesor,Febrero,5600
V10187,2025-06-08 12:40:00,C002,Carlos Perez,Nuevo,P013,Croissant,Panadería,Tradicional,1,6500,2800,0.1,5850.0,Tienda,Transferencia,Completada,S001,Centro,Barranquilla,Atlántico,E001,Laura,Asesora,Junio,2800
V11078,2025-07-28 15:45:00,C007,Andres Torres,Nuevo,P002,Torta De Vainilla,Tortas,Vainilla,1,38000,19500,0.0,38000.0,Tienda,Tarjeta,Completada,S001,Centro,Barranquilla,Atlántico,E003,Mateo,Asesor,Julio,19500
V10208,2025-07-09 11:45:00,C006,Sofia Ramirez,Nuevo,P013,Croissant,Panadería,Tradicional,1,6500,2800,0.0,6500.0,Whatsapp,Tarjeta,Completada,S002,Norte,Barranquilla,Atlántico,E006,Valentina,Asesora,Julio,2800
V10247,2025-10-12 14:45:00,C002,Carlos Perez,Nuevo,P019,Caja Desayuno,Combos,Desayuno,2,32000,17000,0.0,64000.0,Whatsapp,Daviplata,Completada,S001,Centro,Barranquilla,Atlántico,E006,Valentina,Asesora,Octubre,34000
V10719,2025-08-15 09:30:00,C007,Andres Torres,Nuevo,P009,Brownie Clásico,Repostería,Chocolate,1,7000,3200,0.0,7000.0,Tienda,Tarjeta,Completada,S002,Norte,Barranquilla,Atlántico,E006,Valentina,Asesora,Agosto,3200
V10094,2025-10-07 09:20:00,C021,Natalia Perez,Nuevo,P006,Cupcake Chocolate,Cupcakes,Chocolate,3,8500,4200,0.0,25500.0,Whatsapp,Valor no conocido,Completada,S002,Norte,Barranquilla,Atlántico,E001,Laura,Asesora,Octubre,12600
V11253,2025-08-07 10:15:00,C002,Carlos Perez,Recurrente,P008,Cupcake Red Velvet,Cupcakes,Red velvet,1,9500,4800,0.0,9500.0,Whatsapp,Efectivo,Completada,S001,Centro,Barranquilla,Atlántico,E003,Mateo,Asesor,Agosto,4800
V10557,2025-10-18 14:40:00,C002,Carlos Perez,Recurrente,P011,Galleta Chispas,Galletas,Chocolate,2,4500,1900,0.0,9000.0,Whatsapp,Nequi,Completada,S003,Soledad,Soledad,Atlántico,E004,Sofia,Asesora,Octubre,3800
V10200,2025-08-18 13:10:00,C006,Sofia Ramirez,Corporativo,P015,Tarta De Manzana,Tartas,Manzana,4,18000,9000,0.2,57600.0,Tienda,Efectivo,Completada,S001,Centro,Barranquilla,Atlántico,E001,Laura,Asesora,Agosto,36000
V10944,2025-01-04 15:40:00,C028,Tomas Castro,Nuevo,P010,Brownie Con Nueces,Repostería,Nueces,1,8500,4000,0.0,8500.0,Tienda,Transferencia,Completada,S004,Riomar,Barranquilla,Atlántico,E001,Laura,Asesora,Enero,4000
V11025,2025-04-14 14:40:00,C024,Valor no conocido,Nuevo,P006,Cupcake Chocolate,Cupcakes,Chocolate,2,8500,4200,0.0,17000.0,Tienda,Tarjeta,Cancelada,S001,Centro,Barranquilla,Atlántico,E001,Laura,Asesora,Abril,8400
V10061,2025-01-29 16:20:00,C012,Paula Jimenez,Nuevo,P006,Cupcake Chocolate,Cupcakes,Chocolate,1,8500,4200,0.1,7650.0,Whatsapp,Nequi,Completada,S002,Norte,Barranquilla,Atlántico,E004,Sofia,Asesora,Enero,4200
V10079,2025-08-15 15:30:00,C016,Isabella Romero,Recurrente,P014,Roll De Canela,Panadería,Canela,1,7500,3100,0.0,7500.0,Tienda,Transferencia,Completada,S003,Soledad,Soledad,Atlántico,E001,Laura,Asesora,Agosto,3100
V10777,2025-08-17 17:00:00,C007,Andres Torres,Nuevo,P005,Torta tres Leches,Tortas,Leches,2,40000,21000,0.0,80000.0,Whatsapp,Tarjeta,Completada,S003,Soledad,Soledad,Atlántico,E002,Camila,Asesora,Agosto,42000
V10027,2025-03-28 12:00:00,C010,Camila Castro,Recurrente,P018,Macaron Caja X12,Macarons,Variados,2,40000,19500,0.0,80.0,Tienda,Nequi,Completada,S003,Soledad,Soledad,Atlántico,E001,Laura,Asesora,Marzo,39000
V10665,2025-09-22 14:40:00,C004,Valor no conocido,Recurrente,P017,Macaron Caja X6,Macarons,Variados,1,22000,11000,0.0,22000.0,Whatsapp,Efectivo,Completada,S002,Norte,Barranquilla,Atlántico,E001,Laura,Asesora,Septiembre,11000
V10947,2025-10-08 18:30:00,C014,Sara Moreno,Nuevo,P014,Roll De Canela,Panadería,Canela,2,7500,3100,0.0,15000.0,Tienda,Transferencia,Completada,S001,Centro,Barranquilla,Atlántico,E003,Mateo,Asesor,Octubre,6200
V10366,2025-10-31 09:10:00,C003,Maria Gomez,Nuevo,P008,Cupcake Red Velvet,Cupcakes,Red velvet,1,9500,4800,0.0,9500.0,Whatsapp,Nequi,Completada,S001,Centro,Barranquilla,Atlántico,E006,Valentina,Asesora,Octubre,4800
V10363,2025-10-24 11:15:00,C003,Maria Gomez,Nuevo,P018,Macaron Caja X12,Macarons,Variados,1,40000,19500,0.0,40000.0,Instagram,Transferencia,Completada,S001,Centro,Barranquilla,Atlántico,E006,Valentina,Asesora,Octubre,19500
V10643,2025-12-08 15:00:00,C011,Miguel Mendoza,Nuevo,P014,Roll De Canela,Panadería,Canela,8,7500,3100,0.0,60000.0,Domicilio,Tarjeta,Completada,S002,Norte,Barranquilla,Atlántico,E004,Sofia,Asesora,Diciembre,24800
V10585,2025-04-27 12:10:00,C006,Sofia Ramirez,Nuevo,P014,Roll De Canela,Panadería,Canela,1,7500,3100,0.0,7500.0,Whatsapp,Daviplata,Completada,S002,Norte,Barranquilla,Atlántico,E006,Valentina,Asesora,Abril,3100
V10996,2025-09-25 18:20:00,C018,Mariana Navarro,Recurrente,P001,Torta De Chocolate,Tortas,Chocolate,2,42000,22000,0.05,79800.0,Instagram,Transferencia,Completada,S002,Norte,Barranquilla,Atlántico,E002,Camila,Asesora,Septiembre,44000
V11166,2025-12-21 12:40:00,C025,Lucia Ramirez,Recurrente,P006,Cupcake Chocolate,Cupcakes,Chocolate,3,8500,4200,0.1,22950.0,Whatsapp,Transferencia,Completada,S003,Soledad,Soledad,Atlántico,E003,Mateo,Asesor,Diciembre,12600
V10826,2025-11-17 17:30:00,C014,Sara Moreno,Nuevo,P006,Cupcake Chocolate,Cupcakes,Chocolate,2,8500,4200,0.0,17000.0,Whatsapp,Tarjeta,Completada,S002,Norte,Barranquilla,Atlántico,E006,Valentina,Asesora,Noviembre,8400
V10981,2025-05-03 14:20:00,C007,Andres Torres,Nuevo,P017,Macaron Caja X6,Macarons,Variados,3,22000,11000,0.0,66000.0,Tienda,Nequi,Completada,S001,Centro,Barranquilla,Atlántico,E002,Camila,Asesora,Mayo,33000
V10067,2025-05-12 19:40:00,C016,Isabella Romero,Corporativo,P002,Torta De Vainilla,Tortas,Vainilla,6,38000,19500,0.1,205200.0,Página Web,Transferencia,Completada,S004,Riomar,Barranquilla,Atlántico,E001,Laura,Asesora,Mayo,117000
V10068,2025-10-04 09:45:00,C006,Sofia Ramirez,Nuevo,P007,Cupcake Vainilla,Cupcakes,Vainilla,4,8000,3800,0.0,32000.0,Tienda,Tarjeta,Completada,S001,Centro,Barranquilla,Atlántico,E005,Daniel,Asesor,Octubre,15200
V10766,2025-10-18 09:30:00,C008,Valentina Diaz,Nuevo,P007,Cupcake Vainilla,Cupcakes,Vainilla,3,8000,3800,0.0,24000.0,Instagram,Transferencia,Completada,S002,Norte,Barranquilla,Atlántico,E005,Daniel,Asesor,Octubre,11400
V10072,2025-11-27 08:40:00,C013,Nicolas Vargas,Nuevo,P007,Cupcake Vainilla,Cupcakes,Vainilla,6,8000,3800,0.1,43200.0,Domicilio,Nequi,Completada,S002,Norte,Barranquilla,Atlántico,E002,Camila,Asesora,Noviembre,22800
V10364,2025-10-11 17:20:00,C003,Maria Gomez,Nuevo,P010,Brownie Con Nueces,Repostería,Nueces,2,8500,4000,0.0,17000.0,Domicilio,Tarjeta,Completada,S004,Riomar,Barranquilla,Atlántico,E002,Camila,Asesora,Octubre,8000
V10841,2025-08-10 16:20:00,C015,Diego Suarez,Nuevo,P014,Roll De Canela,Panadería,Canela,1,7500,3100,0.0,7500.0,Whatsapp,Tarjeta,Completada,S001,Centro,Barranquilla,Atlántico,E002,Camila,Asesora,Agosto,3100
V10560,2025-09-12 16:40:00,C022,Alejandro Gomez,Valor no conocido,P004,Torta Red Velvet,Tortas,Red velvet,2,45000,24000,0.0,90000.0,Whatsapp,Transferencia,Completada,S002,Norte,Barranquilla,Atlántico,E002,Camila,Asesora,Septiembre,48000
V11241,2025-05-29 10:10:00,C020,Gabriela Silva,Nuevo,P011,Galleta Chispas,Galletas,Chocolate,1,4500,1900,0.0,4500.0,Whatsapp,Transferencia,Completada,S004,Riomar,Barranquilla,Atlántico,E006,Valentina,Asesora,Mayo,1900
V10928,2025-01-31 13:50:00,C004,Juan Martinez,Nuevo,P016,Tarta De Limón,Tartas,Limón,10,18000,8800,0.0,180000.0,Tienda,Nequi,Completada,S002,Norte,Barranquilla,Atlántico,E004,Sofia,Asesora,Enero,88000
V10356,2025-11-06 19:50:00,C022,Alejandro Gomez,Recurrente,P002,Torta De Vainilla,Tortas,Vainilla,2,38000,19500,0.1,68400.0,Página Web,Tarjeta,Completada,S001,Centro,Barranquilla,Atlántico,E003,Mateo,Asesor,Noviembre,39000
V10642,2025-09-15 18:15:00,C020,Gabriela Silva,Nuevo,P004,Torta Red Velvet,Tortas,Red velvet,1,45000,24000,0.0,45000.0,Domicilio,Tarjeta,Completada,S004,Riomar,Barranquilla,Atlántico,E001,Laura,Asesora,Septiembre,24000
V10532,2025-06-19 16:20:00,C001,Ana Rodriguez,Nuevo,P004,Torta Red Velvet,Tortas,Red velvet,2,45000,24000,0.05,85500.0,Valor no conocido,Nequi,Completada,S004,Riomar,Barranquilla,Atlántico,E003,Mateo,Asesor,Junio,48000
V10717,2025-04-20 15:45:00,C021,Natalia Perez,Recurrente,P011,Galleta Chispas,Galletas,Chocolate,3,4500,1900,0.0,13500.0,Domicilio,Transferencia,Completada,S004,Riomar,Barranquilla,Atlántico,E006,Valentina,Asesora,Abril,5700
V11003,2025-04-25 14:20:00,C022,Alejandro Gomez,Recurrente,P020,Caja Regalo Dulce,Combos,Regalo,2,52000,28500,0.05,98800.0,Whatsapp,Nequi,Completada,S001,Centro,Barranquilla,Atlántico,E001,Laura,Asesora,Abril,57000
V10830,2025-12-21 12:40:00,C023,Juliana Torres,Recurrente,P008,Cupcake Red Velvet,Cupcakes,Red velvet,1,9500,4800,0.1,8550.0,Instagram,Efectivo,Completada,S002,Norte,Barranquilla,Atlántico,E002,Camila,Asesora,Diciembre,4800
V11033,2025-09-26 14:50:00,C013,Nicolas Vargas,Recurrente,P001,Torta De Chocolate,Tortas,Chocolate,10,42000,22000,0.0,420000.0,Whatsapp,Transferencia,Devuelta,S002,Norte,Barranquilla,Atlántico,E006,Valentina,Asesora,Septiembre,220000
V10966,2025-10-03 18:15:00,C011,Miguel Mendoza,Recurrente,P007,Cupcake Vainilla,Cupcakes,Vainilla,1,8000,3800,0.0,8000.0,Tienda,Transferencia,Completada,S002,Norte,Barranquilla,Atlántico,E002,Camila,Asesora,Octubre,3800
V10330,2025-06-21 12:40:00,C027,Carolina Rojas,Nuevo,P007,Cupcake Vainilla,Cupcakes,Vainilla,3,8000,3800,0.0,24000.0,Domicilio,Tarjeta,Completada,S002,Norte,Barranquilla,Atlántico,E003,Mateo,Asesor,Junio,11400
V11124,2025-11-14 16:15:00,C008,Valentina Diaz,Nuevo,P012,Galleta Avena,Galletas,Avena,5,4000,1700,0.0,20000.0,Tienda,Daviplata,Devuelta,S002,Norte,Barranquilla,Atlántico,E004,Sofia,Asesora,Noviembre,8500
V10852,2025-02-08 13:45:00,C028,Tomas Castro,Nuevo,P017,Macaron Caja X6,Macarons,Variados,10,22000,11000,0.0,220000.0,Tienda,Transferencia,Completada,S001,Centro,Barranquilla,Atlántico,E003,Mateo,Asesor,Febrero,110000
V11032,2025-06-12 13:30:00,C001,Ana Rodriguez,Nuevo,P004,Torta Red Velvet,Tortas,Red velvet,2,45000,24000,0.0,90000.0,Whatsapp,Transferencia,Completada,S001,Centro,Barranquilla,Atlántico,E005,Daniel,Asesor,Junio,48000
V10086,2025-11-03 18:15:00,C021,Natalia Perez,Recurrente,P016,Tarta De Limón,Tartas,Limón,1,18000,8800,0.0,18000.0,Tienda,Transferencia,Completada,S001,Centro,Barranquilla,Atlántico,E003,Mateo,Asesor,Noviembre,8800
V10490,2025-04-15 16:15:00,C003,Maria Gomez,Recurrente,P012,Galleta Avena,Galletas,Avena,1,4000,1700,0.0,4000.0,Tienda,Transferencia,Completada,S004,Riomar,Barranquilla,Atlántico,E001,Laura,Asesora,Abril,1700
V11134,2025-10-03 10:00:00,C019,Felipe Ortiz,Nuevo,P010,Brownie Con Nueces,Repostería,Nueces,1,8500,4000,0.1,7650.0,Domicilio,Nequi,Completada,S001,Centro,Barranquilla,Atlántico,E005,Daniel,Asesor,Octubre,4000
V10571,2025-06-22 13:00:00,C002,Carlos Perez,Recurrente,P013,Croissant,Panadería,Tradicional,2,6500,2800,0.0,13000.0,Tienda,Tarjeta,Completada,S002,Norte,Barranquilla,Atlántico,E002,Camila,Asesora,Junio,5600
V11185,2025-05-25 16:45:00,C015,Diego Suarez,Recurrente,P009,Brownie Clásico,Repostería,Chocolate,1,7000,3200,0.2,5600.0,Tienda,Efectivo,Completada,S002,Norte,Barranquilla,Atlántico,E004,Sofia,Asesora,Mayo,3200
V10686,2025-05-14 18:50:00,C011,Miguel Mendoza,Nuevo,P007,Cupcake Vainilla,Cupcakes,Vainilla,1,8000,3800,0.0,8000.0,Whatsapp,Daviplata,Completada,S003,Soledad,Soledad,Atlántico,E001,Laura,Asesora,Mayo,3800
V11038,2025-11-18 16:50:00,C005,Laura Hernandez,Nuevo,P004,Torta Red Velvet,Tortas,Red velvet,4,45000,24000,0.0,180000.0,Domicilio,Tarjeta,Completada,S001,Centro,Barranquilla,Atlántico,E004,Sofia,Asesora,Noviembre,96000
V10897,2025-04-08 16:15:00,C010,Camila Castro,Nuevo,P014,Roll De Canela,Panadería,Canela,1,7500,3100,0.0,7500.0,Instagram,Tarjeta,Completada,S002,Norte,Barranquilla,Atlántico,E006,Valentina,Asesora,Abril,3100
V10053,2025-01-28 18:50:00,C012,Paula Jimenez,Recurrente,P014,Roll De Canela,Panadería,Canela,2,7500,3100,0.0,15000.0,Whatsapp,Efectivo,Completada,S001,Centro,Barranquilla,Atlántico,E001,Laura,Asesora,Enero,6200
V10227,2025-11-26 09:20:00,C017,Sebastian Ruiz,Recurrente,P008,Cupcake Red Velvet,Cupcakes,Red velvet,4,9500,4800,0.0,38000.0,Domicilio,Efectivo,Completada,S004,Riomar,Barranquilla,Atlántico,E005,Daniel,Asesor,Noviembre,19200
V10707,2025-09-13 14:10:00,C021,Natalia Perez,Nuevo,P006,Cupcake Chocolate,Cupcakes,Chocolate,2,8500,4200,0.0,17000.0,Whatsapp,Transferencia,Completada,S002,Norte,Barranquilla,Atlántico,E004,Sofia,Asesora,Septiembre,8400
V10635,2025-01-08 11:30:00,C007,Andres Torres,Nuevo,P013,Croissant,Panadería,Tradicional,2,6500,2800,0.0,13000.0,Tienda,Valor no conocido,Completada,S002,Norte,Barranquilla,Atlántico,E005,Daniel,Asesor,Enero,5600
V10881,2025-03-13 13:15:00,C026,Ricardo Diaz,Nuevo,P010,Brownie Con Nueces,Repostería,Nueces,2,8500,4000,0.05,16150.0,Tienda,Tarjeta,Completada,S004,Riomar,Barranquilla,Atlántico,E006,Valentina,Asesora,Marzo,8000
V10190,2025-12-07 15:15:00,C006,Sofia Ramirez,Nuevo,P012,Galleta Avena,Galletas,Avena,3,4000,1700,0.2,9600.0,Tienda,Tarjeta,Completada,S002,Norte,Barranquilla,Atlántico,E005,Daniel,Asesor,Diciembre,5100
V10180,2025-06-07 16:40:00,C017,Sebastian Ruiz,Corporativo,P008,Cupcake Red Velvet,Cupcakes,Red velvet,3,9500,4800,0.1,25650.0,Domicilio,Efectivo,Completada,S001,Centro,Barranquilla,Atlántico,E004,Sofia,Asesora,Junio,14400
V10116,2025-01-22 11:20:00,C023,Juliana Torres,Nuevo,P001,Torta De Chocolate,Tortas,Chocolate,5,42000,22000,0.15,178500.0,Instagram,Nequi,Completada,S002,Norte,Barranquilla,Atlántico,E002,Camila,Asesora,Enero,110000
V11206,2025-11-27 18:00:00,C007,Andres Torres,Recurrente,P012,Galleta Avena,Galletas,Avena,3,4000,1700,0.15,10200.0,Tienda,Transferencia,Completada,S002,Norte,Barranquilla,Atlántico,E003,Mateo,Asesor,Noviembre,5100
V10304,2025-11-01 14:45:00,C003,Maria Gomez,Nuevo,P012,Galleta Avena,Galletas,Avena,1,4000,1700,0.05,3800.0,Whatsapp,Efectivo,Completada,S002,Norte,Barranquilla,Atlántico,E006,Valentina,Asesora,Noviembre,1700
V11062,2025-10-10 16:40:00,C023,Juliana Torres,Recurrente,P007,Cupcake Vainilla,Cupcakes,Vainilla,2,8000,3800,0.0,16000.0,Página Web,Nequi,Completada,S001,Centro,Barranquilla,Atlántico,E002,Camila,Asesora,Octubre,7600
V10097,2025-04-13 13:40:00,C011,Miguel Mendoza,Corporativo,P016,Tarta De Limón,Tartas,Limón,8,18000,8800,0.15,122400.0,Tienda,Nequi,Completada,S004,Riomar,Barranquilla,Atlántico,E004,Sofia,Asesora,Abril,70400
V10974,2025-07-28 19:15:00,C014,Sara Moreno,Recurrente,P004,Torta Red Velvet,Tortas,Red velvet,2,45000,24000,0.0,90000.0,Whatsapp,Tarjeta,Completada,S001,Centro,Barranquilla,Atlántico,E002,Camila,Asesora,Julio,48000
V10971,2025-02-09 09:00:00,C027,Carolina Rojas,Recurrente,P012,Galleta Avena,Galletas,Avena,2,4000,1700,0.0,8000.0,Página Web,Tarjeta,Completada,S001,Centro,Barranquilla,Atlántico,E001,Laura,Asesora,Febrero,3400
V10201,2025-07-18 14:45:00,C018,Mariana Navarro,Nuevo,P007,Cupcake Vainilla,Cupcakes,Vainilla,1,8000,3800,0.0,8000.0,Whatsapp,Nequi,Completada,S002,Norte,Barranquilla,Atlántico,E002,Camila,Asesora,Julio,3800
V11243,2025-04-26 13:45:00,C026,Ricardo Diaz,Recurrente,P013,Croissant,Panadería,Tradicional,1,6500,2800,0.0,6500.0,Whatsapp,Nequi,Completada,S002,Norte,Barranquilla,Atlántico,E004,Sofia,Asesora,Abril,2800
V11173,2025-05-15 20:40:00,C007,Andres Torres,Corporativo,P004,Torta Red Velvet,Tortas,Red velvet,6,45000,24000,0.1,243000.0,Tienda,Tarjeta,Completada,S001,Centro,Barranquilla,Atlántico,E005,Daniel,Asesor,Mayo,144000
V10818,2025-12-05 20:40:00,C018,Mariana Navarro,Recurrente,P010,Brownie Con Nueces,Repostería,Nueces,1,8500,4000,0.0,8500.0,Tienda,Nequi,Completada,S002,Norte,Barranquilla,Atlántico,E001,Laura,Asesora,Diciembre,4000
V10007,2025-08-21 16:20:00,C024,Mateo Hernandez,Recurrente,P013,Croissant,Panadería,Tradicional,1,6500,2800,0.0,6500.0,Whatsapp,Tarjeta,Completada,S001,Centro,Barranquilla,Atlántico,E002,Camila,Asesora,Agosto,2800
V10367,2025-11-10 17:15:00,C006,Sofia Ramirez,Nuevo,P003,Cheesecake Frutos Rojos,Tortas,Frutos rojos,2,48000,26000,0.15,81600.0,Tienda,Tarjeta,Completada,S002,Norte,Barranquilla,Atlántico,E002,Camila,Asesora,Noviembre,52000
V10799,2025-02-15 13:50:00,C020,Gabriela Silva,Recurrente,P007,Cupcake Vainilla,Cupcakes,Vainilla,3,8000,3800,0.0,24000.0,Domicilio,Tarjeta,Completada,S002,Norte,Barranquilla,Atlántico,E006,Valentina,Asesora,Febrero,11400
V10589,2025-03-18 19:30:00,C005,Laura Hernandez,Nuevo,P006,Cupcake Chocolate,Cupcakes,Chocolate,1,8500,4200,0.0,8500.0,Página Web,Nequi,Completada,S003,Soledad,Soledad,Atlántico,E002,Camila,Asesora,Marzo,4200
V10206,2025-09-21 17:00:00,C003,Maria Gomez,Nuevo,P011,Galleta Chispas,Galletas,Chocolate,2,4500,1900,0.0,9000.0,Tienda,Nequi,Completada,S003,Soledad,Soledad,Atlántico,E002,Camila,Asesora,Septiembre,3800
V10735,2025-12-12 12:20:00,C014,Sara Moreno,Recurrente,P001,Torta De Chocolate,Tortas,Chocolate,2,42000,22000,0.0,84000.0,Tienda,Transferencia,Completada,S003,Soledad,Soledad,Atlántico,E003,Mateo,Asesor,Diciembre,44000
V10490,2025-08-21 17:40:00,C030,Samuel Jimenez,Nuevo,P008,Cupcake Red Velvet,Cupcakes,Red velvet,1,9500,4800,0.0,9500.0,Tienda,Tarjeta,Completada,S004,Riomar,Barranquilla,Atlántico,E006,Valentina,Asesora,Agosto,4800
V10317,2025-10-20 13:45:00,C017,Sebastian Ruiz,Recurrente,P014,Roll De Canela,Panadería,Canela,3,7500,3100,0.0,22500.0,Tienda,Efectivo,Completada,S002,Norte,Barranquilla,Atlántico,E006,Valentina,Asesora,Octubre,9300
V11024,2025-04-10 17:50:00,C029,Manuela Mendoza,Recurrente,P012,Galleta Avena,Galletas,Avena,5,4000,1700,0.15,17000.0,Tienda,Tarjeta,Completada,S002,Norte,Barranquilla,Atlántico,E002,Camila,Asesora,Abril,8500
V11085,2025-12-23 15:45:00,C029,Manuela Mendoza,Recurrente,P014,Roll De Canela,Panadería,Canela,1,7500,3100,0.0,7500.0,Tienda,Efectivo,Completada,S004,Riomar,Barranquilla,Atlántico,E002,Camila,Asesora,Diciembre,3100
V10451,2025-03-23 18:30:00,C029,Manuela Mendoza,Recurrente,P001,Torta De Chocolate,Tortas,Chocolate,2,42000,22000,0.0,84000.0,Tienda,Nequi,Devuelta,S001,Centro,Barranquilla,Atlántico,E006,Valentina,Asesora,Marzo,44000
V10751,2025-09-19 14:40:00,C015,Diego Suarez,Nuevo,P007,Cupcake Vainilla,Cupcakes,Vainilla,1,8000,3800,0.0,8000.0,Tienda,Tarjeta,Completada,S003,Soledad,Soledad,Atlántico,E002,Camila,Asesora,Septiembre,3800
V11114,2025-06-27 15:00:00,C012,Paula Jimenez,Recurrente,P007,Cupcake Vainilla,Cupcakes,Vainilla,4,8000,3800,0.1,28800.0,Tienda,Nequi,Completada,S003,Soledad,Soledad,Atlántico,E006,Valentina,Asesora,Junio,15200
V10770,2025-02-25 16:40:00,C007,Andres Torres,Nuevo,P016,Tarta De Limón,Tartas,Limón,1,18000,8800,0.0,18000.0,Página Web,Transferencia,Completada,S003,Soledad,Soledad,Atlántico,E002,Camila,Asesora,Febrero,8800
V10376,2025-06-01 14:15:00,C003,Maria Gomez,Nuevo,P003,Cheesecake Frutos Rojos,Tortas,Frutos rojos,2,48000,26000,0.0,96000.0,Tienda,Transferencia,Completada,S001,Centro,Barranquilla,Atlántico,E006,Valentina,Asesora,Junio,52000
V10593,2025-11-18 14:15:00,C004,Juan Martinez,Recurrente,P013,Croissant,Panadería,Tradicional,1,6500,2800,0.0,6500.0,Valor no conocido,Valor no conocido,Completada,S004,Riomar,Barranquilla,Atlántico,E003,Mateo,Asesor,Noviembre,2800
V11195,2025-04-15 12:45:00,C006,Sofia Ramirez,Nuevo,P015,Tarta De Manzana,Tartas,Manzana,1,18000,9000,0.1,16200.0,Domicilio,Nequi,Completada,S002,Norte,Barranquilla,Atlántico,E002,Camila,Asesora,Abril,9000
V10115,2025-10-14 17:15:00,C026,Ricardo Diaz,Recurrente,P007,Cupcake Vainilla,Cupcakes,Vainilla,1,8000,3800,0.0,8000.0,Whatsapp,Transferencia,Completada,S004,Riomar,Barranquilla,Atlántico,E003,Mateo,Asesor,Octubre,3800
V10407,2025-02-28 15:40:00,C001,Ana Rodriguez,Recurrente,P011,Galleta Chispas,Galletas,Chocolate,1,4500,1900,0.0,4500.0,Instagram,Tarjeta,Completada,S002,Norte,Barranquilla,Atlántico,E004,Sofia,Asesora,Febrero,1900
V10942,2025-09-02 12:10:00,C026,Ricardo Diaz,Nuevo,P007,Cupcake Vainilla,Cupcakes,Vainilla,2,8000,3800,0.0,16000.0,Tienda,Transferencia,Completada,S001,Centro,Barranquilla,Atlántico,E006,Valentina,Asesora,Septiembre,7600
V10612,2025-04-11 19:20:00,C004,Juan Martinez,Nuevo,P008,Cupcake Red Velvet,Cupcakes,Red velvet,3,9500,4800,0.0,28500.0,Whatsapp,Daviplata,Completada,S004,Riomar,Barranquilla,Atlántico,E005,Daniel,Asesor,Abril,14400
V11197,2025-05-27 17:30:00,C009,Daniel Rojas,Nuevo,P014,Roll De Canela,Panadería,Canela,1,7500,3100,0.15,6375.0,Tienda,Tarjeta,Cancelada,S001,Centro,Barranquilla,Atlántico,E004,Sofia,Asesora,Mayo,3100
V10716,2025-03-28 17:15:00,C019,Felipe Ortiz,Recurrente,P015,Tarta De Manzana,Tartas,Manzana,1,18000,9000,0.0,18000.0,Tienda,Transferencia,Completada,S004,Riomar,Barranquilla,Atlántico,E006,Valentina,Asesora,Marzo,9000
V10606,2025-05-13 15:15:00,C002,Carlos Perez,Nuevo,P014,Roll De Canela,Panadería,Canela,5,7500,3100,0.15,31875.0,Tienda,Nequi,Cancelada,S001,Centro,Barranquilla,Atlántico,E006,Valentina,Asesora,Mayo,15500
V10444,2025-04-05 14:45:00,C020,Gabriela Silva,Nuevo,P005,Torta tres Leches,Tortas,Leches,2,40000,21000,0.0,80000.0,Whatsapp,Efectivo,Completada,S001,Centro,Barranquilla,Atlántico,E006,Valentina,Asesora,Abril,42000
V10143,2025-06-03 16:10:00,C008,Valentina Diaz,Recurrente,P008,Cupcake Red Velvet,Cupcakes,Red velvet,4,9500,4800,0.0,38000.0,Instagram,Transferencia,Completada,S001,Centro,Barranquilla,Atlántico,E005,Daniel,Asesor,Junio,19200
V11243,2025-11-06 15:40:00,C029,Manuela Mendoza,Nuevo,P013,Croissant,Panadería,Tradicional,3,6500,2800,0.05,18525.0,Tienda,Daviplata,Completada,S002,Norte,Barranquilla,Atlántico,E004,Sofia,Asesora,Noviembre,8400
V10580,2025-05-08 15:15:00,C007,Andres Torres,Recurrente,P011,Galleta Chispas,Galletas,Chocolate,1,4500,1900,0.0,4500.0,Tienda,Transferencia,Completada,S004,Riomar,Barranquilla,Atlántico,E004,Sofia,Asesora,Mayo,1900
V11204,2025-09-02 20:45:00,C004,Juan Martinez,Nuevo,P012,Galleta Avena,Galletas,Avena,1,4000,1700,0.0,4000.0,Tienda,Transferencia,Completada,S003,Soledad,Soledad,Atlántico,E006,Valentina,Asesora,Septiembre,1700
V10907,2025-12-24 15:50:00,C006,Sofia Ramirez,Recurrente,P012,Galleta Avena,Galletas,Avena,1,4000,1700,0.0,4000.0,Tienda,Tarjeta,Completada,S003,Soledad,Soledad,Atlántico,E001,Laura,Asesora,Diciembre,1700
V11045,2025-12-17 17:00:00,C024,Mateo Hernandez,Recurrente,P014,Roll De Canela,Panadería,Canela,4,7500,3100,0.0,30000.0,Instagram,Tarjeta,Completada,S001,Centro,Barranquilla,Atlántico,E002,Camila,Asesora,Diciembre,12400
V10824,2025-05-30 19:45:00,C022,Alejandro Gomez,Nuevo,P010,Brownie Con Nueces,Repostería,Nueces,2,8500,4000,0.0,17000.0,Valor no conocido,Transferencia,Devuelta,S001,Centro,Barranquilla,Atlántico,E004,Sofia,Asesora,Mayo,8000
V10230,2025-10-15 17:15:00,C019,Felipe Ortiz,Corporativo,P001,Torta De Chocolate,Tortas,Chocolate,6,42000,22000,0.1,226800.0,Domicilio,Tarjeta,Completada,S002,Norte,Barranquilla,Atlántico,E003,Mateo,Asesor,Octubre,132000
V10005,2025-07-24 10:45:00,C005,Laura Hernandez,Recurrente,P015,Tarta De Manzana,Tartas,Manzana,1,18000,9000,0.0,18000.0,Tienda,Efectivo,Completada,S002,Norte,Barranquilla,Atlántico,E005,Daniel,Asesor,Julio,9000
V10790,2025-09-01 17:20:00,C029,Manuela Mendoza,Nuevo,P005,Torta tres Leches,Tortas,Leches,1,40000,21000,0.0,40000.0,Whatsapp,Daviplata,Completada,S002,Norte,Barranquilla,Atlántico,E002,Camila,Asesora,Septiembre,21000
V10552,2025-10-10 14:30:00,C012,Paula Jimenez,Nuevo,P005,Torta tres Leches,Tortas,Leches,3,40000,21000,0.0,120000.0,Whatsapp,Transferencia,Completada,S001,Centro,Barranquilla,Atlántico,E006,Valentina,Asesora,Octubre,63000
V11005,2025-11-23 17:45:00,C001,Ana Rodriguez,Recurrente,P006,Cupcake Chocolate,Cupcakes,Chocolate,2,8500,4200,0.2,13600.0,Instagram,Tarjeta,Completada,S001,Centro,Barranquilla,Atlántico,E006,Valentina,Asesora,Noviembre,8400
V10291,2025-02-15 16:10:00,C016,Isabella Romero,Nuevo,P011,Galleta Chispas,Galletas,Chocolate,2,4500,1900,0.0,9000.0,Domicilio,Daviplata,Completada,S001,Centro,Barranquilla,Atlántico,E002,Camila,Asesora,Febrero,3800
V10650,2025-06-04 14:00:00,C019,Felipe Ortiz,Recurrente,P007,Cupcake Vainilla,Cupcakes,Vainilla,1,8000,3800,0.0,8000.0,Whatsapp,Transferencia,Completada,S003,Soledad,Soledad,Atlántico,E004,Sofia,Asesora,Junio,3800
V10609,2025-10-23 14:45:00,C012,Paula Jimenez,Recurrente,P015,Tarta De Manzana,Tartas,Manzana,1,18000,9000,0.0,18000.0,Domicilio,Transferencia,Completada,S004,Riomar,Barranquilla,Atlántico,E003,Mateo,Asesor,Octubre,9000
V10254,2025-05-03 19:30:00,C006,Sofia Ramirez,Nuevo,P006,Cupcake Chocolate,Cupcakes,Chocolate,1,8500,4200,0.0,8500.0,Whatsapp,Transferencia,Completada,S003,Soledad,Soledad,Atlántico,E006,Valentina,Asesora,Mayo,4200
V10909,2025-07-08 18:45:00,C005,Laura Hernandez,Recurrente,P006,Cupcake Chocolate,Cupcakes,Chocolate,1,8500,4200,0.15,7225.0,Página Web,Tarjeta,Completada,S003,Soledad,Soledad,Atlántico,E002,Camila,Asesora,Julio,4200
V10995,2025-10-21 20:50:00,C028,Tomas Castro,Recurrente,P013,Croissant,Panadería,Tradicional,1,6500,2800,0.0,6500.0,Whatsapp,Transferencia,Completada,S004,Riomar,Barranquilla,Atlántico,E001,Laura,Asesora,Octubre,2800
V10965,2025-01-11 16:10:00,C010,Camila Castro,Nuevo,P010,Brownie Con Nueces,Repostería,Nueces,2,8500,4000,0.1,15300.0,Domicilio,Nequi,Completada,S001,Centro,Barranquilla,Atlántico,E005,Daniel,Asesor,Enero,8000
V10208,2025-04-20 15:15:00,C021,Natalia Perez,Nuevo,P011,Galleta Chispas,Galletas,Chocolate,1,4500,1900,0.0,4500.0,Valor no conocido,Transferencia,Cancelada,S004,Riomar,Barranquilla,Atlántico,E006,Valentina,Asesora,Abril,1900
V10805,2025-01-21 14:00:00,C026,Ricardo Diaz,Nuevo,P007,Cupcake Vainilla,Cupcakes,Vainilla,2,8000,3800,0.0,16000.0,Domicilio,Efectivo,Completada,S002,Norte,Barranquilla,Atlántico,E002,Camila,Asesora,Enero,7600
V11018,2025-07-02 14:45:00,C008,Valentina Diaz,Recurrente,P019,Caja Desayuno,Combos,Desayuno,1,32000,17000,0.0,32000.0,Whatsapp,Tarjeta,Completada,S004,Riomar,Barranquilla,Atlántico,E001,Laura,Asesora,Julio,17000
V10303,2025-12-01 12:45:00,C030,Samuel Jimenez,Nuevo,P003,Cheesecake Frutos Rojos,Tortas,Frutos rojos,3,48000,26000,0.1,129600.0,Whatsapp,Tarjeta,Completada,S004,Riomar,Barranquilla,Atlántico,E004,Sofia,Asesora,Diciembre,78000
V10952,2025-09-08 13:45:00,C014,Sara Moreno,Nuevo,P014,Roll De Canela,Panadería,Canela,1,7500,3100,0.0,7500.0,Whatsapp,Efectivo,Completada,S004,Riomar,Barranquilla,Atlántico,E001,Laura,Asesora,Septiembre,3100
V11086,2025-09-29 15:45:00,C009,Daniel Rojas,Nuevo,P016,Tarta De Limón,Tartas,Limón,1,18000,8800,0.0,18000.0,Whatsapp,Tarjeta,Completada,S004,Riomar,Barranquilla,Atlántico,E004,Sofia,Asesora,Septiembre,8800
V10113,2025-06-16 16:30:00,C016,Isabella Romero,Recurrente,P010,Brownie Con Nueces,Repostería,Nueces,1,8500,4000,0.0,8500.0,Tienda,Daviplata,Completada,S004,Riomar,Barranquilla,Atlántico,E005,Daniel,Asesor,Junio,4000
V10433,2025-05-10 15:40:00,C013,Nicolas Vargas,Nuevo,P009,Brownie Clásico,Repostería,Chocolate,1,7000,3200,0.0,7000.0,Whatsapp,Daviplata,Completada,S002,Norte,Barranquilla,Atlántico,E004,Sofia,Asesora,Mayo,3200
V10975,2025-07-19 15:40:00,C017,Valor no conocido,Recurrente,P007,Cupcake Vainilla,Cupcakes,Vainilla,3,8000,3800,0.1,21600.0,Valor no conocido,Transferencia,Completada,S001,Centro,Barranquilla,Atlántico,E004,Sofia,Asesora,Julio,11400
V10182,2025-07-03 10:50:00,C026,Ricardo Diaz,Recurrente,P011,Galleta Chispas,Galletas,Chocolate,5,4500,1900,0.15,19125.0,Whatsapp,Tarjeta,Completada,S002,Norte,Barranquilla,Atlántico,E005,Daniel,Asesor,Julio,9500
V11104,2025-07-17 15:40:00,C018,Mariana Navarro,Nuevo,P019,Caja Desayuno,Combos,Desayuno,1,32000,17000,0.0,32000.0,Whatsapp,Nequi,Completada,S001,Centro,Barranquilla,Atlántico,E006,Valentina,Asesora,Julio,17000
V11225,2025-05-20 16:15:00,C021,Natalia Perez,Recurrente,P008,Cupcake Red Velvet,Cupcakes,Red velvet,3,9500,4800,0.0,28500.0,Página Web,Nequi,Completada,S003,Soledad,Soledad,Atlántico,E005,Daniel,Asesor,Mayo,14400
V10359,2025-12-25 17:20:00,C013,Nicolas Vargas,Recurrente,P002,Torta De Vainilla,Tortas,Vainilla,2,38000,19500,0.0,76000.0,Domicilio,Transferencia,Completada,S002,Norte,Barranquilla,Atlántico,E001,Laura,Asesora,Diciembre,39000
V10437,2025-01-15 19:40:00,C027,Carolina Rojas,Valor no conocido,P020,Caja Regalo Dulce,Combos,Regalo,2,52000,28500,0.0,104000.0,Instagram,Tarjeta,Completada,S001,Centro,Barranquilla,Atlántico,E006,Valentina,Asesora,Enero,57000
V11140,2025-02-27 20:15:00,C007,Andres Torres,Recurrente,P006,Cupcake Chocolate,Cupcakes,Chocolate,1,8500,4200,0.0,8500.0,Whatsapp,Nequi,Completada,S002,Norte,Barranquilla,Atlántico,E006,Valentina,Asesora,Febrero,4200
V10182,2025-03-03 09:40:00,C025,Lucia Ramirez,Nuevo,P019,Caja Desayuno,Combos,Desayuno,1,32000,17000,0.15,27200.0,Tienda,Efectivo,Completada,S002,Norte,Barranquilla,Atlántico,E002,Camila,Asesora,Marzo,17000
V10895,2025-10-02 19:15:00,C030,Samuel Jimenez,Nuevo,P006,Cupcake Chocolate,Cupcakes,Chocolate,6,8500,4200,0.0,51000.0,Whatsapp,Tarjeta,Completada,S002,Norte,Barranquilla,Atlántico,E004,Sofia,Asesora,Octubre,25200
V10184,2025-02-22 16:30:00,C005,Laura Hernandez,Nuevo,P016,Tarta De Limón,Tartas,Limón,1,18000,8800,0.2,14400.0,Página Web,Tarjeta,Completada,S004,Riomar,Barranquilla,Atlántico,E001,Laura,Asesora,Febrero,8800
V11108,2025-06-03 11:30:00,C023,Juliana Torres,Nuevo,P002,Torta De Vainilla,Tortas,Vainilla,4,38000,19500,0.0,152000.0,Domicilio,Tarjeta,Completada,S004,Riomar,Barranquilla,Atlántico,E005,Daniel,Asesor,Junio,78000
V11116,2025-08-28 20:45:00,C007,Andres Torres,Corporativo,P016,Tarta De Limón,Tartas,Limón,6,18000,8800,0.1,97200.0,Whatsapp,Transferencia,Completada,S004,Riomar,Barranquilla,Atlántico,E001,Laura,Asesora,Agosto,52800
V10171,2025-06-04 11:50:00,C020,Gabriela Silva,Recurrente,P012,Galleta Avena,Galletas,Avena,3,4000,1700,0.0,12000.0,Tienda,Efectivo,Cancelada,S001,Centro,Barranquilla,Atlántico,E006,Valentina,Asesora,Junio,5100
V10737,2025-02-12 14:50:00,C024,Mateo Hernandez,Nuevo,P006,Cupcake Chocolate,Cupcakes,Chocolate,4,8500,4200,0.0,34000.0,Página Web,Efectivo,Completada,S002,Norte,Barranquilla,Atlántico,E006,Valentina,Asesora,Febrero,16800
V10069,2025-11-14 11:00:00,C018,Valor no conocido,Nuevo,P004,Torta Red Velvet,Tortas,Red velvet,2,45000,24000,0.0,90000.0,Valor no conocido,Transferencia,Completada,S004,Riomar,Barranquilla,Atlántico,E001,Laura,Asesora,Noviembre,48000
V10118,2025-01-20 17:30:00,C006,Sofia Ramirez,Nuevo,P002,Torta De Vainilla,Tortas,Vainilla,4,38000,19500,0.0,152000.0,Domicilio,Efectivo,Completada,S004,Riomar,Barranquilla,Atlántico,E001,Laura,Asesora,Enero,78000
V10666,2025-08-26 13:30:00,C024,Mateo Hernandez,Recurrente,P015,Tarta De Manzana,Tartas,Manzana,2,18000,9000,0.0,36000.0,Tienda,Tarjeta,Completada,S002,Norte,Barranquilla,Atlántico,E001,Laura,Asesora,Agosto,18000
V10977,2025-09-28 14:40:00,C004,Juan Martinez,Nuevo,P008,Cupcake Red Velvet,Cupcakes,Red velvet,3,9500,4800,0.0,28500.0,Tienda,Nequi,Completada,S002,Norte,Barranquilla,Atlántico,E003,Mateo,Asesor,Septiembre,14400
V10836,2025-10-07 13:50:00,C021,Natalia Perez,Recurrente,P011,Galleta Chispas,Galletas,Chocolate,2,4500,1900,0.0,9000.0,Whatsapp,Tarjeta,Completada,S001,Centro,Barranquilla,Atlántico,E005,Daniel,Asesor,Octubre,3800
V10555,2025-09-08 14:40:00,C012,Paula Jimenez,Recurrente,P016,Tarta De Limón,Tartas,Limón,4,18000,8800,0.0,72000.0,Whatsapp,Transferencia,Completada,S001,Centro,Barranquilla,Atlántico,E006,Valentina,Asesora,Septiembre,35200
V11119,2025-02-12 12:15:00,C025,Lucia Ramirez,Recurrente,P015,Tarta De Manzana,Tartas,Manzana,1,18000,9000,0.0,18000.0,Tienda,Efectivo,Completada,S001,Centro,Barranquilla,Atlántico,E001,Laura,Asesora,Febrero,9000
V10457,2025-01-05 17:45:00,C029,Manuela Mendoza,Recurrente,P009,Brownie Clásico,Repostería,Chocolate,5,7000,3200,0.2,28000.0,Página Web,Transferencia,Completada,S004,Riomar,Barranquilla,Atlántico,E002,Camila,Asesora,Enero,16000
V10943,2025-08-23 14:40:00,C021,Natalia Perez,Nuevo,P010,Brownie Con Nueces,Repostería,Nueces,5,8500,4000,0.0,42500.0,Tienda,Tarjeta,Completada,S002,Norte,Barranquilla,Atlántico,E004,Sofia,Asesora,Agosto,20000
V10104,2025-03-23 08:45:00,C030,Samuel Jimenez,Recurrente,P008,Cupcake Red Velvet,Cupcakes,Red velvet,1,9500,4800,0.0,9500.0,Página Web,Transferencia,Completada,S004,Riomar,Barranquilla,Atlántico,E005,Daniel,Asesor,Marzo,4800
V10957,2025-07-14 14:00:00,C007,Andres Torres,Recurrente,P015,Tarta De Manzana,Tartas,Manzana,1,18000,9000,0.0,18000.0,Domicilio,Valor no conocido,Completada,S002,Norte,Barranquilla,Atlántico,E006,Valentina,Asesora,Julio,9000
V10779,2025-08-28 16:10:00,C007,Andres Torres,Recurrente,P011,Galleta Chispas,Galletas,Chocolate,3,4500,1900,0.0,13500.0,Whatsapp,Tarjeta,Completada,S002,Norte,Barranquilla,Atlántico,E002,Camila,Asesora,Agosto,5700
V11093,2025-05-18 20:50:00,C007,Andres Torres,Recurrente,P013,Croissant,Panadería,Tradicional,2,6500,2800,0.0,13000.0,Instagram,Tarjeta,Completada,S001,Centro,Barranquilla,Atlántico,E001,Laura,Asesora,Mayo,5600
V10683,2025-03-04 18:40:00,C017,Sebastian Ruiz,Recurrente,P009,Brownie Clásico,Repostería,Chocolate,2,7000,3200,0.0,14000.0,Instagram,Transferencia,Completada,S004,Riomar,Barranquilla,Atlántico,E002,Camila,Asesora,Marzo,6400
V10333,2025-12-13 11:50:00,C007,Andres Torres,Recurrente,P016,Tarta De Limón,Tartas,Limón,2,18000,8800,0.05,34200.0,Página Web,Transferencia,Completada,S004,Riomar,Barranquilla,Atlántico,E001,Laura,Asesora,Diciembre,17600
V10299,2025-01-18 17:30:00,C020,Gabriela Silva,Nuevo,P006,Cupcake Chocolate,Cupcakes,Chocolate,1,8500,4200,0.0,8500.0,Domicilio,Efectivo,Completada,S004,Riomar,Barranquilla,Atlántico,E005,Daniel,Asesor,Enero,4200
V10415,2025-04-13 16:45:00,C005,Laura Hernandez,Nuevo,P014,Roll De Canela,Panadería,Canela,3,7500,3100,0.0,22500.0,Página Web,Valor no conocido,Completada,S002,Norte,Barranquilla,Atlántico,E003,Mateo,Asesor,Abril,9300
V11025,2025-06-25 11:10:00,C019,Felipe Ortiz,Nuevo,P008,Cupcake Red Velvet,Cupcakes,Red velvet,6,9500,4800,0.0,57000.0,Tienda,Nequi,Completada,S002,Norte,Barranquilla,Atlántico,E005,Daniel,Asesor,Junio,28800
V10412,2025-02-17 16:30:00,C019,Felipe Ortiz,Nuevo,P012,Galleta Avena,Galletas,Avena,1,4000,1700,0.0,4000.0,Tienda,Nequi,Completada,S003,Soledad,Soledad,Atlántico,E005,Daniel,Asesor,Febrero,1700
V11149,2025-08-09 14:50:00,C007,Andres Torres,Recurrente,P006,Cupcake Chocolate,Cupcakes,Chocolate,2,8500,4200,0.0,17000.0,Tienda,Tarjeta,Completada,S002,Norte,Barranquilla,Atlántico,E002,Camila,Asesora,Agosto,8400
V10282,2025-08-16 15:40:00,C023,Juliana Torres,Recurrente,P002,Torta De Vainilla,Tortas,Vainilla,2,38000,19500,0.0,76000.0,Whatsapp,Nequi,Completada,S001,Centro,Barranquilla,Atlántico,E004,Sofia,Asesora,Agosto,39000
V11144,2025-01-30 13:10:00,C026,Ricardo Diaz,Recurrente,P005,Torta tres Leches,Tortas,Leches,5,40000,21000,0.0,200000.0,Whatsapp,Transferencia,Completada,S002,Norte,Barranquilla,Atlántico,E006,Valentina,Asesora,Enero,105000
V10315,2025-10-18 16:40:00,C020,Gabriela Silva,Nuevo,P007,Cupcake Vainilla,Cupcakes,Vainilla,2,8000,3800,0.0,16000.0,Tienda,Nequi,Completada,S002,Norte,Barranquilla,Atlántico,E002,Camila,Asesora,Octubre,7600
V10000,2025-11-24 09:20:00,C024,Mateo Hernandez,Nuevo,P008,Cupcake Red Velvet,Cupcakes,Red velvet,1,9500,4800,0.0,9500.0,Página Web,Transferencia,Completada,S001,Centro,Barranquilla,Atlántico,E002,Camila,Asesora,Noviembre,4800
V11164,2025-12-25 09:00:00,C005,Laura Hernandez,Recurrente,P011,Galleta Chispas,Galletas,Chocolate,5,4500,1900,0.0,22500.0,Tienda,Daviplata,Completada,S002,Norte,Barranquilla,Atlántico,E002,Camila,Asesora,Diciembre,9500
V10283,2025-03-21 17:20:00,C027,Carolina Rojas,Nuevo,P009,Brownie Clásico,Repostería,Chocolate,1,7000,3200,0.0,7000.0,Tienda,Transferencia,Completada,S002,Norte,Barranquilla,Atlántico,E003,Mateo,Asesor,Marzo,3200
V10745,2025-12-10 14:40:00,C013,Nicolas Vargas,Recurrente,P012,Galleta Avena,Galletas,Avena,2,4000,1700,0.2,6400.0,Tienda,Tarjeta,Completada,S001,Centro,Barranquilla,Atlántico,E001,Laura,Asesora,Diciembre,3400
V10687,2025-09-29 14:10:00,C029,Manuela Mendoza,Nuevo,P013,Croissant,Panadería,Tradicional,1,6500,2800,0.0,6500.0,Instagram,Tarjeta,Completada,S004,Riomar,Barranquilla,Atlántico,E006,Valentina,Asesora,Septiembre,2800
V11236,2025-04-26 15:00:00,C016,Isabella Romero,Recurrente,P011,Galleta Chispas,Galletas,Chocolate,8,4500,1900,0.1,32400.0,Tienda,Nequi,Completada,S002,Norte,Barranquilla,Atlántico,E006,Valentina,Asesora,Abril,15200
V10388,2025-06-07 17:45:00,C028,Tomas Castro,Recurrente,P020,Caja Regalo Dulce,Combos,Regalo,1,52000,28500,0.0,52000.0,Domicilio,Nequi,Completada,S004,Riomar,Barranquilla,Atlántico,E006,Valentina,Asesora,Junio,28500
V11107,2025-08-29 17:45:00,C020,Gabriela Silva,Nuevo,P001,Torta De Chocolate,Tortas,Chocolate,3,42000,22000,0.0,126000.0,Página Web,Tarjeta,Completada,S001,Centro,Barranquilla,Atlántico,E002,Camila,Asesora,Agosto,66000
V10048,2025-02-28 19:50:00,C021,Natalia Perez,Nuevo,P006,Cupcake Chocolate,Cupcakes,Chocolate,1,8500,4200,0.0,8500.0,Tienda,Efectivo,Completada,S002,Norte,Barranquilla,Atlántico,E001,Laura,Asesora,Febrero,4200
V10526,2025-02-17 14:30:00,C030,Samuel Jimenez,Nuevo,P006,Cupcake Chocolate,Cupcakes,Chocolate,3,8500,4200,0.0,25500.0,Domicilio,Efectivo,Completada,S003,Soledad,Soledad,Atlántico,E005,Daniel,Asesor,Febrero,12600
V11127,2025-05-25 16:40:00,C027,Carolina Rojas,Recurrente,P004,Torta Red Velvet,Tortas,Red velvet,3,45000,24000,0.0,135000.0,Página Web,Nequi,Completada,S001,Centro,Barranquilla,Atlántico,E006,Valentina,Asesora,Mayo,72000
V10381,2025-11-14 11:30:00,C022,Alejandro Gomez,Corporativo,P008,Cupcake Red Velvet,Cupcakes,Red velvet,3,9500,4800,0.2,22800.0,Tienda,Nequi,Completada,S002,Norte,Barranquilla,Atlántico,E001,Laura,Asesora,Noviembre,14400
V10540,2025-01-01 15:20:00,C019,Felipe Ortiz,Recurrente,P011,Galleta Chispas,Galletas,Chocolate,4,4500,1900,0.0,18000.0,Domicilio,Tarjeta,Completada,S002,Norte,Barranquilla,Atlántico,E001,Laura,Asesora,Enero,7600
V10139,2025-09-30 19:15:00,C001,Ana Rodriguez,Nuevo,P010,Brownie Con Nueces,Repostería,Nueces,3,8500,4000,0.0,25500.0,Whatsapp,Tarjeta,Completada,S002,Norte,Barranquilla,Atlántico,E001,Laura,Asesora,Septiembre,12000
V10368,2025-03-15 11:30:00,C017,Sebastian Ruiz,Nuevo,P014,Roll De Canela,Panadería,Canela,1,7500,3100,0.0,7500.0,Tienda,Nequi,Completada,S003,Soledad,Soledad,Atlántico,E003,Mateo,Asesor,Marzo,3100
V10100,2025-06-27 15:10:00,C018,Mariana Navarro,Recurrente,P009,Brownie Clásico,Repostería,Chocolate,4,7000,3200,0.0,28000.0,Domicilio,Nequi,Completada,S003,Soledad,Soledad,Atlántico,E002,Camila,Asesora,Junio,12800
V10032,2025-07-28 17:45:00,C015,Diego Suarez,Nuevo,P012,Galleta Avena,Galletas,Avena,1,4000,1700,0.0,4000.0,Whatsapp,Daviplata,Completada,S002,Norte,Barranquilla,Atlántico,E004,Sofia,Asesora,Julio,1700
V10437,2025-10-20 19:40:00,C030,Samuel Jimenez,Nuevo,P014,Roll De Canela,Panadería,Canela,3,7500,3100,0.05,21375.0,Instagram,Nequi,Completada,S001,Centro,Barranquilla,Atlántico,E002,Camila,Asesora,Octubre,9300
V10712,2025-02-18 13:45:00,C015,Diego Suarez,Recurrente,P010,Brownie Con Nueces,Repostería,Nueces,1,8500,4000,0.0,8500.0,Instagram,Nequi,Completada,S001,Centro,Barranquilla,Atlántico,E005,Daniel,Asesor,Febrero,4000
V10585,2025-08-06 08:45:00,C023,Juliana Torres,Nuevo,P009,Brownie Clásico,Repostería,Chocolate,2,7000,3200,0.1,12600.0,Whatsapp,Transferencia,Completada,S002,Norte,Barranquilla,Atlántico,E002,Camila,Asesora,Agosto,6400
V10076,2025-01-27 15:10:00,C020,Gabriela Silva,Nuevo,P004,Torta Red Velvet,Tortas,Red velvet,1,45000,24000,0.0,45000.0,Whatsapp,Tarjeta,Completada,S004,Riomar,Barranquilla,Atlántico,E003,Mateo,Asesor,Enero,24000
V11272,2025-07-04 18:00:00,C021,Natalia Perez,Nuevo,P011,Galleta Chispas,Galletas,Chocolate,1,4500,1900,0.0,4500.0,Tienda,Daviplata,Completada,S001,Centro,Barranquilla,Atlántico,E005,Daniel,Asesor,Julio,1900
V10147,2025-08-18 13:45:00,C017,Sebastian Ruiz,Nuevo,P004,Torta Red Velvet,Tortas,Red velvet,1,45000,24000,0.0,45000.0,Tienda,Efectivo,Completada,S002,Norte,Barranquilla,Atlántico,E001,Laura,Asesora,Agosto,24000
V10729,2025-04-22 16:00:00,C002,Valor no conocido,Recurrente,P005,Torta tres Leches,Tortas,Leches,2,40000,21000,0.0,80000.0,Instagram,Transferencia,Completada,S002,Norte,Barranquilla,Atlántico,E003,Mateo,Asesor,Abril,42000
V11047,2025-07-31 17:40:00,C004,Juan Martinez,Nuevo,P020,Caja Regalo Dulce,Combos,Regalo,1,52000,28500,0.0,52.0,Domicilio,Transferencia,Completada,S002,Norte,Barranquilla,Atlántico,E004,Sofia,Asesora,Julio,28500
V10653,2025-11-18 11:00:00,C030,Samuel Jimenez,Nuevo,P011,Galleta Chispas,Galletas,Chocolate,2,4500,1900,0.05,8550.0,Instagram,Efectivo,Completada,S002,Norte,Barranquilla,Atlántico,E005,Daniel,Asesor,Noviembre,3800
V10325,2025-05-13 14:50:00,C013,Nicolas Vargas,Nuevo,P011,Galleta Chispas,Galletas,Chocolate,5,4500,1900,0.0,22500.0,Tienda,Nequi,Completada,S004,Riomar,Barranquilla,Atlántico,E002,Camila,Asesora,Mayo,9500
V10202,2025-03-17 18:30:00,C019,Felipe Ortiz,Recurrente,P009,Brownie Clásico,Repostería,Chocolate,6,7000,3200,0.15,35700.0,Domicilio,Valor no conocido,Completada,S002,Norte,Barranquilla,Atlántico,E004,Sofia,Asesora,Marzo,19200
V10059,2025-02-11 16:20:00,C028,Tomas Castro,Recurrente,P020,Caja Regalo Dulce,Combos,Regalo,2,52000,28500,0.0,104000.0,Domicilio,Transferencia,Completada,S004,Riomar,Barranquilla,Atlántico,E006,Valentina,Asesora,Febrero,57000
V10669,2025-09-03 18:20:00,C009,Daniel Rojas,Recurrente,P011,Galleta Chispas,Galletas,Chocolate,1,4500,1900,0.0,4500.0,Whatsapp,Tarjeta,Completada,S004,Riomar,Barranquilla,Atlántico,E001,Laura,Asesora,Septiembre,1900
V10103,2025-05-06 12:40:00,C022,Alejandro Gomez,Nuevo,P006,Cupcake Chocolate,Cupcakes,Chocolate,2,8500,4200,0.0,17000.0,Instagram,Tarjeta,Completada,S004,Riomar,Barranquilla,Atlántico,E006,Valentina,Asesora,Mayo,8400
V10243,2025-03-27 11:45:00,C025,Lucia Ramirez,Recurrente,P002,Torta De Vainilla,Tortas,Vainilla,1,38000,19500,0.0,38000.0,Tienda,Valor no conocido,Completada,S004,Riomar,Barranquilla,Atlántico,E006,Valentina,Asesora,Marzo,19500
V10882,2025-10-27 19:10:00,C017,Sebastian Ruiz,Recurrente,P004,Torta Red Velvet,Tortas,Red velvet,5,45000,24000,0.0,225000.0,Tienda,Tarjeta,Completada,S001,Centro,Barranquilla,Atlántico,E002,Camila,Asesora,Octubre,120000
V10266,2025-07-23 17:00:00,C028,Tomas Castro,Recurrente,P011,Galleta Chispas,Galletas,Chocolate,1,4500,1900,0.0,4500.0,Tienda,Nequi,Completada,S003,Soledad,Soledad,Atlántico,E002,Camila,Asesora,Julio,1900
V11260,2025-05-14 18:50:00,C028,Tomas Castro,Recurrente,P011,Galleta Chispas,Galletas,Chocolate,4,4500,1900,0.1,16200.0,Instagram,Nequi,Completada,S003,Soledad,Soledad,Atlántico,E003,Mateo,Asesor,Mayo,7600
V11197,2025-10-05 13:00:00,C028,Tomas Castro,Recurrente,P017,Macaron Caja X6,Macarons,Variados,1,22000,11000,0.0,22000.0,Instagram,Transferencia,Completada,S001,Centro,Barranquilla,Atlántico,E005,Daniel,Asesor,Octubre,11000
V10408,2025-05-15 17:00:00,C013,Nicolas Vargas,Recurrente,P019,Caja Desayuno,Combos,Desayuno,1,32000,17000,0.05,30400.0,Domicilio,Valor no conocido,Completada,S002,Norte,Barranquilla,Atlántico,E006,Valentina,Asesora,Mayo,17000
V10275,2025-05-18 14:15:00,C020,Gabriela Silva,Nuevo,P009,Brownie Clásico,Repostería,Chocolate,1,7000,3200,0.0,7000.0,Whatsapp,Tarjeta,Completada,S002,Norte,Barranquilla,Atlántico,E005,Daniel,Asesor,Mayo,3200
V10023,2025-12-04 13:00:00,C011,Miguel Mendoza,Nuevo,P011,Galleta Chispas,Galletas,Chocolate,1,4500,1900,0.0,4500.0,Página Web,Tarjeta,Completada,S001,Centro,Barranquilla,Atlántico,E001,Laura,Asesora,Diciembre,1900
V10868,2025-01-29 17:40:00,C023,Juliana Torres,Nuevo,P011,Galleta Chispas,Galletas,Chocolate,1,4500,1900,0.0,4500.0,Tienda,Tarjeta,Cancelada,S003,Soledad,Soledad,Atlántico,E003,Mateo,Asesor,Enero,1900
V11180,2025-04-19 20:00:00,C015,Diego Suarez,Recurrente,P020,Caja Regalo Dulce,Combos,Regalo,1,52000,28500,0.1,46800.0,Tienda,Transferencia,Completada,S002,Norte,Barranquilla,Atlántico,E001,Laura,Asesora,Abril,28500
V10789,2025-02-21 14:00:00,C029,Manuela Mendoza,Valor no conocido,P001,Torta De Chocolate,Tortas,Chocolate,1,42000,22000,0.0,42000.0,Tienda,Daviplata,Completada,S001,Centro,Barranquilla,Atlántico,E003,Mateo,Asesor,Febrero,22000
V10137,2025-10-19 14:40:00,C016,Isabella Romero,Recurrente,P011,Galleta Chispas,Galletas,Chocolate,6,4500,1900,0.0,27000.0,Tienda,Nequi,Completada,S004,Riomar,Barranquilla,Atlántico,E002,Camila,Asesora,Octubre,11400
V10762,2025-06-05 14:15:00,C001,Ana Rodriguez,Nuevo,P011,Galleta Chispas,Galletas,Chocolate,3,4500,1900,0.0,13500.0,Página Web,Daviplata,Completada,S001,Centro,Barranquilla,Atlántico,E005,Daniel,Asesor,Junio,5700
V10401,2025-06-17 18:20:00,C013,Nicolas Vargas,Nuevo,P011,Galleta Chispas,Galletas,Chocolate,2,4500,1900,0.0,9000.0,Tienda,Daviplata,Completada,S002,Norte,Barranquilla,Atlántico,E001,Laura,Asesora,Junio,3800
V10796,2025-09-19 15:00:00,C027,Carolina Rojas,Recurrente,P016,Tarta De Limón,Tartas,Limón,3,18000,8800,0.0,54000.0,Tienda,Nequi,Completada,S001,Centro,Barranquilla,Atlántico,E005,Daniel,Asesor,Septiembre,26400
V10862,2025-10-12 15:20:00,C026,Ricardo Diaz,Nuevo,P006,Cupcake Chocolate,Cupcakes,Chocolate,1,8500,4200,0.0,8500.0,Tienda,Tarjeta,Cancelada,S002,Norte,Barranquilla,Atlántico,E002,Camila,Asesora,Octubre,4200
V10484,2025-02-01 11:45:00,C015,Diego Suarez,Nuevo,P005,Torta tres Leches,Tortas,Leches,2,40000,21000,0.05,76000.0,Whatsapp,Efectivo,Completada,S004,Riomar,Barranquilla,Atlántico,E002,Camila,Asesora,Febrero,42000
V10623,2025-09-05 12:50:00,C022,Alejandro Gomez,Recurrente,P003,Cheesecake Frutos Rojos,Tortas,Frutos rojos,3,48000,26000,0.0,144000.0,Domicilio,Efectivo,Completada,S001,Centro,Barranquilla,Atlántico,E004,Sofia,Asesora,Septiembre,78000
V10542,2025-03-09 13:15:00,C026,Ricardo Diaz,Recurrente,P008,Cupcake Red Velvet,Cupcakes,Red velvet,3,9500,4800,0.0,28500.0,Domicilio,Nequi,Completada,S002,Norte,Barranquilla,Atlántico,E002,Camila,Asesora,Marzo,14400
V10183,2025-05-02 18:50:00,C026,Ricardo Diaz,Recurrente,P005,Torta tres Leches,Tortas,Leches,1,40000,21000,0.0,40000.0,Instagram,Nequi,Completada,S002,Norte,Barranquilla,Atlántico,E005,Daniel,Asesor,Mayo,21000
V10607,2025-08-12 19:40:00,C023,Juliana Torres,Recurrente,P012,Galleta Avena,Galletas,Avena,3,4000,1700,0.1,10800.0,Whatsapp,Nequi,Completada,S002,Norte,Barranquilla,Atlántico,E001,Laura,Asesora,Agosto,5100
V11199,2025-11-11 15:40:00,C030,Samuel Jimenez,Recurrente,P006,Cupcake Chocolate,Cupcakes,Chocolate,5,8500,4200,0.0,42500.0,Whatsapp,Efectivo,Completada,S001,Centro,Barranquilla,Atlántico,E001,Laura,Asesora,Noviembre,21000
V11061,2025-10-29 13:20:00,C003,Maria Gomez,Recurrente,P001,Torta De Chocolate,Tortas,Chocolate,1,42000,22000,0.15,35700.0,Instagram,Transferencia,Completada,S001,Centro,Barranquilla,Atlántico,E005,Daniel,Asesor,Octubre,22000
V10780,2025-11-28 08:20:00,C015,Diego Suarez,Recurrente,P006,Cupcake Chocolate,Cupcakes,Chocolate,2,8500,4200,0.15,14450.0,Domicilio,Transferencia,Completada,S002,Norte,Barranquilla,Atlántico,E003,Mateo,Asesor,Noviembre,8400
V10090,2025-07-12 13:50:00,C006,Sofia Ramirez,Recurrente,P006,Cupcake Chocolate,Cupcakes,Chocolate,3,8500,4200,0.0,25500.0,Página Web,Tarjeta,Completada,S001,Centro,Barranquilla,Atlántico,E005,Daniel,Asesor,Julio,12600
V10466,2025-04-16 19:40:00,C023,Juliana Torres,Recurrente,P016,Tarta De Limón,Tartas,Limón,2,18000,8800,0.0,36000.0,Valor no conocido,Transferencia,Completada,S001,Centro,Barranquilla,Atlántico,E004,Sofia,Asesora,Abril,17600
V10741,2025-09-10 15:00:00,C009,Daniel Rojas,Nuevo,P013,Croissant,Panadería,Tradicional,2,6500,2800,0.0,13000.0,Valor no conocido,Daviplata,Completada,S002,Norte,Barranquilla,Atlántico,E001,Laura,Asesora,Septiembre,5600
V10791,2025-04-23 16:40:00,C026,Valor no conocido,Corporativo,P016,Tarta De Limón,Tartas,Limón,3,18000,8800,0.1,48600.0,Página Web,Nequi,Completada,S002,Norte,Barranquilla,Atlántico,E006,Valentina,Asesora,Abril,26400
V10880,2025-08-27 15:15:00,C018,Mariana Navarro,Recurrente,P009,Brownie Clásico,Repostería,Chocolate,1,7000,3200,0.0,7000.0,Tienda,Transferencia,Completada,S002,Norte,Barranquilla,Atlántico,E005,Daniel,Asesor,Agosto,3200
V10736,2025-12-01 16:10:00,C005,Laura Hernandez,Nuevo,P014,Roll De Canela,Panadería,Canela,1,7500,3100,0.0,7500.0,Domicilio,Efectivo,Completada,S001,Centro,Barranquilla,Atlántico,E004,Sofia,Asesora,Diciembre,3100
V11093,2025-08-18 18:45:00,C018,Mariana Navarro,Recurrente,P015,Tarta De Manzana,Tartas,Manzana,3,18000,9000,0.0,54000.0,Domicilio,Nequi,Completada,S002,Norte,Barranquilla,Atlántico,E002,Camila,Asesora,Agosto,27000
V10705,2025-03-28 10:50:00,C016,Isabella Romero,Recurrente,P002,Torta De Vainilla,Tortas,Vainilla,1,38000,19500,0.0,38000.0,Whatsapp,Nequi,Completada,S001,Centro,Barranquilla,Atlántico,E003,Mateo,Asesor,Marzo,19500
V10608,2025-08-19 14:20:00,C019,Felipe Ortiz,Nuevo,P008,Cupcake Red Velvet,Cupcakes,Red velvet,1,9500,4800,0.0,9500.0,Domicilio,Tarjeta,Completada,S003,Soledad,Soledad,Atlántico,E006,Valentina,Asesora,Agosto,4800
V10589,2025-08-28 14:40:00,C021,Natalia Perez,Recurrente,P019,Caja Desayuno,Combos,Desayuno,4,32000,17000,0.0,128000.0,Tienda,Nequi,Completada,S002,Norte,Barranquilla,Atlántico,E001,Laura,Asesora,Agosto,68000
V10371,2025-04-12 12:50:00,C029,Manuela Mendoza,Nuevo,P004,Torta Red Velvet,Tortas,Red velvet,3,45000,24000,0.0,135000.0,Tienda,Efectivo,Completada,S003,Soledad,Soledad,Atlántico,E005,Daniel,Asesor,Abril,72000
V10214,2025-03-07 17:30:00,C024,Mateo Hernandez,Recurrente,P015,Tarta De Manzana,Tartas,Manzana,3,18000,9000,0.0,54000.0,Tienda,Transferencia,Completada,S003,Soledad,Soledad,Atlántico,E004,Sofia,Asesora,Marzo,27000
V10065,2025-11-07 18:00:00,C008,Valentina Diaz,Recurrente,P013,Croissant,Panadería,Tradicional,2,6500,2800,0.0,13000.0,Instagram,Nequi,Completada,S004,Riomar,Barranquilla,Atlántico,E003,Mateo,Asesor,Noviembre,5600
V10362,2025-01-19 18:15:00,C011,Miguel Mendoza,Recurrente,P014,Roll De Canela,Panadería,Canela,1,7500,3100,0.0,7500.0,Tienda,Nequi,Completada,S002,Norte,Barranquilla,Atlántico,E006,Valentina,Asesora,Enero,3100
V10322,2025-05-10 14:10:00,C016,Isabella Romero,Recurrente,P017,Macaron Caja X6,Macarons,Variados,2,22000,11000,0.0,44000.0,Tienda,Nequi,Completada,S001,Centro,Barranquilla,Atlántico,E005,Daniel,Asesor,Mayo,22000
V10142,2025-02-08 17:45:00,C009,Daniel Rojas,Recurrente,P012,Galleta Avena,Galletas,Avena,2,4000,1700,0.0,8000.0,Tienda,Daviplata,Cancelada,S003,Soledad,Soledad,Atlántico,E001,Laura,Asesora,Febrero,3400
V10864,2025-03-23 19:15:00,C030,Samuel Jimenez,Recurrente,P007,Cupcake Vainilla,Cupcakes,Vainilla,1,8000,3800,0.1,7200.0,Tienda,Nequi,Completada,S001,Centro,Barranquilla,Atlántico,E005,Daniel,Asesor,Marzo,3800
V11242,2025-04-13 17:10:00,C021,Natalia Perez,Recurrente,P011,Galleta Chispas,Galletas,Chocolate,2,4500,1900,0.0,9000.0,Tienda,Daviplata,Completada,S001,Centro,Barranquilla,Atlántico,E003,Mateo,Asesor,Abril,3800
V10911,2025-03-27 16:20:00,C005,Valor no conocido,Recurrente,P014,Roll De Canela,Panadería,Canela,1,7500,3100,0.0,7500.0,Instagram,Tarjeta,Completada,S001,Centro,Barranquilla,Atlántico,E002,Camila,Asesora,Marzo,3100
V11123,2025-11-04 16:45:00,C001,Ana Rodriguez,Nuevo,P006,Cupcake Chocolate,Cupcakes,Chocolate,3,8500,4200,0.0,25500.0,Página Web,Transferencia,Completada,S004,Riomar,Barranquilla,Atlántico,E006,Valentina,Asesora,Noviembre,12600
V10486,2025-01-16 18:00:00,C010,Camila Castro,Nuevo,P010,Brownie Con Nueces,Repostería,Nueces,4,8500,4000,0.0,34000.0,Página Web,Tarjeta,Completada,S001,Centro,Barranquilla,Atlántico,E006,Valentina,Asesora,Enero,16000
V10052,2025-12-06 08:50:00,C027,Carolina Rojas,Recurrente,P006,Cupcake Chocolate,Cupcakes,Chocolate,1,8500,4200,0.2,6800.0,Tienda,Tarjeta,Completada,S004,Riomar,Barranquilla,Atlántico,E004,Sofia,Asesora,Diciembre,4200
V10726,2025-01-28 16:30:00,C010,Camila Castro,Nuevo,P012,Galleta Avena,Galletas,Avena,1,4000,1700,0.1,3600.0,Tienda,Tarjeta,Completada,S002,Norte,Barranquilla,Atlántico,E001,Laura,Asesora,Enero,1700
V10967,2025-12-24 20:40:00,C017,Sebastian Ruiz,Nuevo,P011,Galleta Chispas,Galletas,Chocolate,2,4500,1900,0.15,7650.0,Whatsapp,Transferencia,Completada,S003,Soledad,Soledad,Atlántico,E001,Laura,Asesora,Diciembre,3800
V11213,2025-03-30 14:50:00,C012,Paula Jimenez,Recurrente,P014,Roll De Canela,Panadería,Canela,2,7500,3100,0.0,15000.0,Domicilio,Efectivo,Completada,S003,Soledad,Soledad,Atlántico,E004,Sofia,Asesora,Marzo,6200
V10224,2025-03-09 16:15:00,C002,Carlos Perez,Corporativo,P013,Croissant,Panadería,Tradicional,4,6500,2800,0.1,23400.0,Whatsapp,Transferencia,Completada,S003,Soledad,Soledad,Atlántico,E004,Sofia,Asesora,Marzo,11200
V10030,2025-09-16 17:50:00,C030,Samuel Jimenez,Recurrente,P007,Cupcake Vainilla,Cupcakes,Vainilla,5,8000,3800,0.0,40000.0,Página Web,Transferencia,Completada,S002,Norte,Barranquilla,Atlántico,E006,Valentina,Asesora,Septiembre,19000
V10548,2025-12-22 16:15:00,C026,Ricardo Diaz,Recurrente,P011,Galleta Chispas,Galletas,Chocolate,1,4500,1900,0.0,4500.0,Valor no conocido,Nequi,Completada,S003,Soledad,Soledad,Atlántico,E004,Sofia,Asesora,Diciembre,1900
V11170,2025-02-14 19:15:00,C002,Carlos Perez,Nuevo,P011,Galleta Chispas,Galletas,Chocolate,1,4500,1900,0.1,4050.0,Tienda,Daviplata,Completada,S002,Norte,Barranquilla,Atlántico,E002,Camila,Asesora,Febrero,1900
V10938,2025-04-15 18:00:00,C012,Paula Jimenez,Nuevo,P003,Cheesecake Frutos Rojos,Tortas,Frutos rojos,5,48000,26000,0.0,240000.0,Tienda,Transferencia,Completada,S003,Soledad,Soledad,Atlántico,E002,Camila,Asesora,Abril,130000
V10817,2025-12-16 11:45:00,C024,Mateo Hernandez,Nuevo,P002,Torta De Vainilla,Tortas,Vainilla,1,38000,19500,0.0,38000.0,Domicilio,Efectivo,Completada,S002,Norte,Barranquilla,Atlántico,E002,Camila,Asesora,Diciembre,19500
V10611,2025-09-12 17:45:00,C020,Gabriela Silva,Recurrente,P009,Brownie Clásico,Repostería,Chocolate,1,7000,3200,0.15,5950.0,Whatsapp,Transferencia,Completada,S003,Soledad,Soledad,Atlántico,E001,Laura,Asesora,Septiembre,3200
V10151,2025-04-16 16:15:00,C012,Paula Jimenez,Nuevo,P016,Tarta De Limón,Tartas,Limón,2,18000,8800,0.0,36000.0,Instagram,Tarjeta,Completada,S002,Norte,Barranquilla,Atlántico,E006,Valentina,Asesora,Abril,17600
V10768,2025-10-19 14:30:00,C014,Sara Moreno,Recurrente,P005,Torta tres Leches,Tortas,Leches,1,40000,21000,0.2,32000.0,Domicilio,Nequi,Devuelta,S001,Centro,Barranquilla,Atlántico,E004,Sofia,Asesora,Octubre,21000
V10373,2025-12-21 17:15:00,C009,Daniel Rojas,Nuevo,P001,Torta De Chocolate,Tortas,Chocolate,4,42000,22000,0.0,168000.0,Whatsapp,Tarjeta,Completada,S002,Norte,Barranquilla,Atlántico,E005,Daniel,Asesor,Diciembre,88000
V10559,2025-10-02 16:15:00,C008,Valentina Diaz,Corporativo,P019,Caja Desayuno,Combos,Desayuno,3,32000,17000,0.0,96000.0,Tienda,Tarjeta,Completada,S001,Centro,Barranquilla,Atlántico,E004,Sofia,Asesora,Octubre,51000
V10630,2025-01-23 11:40:00,C010,Camila Castro,Nuevo,P005,Torta tres Leches,Tortas,Leches,1,40000,21000,0.0,40000.0,Instagram,Nequi,Completada,S001,Centro,Barranquilla,Atlántico,E002,Camila,Asesora,Enero,21000
V11171,2025-07-15 19:15:00,C001,Ana Rodriguez,Recurrente,P017,Macaron Caja X6,Macarons,Variados,1,22000,11000,0.0,22000.0,Tienda,Transferencia,Cancelada,S001,Centro,Barranquilla,Atlántico,E006,Valentina,Asesora,Julio,11000
V10603,2025-04-03 15:30:00,C030,Samuel Jimenez,Corporativo,P006,Cupcake Chocolate,Cupcakes,Chocolate,8,8500,4200,0.0,68000.0,Tienda,Tarjeta,Completada,S003,Soledad,Soledad,Atlántico,E004,Sofia,Asesora,Abril,33600
V10336,2025-12-27 17:10:00,C019,Felipe Ortiz,Recurrente,P018,Macaron Caja X12,Macarons,Variados,2,40000,19500,0.0,80000.0,Whatsapp,Tarjeta,Completada,S002,Norte,Barranquilla,Atlántico,E004,Sofia,Asesora,Diciembre,39000
V10685,2025-09-05 16:15:00,C015,Diego Suarez,Recurrente,P017,Macaron Caja X6,Macarons,Variados,1,22000,11000,0.0,22000.0,Domicilio,Daviplata,Completada,S002,Norte,Barranquilla,Atlántico,E005,Daniel,Asesor,Septiembre,11000
V10507,2025-10-11 14:10:00,C012,Paula Jimenez,Nuevo,P002,Torta De Vainilla,Tortas,Vainilla,1,38000,19500,0.0,38000.0,Página Web,Tarjeta,Completada,S001,Centro,Barranquilla,Atlántico,E006,Valentina,Asesora,Octubre,19500
V10094,2025-05-28 15:15:00,C004,Juan Martinez,Nuevo,P011,Galleta Chispas,Galletas,Chocolate,1,4500,1900,0.2,3600.0,Página Web,Transferencia,Completada,S001,Centro,Barranquilla,Atlántico,E003,Mateo,Asesor,Mayo,1900
V10340,2025-12-09 13:45:00,C030,Samuel Jimenez,Recurrente,P007,Cupcake Vainilla,Cupcakes,Vainilla,4,8000,3800,0.0,32000.0,Tienda,Transferencia,Completada,S001,Centro,Barranquilla,Atlántico,E001,Laura,Asesora,Diciembre,15200
V11228,2025-10-11 15:20:00,C002,Carlos Perez,Nuevo,P008,Cupcake Red Velvet,Cupcakes,Red velvet,2,9500,4800,0.0,19000.0,Tienda,Nequi,Completada,S002,Norte,Barranquilla,Atlántico,E006,Valentina,Asesora,Octubre,9600
V10809,2025-10-25 11:45:00,C017,Sebastian Ruiz,Recurrente,P010,Brownie Con Nueces,Repostería,Nueces,2,8500,4000,0.0,17000.0,Página Web,Transferencia,Completada,S002,Norte,Barranquilla,Atlántico,E003,Mateo,Asesor,Octubre,8000
V10497,2025-06-04 18:00:00,C025,Lucia Ramirez,Recurrente,P004,Torta Red Velvet,Tortas,Red velvet,1,45000,24000,0.0,45000.0,Página Web,Daviplata,Completada,S003,Soledad,Soledad,Atlántico,E003,Mateo,Asesor,Junio,24000
V11229,2025-09-05 18:45:00,C011,Miguel Mendoza,Corporativo,P010,Brownie Con Nueces,Repostería,Nueces,8,8500,4000,0.1,61200.0,Página Web,Tarjeta,Completada,S001,Centro,Barranquilla,Atlántico,E004,Sofia,Asesora,Septiembre,32000
V10075,2025-08-10 18:45:00,C024,Mateo Hernandez,Nuevo,P010,Brownie Con Nueces,Repostería,Nueces,1,8500,4000,0.0,8500.0,Tienda,Daviplata,Completada,S001,Centro,Barranquilla,Atlántico,E006,Valentina,Asesora,Agosto,4000
V10703,2025-05-30 17:10:00,C008,Valentina Diaz,Corporativo,P010,Brownie Con Nueces,Repostería,Nueces,8,8500,4000,0.15,57800.0,Tienda,Nequi,Completada,S002,Norte,Barranquilla,Atlántico,E004,Sofia,Asesora,Mayo,32000
V10991,2025-10-09 15:30:00,C019,Felipe Ortiz,Nuevo,P019,Caja Desayuno,Combos,Desayuno,2,32000,17000,0.0,64000.0,Whatsapp,Nequi,Completada,S001,Centro,Barranquilla,Atlántico,E003,Mateo,Asesor,Octubre,34000
V11233,2025-11-20 15:00:00,C014,Sara Moreno,Nuevo,P011,Galleta Chispas,Galletas,Chocolate,2,4500,1900,0.0,9000.0,Tienda,Tarjeta,Cancelada,S003,Soledad,Soledad,Atlántico,E004,Sofia,Asesora,Noviembre,3800
V10626,2025-05-06 15:40:00,C022,Alejandro Gomez,Nuevo,P007,Cupcake Vainilla,Cupcakes,Vainilla,1,8000,3800,0.0,8000.0,Tienda,Efectivo,Completada,S001,Centro,Barranquilla,Atlántico,E002,Camila,Asesora,Mayo,3800
V10407,2025-06-09 12:00:00,C016,Isabella Romero,Recurrente,P019,Caja Desayuno,Combos,Desayuno,2,32000,17000,0.0,64000.0,Whatsapp,Transferencia,Completada,S003,Soledad,Soledad,Atlántico,E004,Sofia,Asesora,Junio,34000
V10009,2025-09-06 17:20:00,C025,Lucia Ramirez,Recurrente,P019,Caja Desayuno,Combos,Desayuno,1,32000,17000,0.2,25600.0,Instagram,Daviplata,Cancelada,S004,Riomar,Barranquilla,Atlántico,E006,Valentina,Asesora,Septiembre,17000
V10323,2025-04-11 12:00:00,C029,Manuela Mendoza,Recurrente,P015,Tarta De Manzana,Tartas,Manzana,2,18000,9000,0.1,32400.0,Whatsapp,Nequi,Completada,S001,Centro,Barranquilla,Atlántico,E006,Valentina,Asesora,Abril,18000
V10229,2025-07-06 11:20:00,C027,Carolina Rojas,Nuevo,P011,Galleta Chispas,Galletas,Chocolate,2,4500,1900,0.0,9000.0,Whatsapp,Transferencia,Completada,S004,Riomar,Barranquilla,Atlántico,E001,Laura,Asesora,Julio,3800
V10887,2025-01-06 14:00:00,C019,Felipe Ortiz,Recurrente,P006,Cupcake Chocolate,Cupcakes,Chocolate,3,8500,4200,0.0,25500.0,Domicilio,Transferencia,Completada,S003,Soledad,Soledad,Atlántico,E003,Mateo,Asesor,Enero,12600
V10573,2025-12-09 13:30:00,C018,Mariana Navarro,Recurrente,P007,Cupcake Vainilla,Cupcakes,Vainilla,1,8000,3800,0.0,8000.0,Whatsapp,Nequi,Completada,S001,Centro,Barranquilla,Atlántico,E002,Camila,Asesora,Diciembre,3800
V11060,2025-04-25 19:15:00,C007,Andres Torres,Nuevo,P003,Cheesecake Frutos Rojos,Tortas,Frutos rojos,2,48000,26000,0.0,96000.0,Tienda,Tarjeta,Completada,S003,Soledad,Soledad,Atlántico,E002,Camila,Asesora,Abril,52000
V11211,2025-01-22 16:15:00,C011,Miguel Mendoza,Nuevo,P019,Caja Desayuno,Combos,Desayuno,2,32000,17000,0.0,64000.0,Instagram,Tarjeta,Completada,S001,Centro,Barranquilla,Atlántico,E005,Daniel,Asesor,Enero,34000
V10572,2025-01-21 14:10:00,C022,Alejandro Gomez,Recurrente,P006,Cupcake Chocolate,Cupcakes,Chocolate,1,8500,4200,0.1,7650.0,Whatsapp,Daviplata,Completada,S001,Centro,Barranquilla,Atlántico,E001,Laura,Asesora,Enero,4200
V10706,2025-07-30 15:50:00,C011,Miguel Mendoza,Recurrente,P013,Croissant,Panadería,Tradicional,1,6500,2800,0.0,6500.0,Instagram,Transferencia,Completada,S002,Norte,Barranquilla,Atlántico,E005,Daniel,Asesor,Julio,2800
V10127,2025-12-11 11:45:00,C014,Sara Moreno,Valor no conocido,P013,Croissant,Panadería,Tradicional,3,6500,2800,0.0,19500.0,Tienda,Tarjeta,Completada,S003,Soledad,Soledad,Atlántico,E005,Daniel,Asesor,Diciembre,8400
V10746,2025-04-24 13:45:00,C023,Juliana Torres,Nuevo,P006,Cupcake Chocolate,Cupcakes,Chocolate,1,8500,4200,0.0,8500.0,Tienda,Nequi,Completada,S001,Centro,Barranquilla,Atlántico,E004,Sofia,Asesora,Abril,4200
V11037,2025-03-26 17:40:00,C013,Nicolas Vargas,Recurrente,P010,Brownie Con Nueces,Repostería,Nueces,1,8500,4000,0.0,8500.0,Whatsapp,Nequi,Completada,S003,Soledad,Soledad,Atlántico,E005,Daniel,Asesor,Marzo,4000
V10198,2025-08-17 14:15:00,C028,Tomas Castro,Nuevo,P012,Galleta Avena,Galletas,Avena,2,4000,1700,0.0,8000.0,Tienda,Nequi,Completada,S001,Centro,Barranquilla,Atlántico,E005,Daniel,Asesor,Agosto,3400
V10272,2025-07-02 13:30:00,C004,Juan Martinez,Nuevo,P002,Torta De Vainilla,Tortas,Vainilla,1,38000,19500,0.05,36100.0,Domicilio,Transferencia,Completada,S001,Centro,Barranquilla,Atlántico,E004,Sofia,Asesora,Julio,19500
V11214,2025-06-02 18:00:00,C004,Juan Martinez,Recurrente,P011,Galleta Chispas,Galletas,Chocolate,1,4500,1900,0.15,3825.0,Tienda,Transferencia,Devuelta,S004,Riomar,Barranquilla,Atlántico,E001,Laura,Asesora,Junio,1900
V10867,2025-07-12 17:00:00,C021,Natalia Perez,Nuevo,P007,Cupcake Vainilla,Cupcakes,Vainilla,1,8000,3800,0.0,8000.0,Tienda,Transferencia,Completada,S002,Norte,Barranquilla,Atlántico,E005,Daniel,Asesor,Julio,3800
V10423,2025-04-18 17:50:00,C006,Sofia Ramirez,Recurrente,P001,Torta De Chocolate,Tortas,Chocolate,2,42000,22000,0.0,84000.0,Domicilio,Nequi,Completada,S004,Riomar,Barranquilla,Atlántico,E004,Sofia,Asesora,Abril,44000
V10847,2025-06-13 16:10:00,C002,Carlos Perez,Recurrente,P017,Macaron Caja X6,Macarons,Variados,2,22000,11000,0.0,44000.0,Tienda,Daviplata,Completada,S004,Riomar,Barranquilla,Atlántico,E003,Mateo,Asesor,Junio,22000
V10640,2025-12-15 16:45:00,C008,Valentina Diaz,Corporativo,P007,Cupcake Vainilla,Cupcakes,Vainilla,3,8000,3800,0.15,20400.0,Domicilio,Transferencia,Completada,S001,Centro,Barranquilla,Atlántico,E004,Sofia,Asesora,Diciembre,11400
V11136,2025-03-19 19:50:00,C004,Juan Martinez,Nuevo,P015,Tarta De Manzana,Tartas,Manzana,1,18000,9000,0.0,18000.0,Tienda,Efectivo,Completada,S004,Riomar,Barranquilla,Atlántico,E003,Mateo,Asesor,Marzo,9000
V10633,2025-10-27 13:50:00,C029,Manuela Mendoza,Nuevo,P007,Cupcake Vainilla,Cupcakes,Vainilla,2,8000,3800,0.0,16000.0,Tienda,Transferencia,Completada,S004,Riomar,Barranquilla,Atlántico,E002,Camila,Asesora,Octubre,7600
V10955,2025-05-06 14:50:00,C022,Alejandro Gomez,Corporativo,P013,Croissant,Panadería,Tradicional,4,6500,2800,0.2,20800.0,Instagram,Daviplata,Completada,S003,Soledad,Soledad,Atlántico,E002,Camila,Asesora,Mayo,11200
V10429,2025-10-18 19:30:00,C023,Juliana Torres,Recurrente,P008,Cupcake Red Velvet,Cupcakes,Red velvet,3,9500,4800,0.0,28500.0,Domicilio,Nequi,Completada,S001,Centro,Barranquilla,Atlántico,E003,Mateo,Asesor,Octubre,14400
V10018,2025-10-11 12:40:00,C022,Alejandro Gomez,Nuevo,P007,Cupcake Vainilla,Cupcakes,Vainilla,4,8000,3800,0.0,32000.0,Tienda,Nequi,Completada,S002,Norte,Barranquilla,Atlántico,E002,Camila,Asesora,Octubre,15200
V10290,2025-11-08 16:15:00,C006,Sofia Ramirez,Recurrente,P001,Torta De Chocolate,Tortas,Chocolate,2,42000,22000,0.0,84000.0,Whatsapp,Tarjeta,Completada,S002,Norte,Barranquilla,Atlántico,E003,Mateo,Asesor,Noviembre,44000
V11102,2025-02-23 19:30:00,C015,Diego Suarez,Recurrente,P011,Galleta Chispas,Galletas,Chocolate,1,4500,1900,0.0,4500.0,Tienda,Nequi,Devuelta,S001,Centro,Barranquilla,Atlántico,E002,Camila,Asesora,Febrero,1900
V10276,2025-06-03 14:40:00,C028,Tomas Castro,Recurrente,P010,Brownie Con Nueces,Repostería,Nueces,1,8500,4000,0.0,8500.0,Instagram,Efectivo,Completada,S001,Centro,Barranquilla,Atlántico,E003,Mateo,Asesor,Junio,4000
V10350,2025-12-05 14:30:00,C021,Natalia Perez,Nuevo,P013,Croissant,Panadería,Tradicional,2,6500,2800,0.0,13000.0,Domicilio,Efectivo,Completada,S002,Norte,Barranquilla,Atlántico,E004,Sofia,Asesora,Diciembre,5600
V10386,2025-01-29 20:45:00,C007,Andres Torres,Recurrente,P016,Tarta De Limón,Tartas,Limón,1,18000,8800,0.2,14400.0,Domicilio,Tarjeta,Completada,S002,Norte,Barranquilla,Atlántico,E002,Camila,Asesora,Enero,8800
V10176,2025-01-07 17:30:00,C023,Juliana Torres,Nuevo,P013,Croissant,Panadería,Tradicional,2,6500,2800,0.0,13000.0,Tienda,Transferencia,Completada,S003,Soledad,Soledad,Atlántico,E006,Valentina,Asesora,Enero,5600
V10761,2025-11-21 13:20:00,C023,Juliana Torres,Nuevo,P007,Cupcake Vainilla,Cupcakes,Vainilla,1,8000,3800,0.15,6800.0,Página Web,Nequi,Completada,S002,Norte,Barranquilla,Atlántico,E005,Daniel,Asesor,Noviembre,3800
V11044,2025-01-28 15:50:00,C006,Sofia Ramirez,Nuevo,P007,Cupcake Vainilla,Cupcakes,Vainilla,1,8000,3800,0.0,8000.0,Página Web,Transferencia,Completada,S002,Norte,Barranquilla,Atlántico,E003,Mateo,Asesor,Enero,3800
V10843,2025-11-13 12:50:00,C018,Mariana Navarro,Recurrente,P020,Caja Regalo Dulce,Combos,Regalo,2,52000,28500,0.0,104000.0,Domicilio,Nequi,Cancelada,S002,Norte,Barranquilla,Atlántico,E001,Laura,Asesora,Noviembre,57000
V11251,2025-04-22 15:45:00,C017,Sebastian Ruiz,Recurrente,P010,Brownie Con Nueces,Repostería,Nueces,1,8500,4000,0.0,8500.0,Tienda,Tarjeta,Completada,S003,Soledad,Soledad,Atlántico,E001,Laura,Asesora,Abril,4000
V10078,2025-08-03 09:10:00,C006,Sofia Ramirez,Nuevo,P011,Galleta Chispas,Galletas,Chocolate,3,4500,1900,0.05,12825.0,Página Web,Valor no conocido,Completada,S002,Norte,Barranquilla,Atlántico,E003,Mateo,Asesor,Agosto,5700
V10842,2025-07-30 18:10:00,C008,Valentina Diaz,Recurrente,P006,Cupcake Chocolate,Cupcakes,Chocolate,1,8500,4200,0.0,8500.0,Domicilio,Tarjeta,Completada,S002,Norte,Barranquilla,Atlántico,E001,Laura,Asesora,Julio,4200
V10878,2025-12-29 13:40:00,C023,Juliana Torres,Nuevo,P007,Cupcake Vainilla,Cupcakes,Vainilla,2,8000,3800,0.0,16000.0,Whatsapp,Efectivo,Completada,S002,Norte,Barranquilla,Atlántico,E004,Sofia,Asesora,Diciembre,7600
V10904,2025-12-18 17:45:00,C008,Valentina Diaz,Recurrente,P011,Galleta Chispas,Galletas,Chocolate,1,4500,1900,0.0,4500.0,Página Web,Efectivo,Completada,S004,Riomar,Barranquilla,Atlántico,E001,Laura,Asesora,Diciembre,1900
V10579,2025-04-23 11:00:00,C009,Daniel Rojas,Recurrente,P007,Cupcake Vainilla,Cupcakes,Vainilla,1,8000,3800,0.1,7200.0,Tienda,Tarjeta,Cancelada,S002,Norte,Barranquilla,Atlántico,E006,Valentina,Asesora,Abril,3800
V11161,2025-02-23 12:10:00,C022,Alejandro Gomez,Recurrente,P012,Galleta Avena,Galletas,Avena,1,4000,1700,0.0,4000.0,Instagram,Nequi,Completada,S004,Riomar,Barranquilla,Atlántico,E001,Laura,Asesora,Febrero,1700
V10832,2025-01-19 14:15:00,C004,Juan Martinez,Nuevo,P017,Macaron Caja X6,Macarons,Variados,1,22000,11000,0.0,22000.0,Whatsapp,Efectivo,Completada,S002,Norte,Barranquilla,Atlántico,E004,Sofia,Asesora,Enero,11000
V10122,2025-03-02 16:50:00,C010,Camila Castro,Nuevo,P010,Brownie Con Nueces,Repostería,Nueces,1,8500,4000,0.0,8500.0,Domicilio,Transferencia,Devuelta,S003,Soledad,Soledad,Atlántico,E005,Daniel,Asesor,Marzo,4000
V10912,2025-11-24 15:45:00,C002,Carlos Perez,Nuevo,P008,Cupcake Red Velvet,Cupcakes,Red velvet,1,9500,4800,0.0,9500.0,Tienda,Transferencia,Completada,S002,Norte,Barranquilla,Atlántico,E005,Daniel,Asesor,Noviembre,4800
V11119,2025-07-15 19:00:00,C026,Ricardo Diaz,Recurrente,P007,Cupcake Vainilla,Cupcakes,Vainilla,6,8000,3800,0.0,48.0,Tienda,Daviplata,Completada,S004,Riomar,Barranquilla,Atlántico,E004,Sofia,Asesora,Julio,22800
V10499,2025-10-28 14:50:00,C025,Lucia Ramirez,Nuevo,P006,Cupcake Chocolate,Cupcakes,Chocolate,3,8500,4200,0.0,25500.0,Tienda,Efectivo,Completada,S003,Soledad,Soledad,Atlántico,E004,Sofia,Asesora,Octubre,12600
V10656,2025-09-10 15:00:00,C009,Daniel Rojas,Nuevo,P018,Macaron Caja X12,Macarons,Variados,2,40000,19500,0.0,80000.0,Tienda,Tarjeta,Completada,S002,Norte,Barranquilla,Atlántico,E005,Daniel,Asesor,Septiembre,39000
V10477,2025-09-10 15:15:00,C002,Carlos Perez,Nuevo,P009,Brownie Clásico,Repostería,Chocolate,5,7000,3200,0.2,28000.0,Página Web,Tarjeta,Completada,S004,Riomar,Barranquilla,Atlántico,E005,Daniel,Asesor,Septiembre,16000
V10584,2025-10-05 15:20:00,C011,Miguel Mendoza,Recurrente,P005,Torta tres Leches,Tortas,Leches,1,40000,21000,0.0,40000.0,Tienda,Nequi,Completada,S003,Soledad,Soledad,Atlántico,E001,Laura,Asesora,Octubre,21000
V11091,2025-02-04 13:45:00,C004,Juan Martinez,Nuevo,P011,Galleta Chispas,Galletas,Chocolate,1,4500,1900,0.0,4500.0,Domicilio,Efectivo,Completada,S002,Norte,Barranquilla,Atlántico,E001,Laura,Asesora,Febrero,1900
V10393,2025-01-06 19:40:00,C026,Ricardo Diaz,Nuevo,P007,Cupcake Vainilla,Cupcakes,Vainilla,2,8000,3800,0.0,16000.0,Instagram,Tarjeta,Completada,S003,Soledad,Soledad,Atlántico,E003,Mateo,Asesor,Enero,7600
V10459,2025-06-03 12:40:00,C026,Ricardo Diaz,Recurrente,P011,Galleta Chispas,Galletas,Chocolate,2,4500,1900,0.0,9000.0,Tienda,Tarjeta,Completada,S002,Norte,Barranquilla,Atlántico,E004,Sofia,Asesora,Junio,3800
V10946,2025-06-17 14:10:00,C003,Maria Gomez,Recurrente,P007,Cupcake Vainilla,Cupcakes,Vainilla,5,8000,3800,0.0,40000.0,Instagram,Nequi,Completada,S001,Centro,Barranquilla,Atlántico,E002,Camila,Asesora,Junio,19000
V10927,2025-12-01 16:00:00,C013,Nicolas Vargas,Nuevo,P004,Torta Red Velvet,Tortas,Red velvet,5,45000,24000,0.0,225000.0,Página Web,Nequi,Completada,S003,Soledad,Soledad,Atlántico,E001,Laura,Asesora,Diciembre,120000
V10667,2025-12-01 18:20:00,C011,Miguel Mendoza,Nuevo,P005,Torta tres Leches,Tortas,Leches,1,40000,21000,0.15,34000.0,Domicilio,Efectivo,Completada,S001,Centro,Barranquilla,Atlántico,E004,Sofia,Asesora,Diciembre,21000
V10420,2025-03-15 16:30:00,C007,Andres Torres,Corporativo,P017,Macaron Caja X6,Macarons,Variados,6,22000,11000,0.1,118800.0,Domicilio,Efectivo,Completada,S001,Centro,Barranquilla,Atlántico,E002,Camila,Asesora,Marzo,66000
V10522,2025-06-20 14:45:00,C016,Isabella Romero,Nuevo,P010,Brownie Con Nueces,Repostería,Nueces,5,8500,4000,0.0,42500.0,Tienda,Nequi,Completada,S001,Centro,Barranquilla,Atlántico,E006,Valentina,Asesora,Junio,20000
V10958,2025-04-20 12:40:00,C004,Juan Martinez,Nuevo,P001,Torta De Chocolate,Tortas,Chocolate,1,42000,22000,0.0,42000.0,Instagram,Efectivo,Completada,S001,Centro,Barranquilla,Atlántico,E002,Camila,Asesora,Abril,22000
V11157,2025-06-25 11:40:00,C001,Ana Rodriguez,Recurrente,P005,Torta tres Leches,Tortas,Leches,5,40000,21000,0.0,200000.0,Whatsapp,Daviplata,Completada,S002,Norte,Barranquilla,Atlántico,E002,Camila,Asesora,Junio,105000
V10951,2025-06-16 18:20:00,C013,Nicolas Vargas,Recurrente,P012,Galleta Avena,Galletas,Avena,2,4000,1700,0.0,8000.0,Whatsapp,Tarjeta,Completada,S004,Riomar,Barranquilla,Atlántico,E004,Sofia,Asesora,Junio,3400
V10657,2025-06-05 13:15:00,C021,Natalia Perez,Recurrente,P005,Torta tres Leches,Tortas,Leches,2,40000,21000,0.0,80000.0,Tienda,Daviplata,Completada,S001,Centro,Barranquilla,Atlántico,E003,Mateo,Asesor,Junio,42000
V10096,2025-08-29 13:00:00,C013,Valor no conocido,Corporativo,P014,Roll De Canela,Panadería,Canela,3,7500,3100,0.1,20250.0,Tienda,Efectivo,Completada,S001,Centro,Barranquilla,Atlántico,E003,Mateo,Asesor,Agosto,9300
V10613,2025-05-26 08:15:00,C022,Alejandro Gomez,Valor no conocido,P009,Brownie Clásico,Repostería,Chocolate,4,7000,3200,0.0,28.0,Página Web,Tarjeta,Completada,S001,Centro,Barranquilla,Atlántico,E003,Mateo,Asesor,Mayo,12800
V10898,2025-06-01 18:20:00,C022,Alejandro Gomez,Nuevo,P003,Cheesecake Frutos Rojos,Tortas,Frutos rojos,2,48000,26000,0.0,96000.0,Valor no conocido,Nequi,Completada,S001,Centro,Barranquilla,Atlántico,E002,Camila,Asesora,Junio,52000
V10689,2025-10-29 12:30:00,C030,Samuel Jimenez,Recurrente,P006,Cupcake Chocolate,Cupcakes,Chocolate,1,8500,4200,0.0,8500.0,Tienda,Transferencia,Completada,S004,Riomar,Barranquilla,Atlántico,E001,Laura,Asesora,Octubre,4200
V10097,2025-07-24 20:15:00,C029,Manuela Mendoza,Corporativo,P011,Galleta Chispas,Galletas,Chocolate,4,4500,1900,0.1,16200.0,Valor no conocido,Transferencia,Completada,S003,Soledad,Soledad,Atlántico,E005,Daniel,Asesor,Julio,7600
V10544,2025-10-08 12:45:00,C014,Sara Moreno,Recurrente,P007,Cupcake Vainilla,Cupcakes,Vainilla,10,8000,3800,0.0,80000.0,Página Web,Tarjeta,Completada,S002,Norte,Barranquilla,Atlántico,E001,Laura,Asesora,Octubre,38000
V11227,2025-10-14 13:50:00,C020,Gabriela Silva,Recurrente,P009,Brownie Clásico,Repostería,Chocolate,1,7000,3200,0.15,5950.0,Tienda,Daviplata,Completada,S002,Norte,Barranquilla,Atlántico,E005,Daniel,Asesor,Octubre,3200
V10524,2025-06-28 19:40:00,C016,Isabella Romero,Recurrente,P009,Brownie Clásico,Repostería,Chocolate,1,7000,3200,0.0,7000.0,Tienda,Tarjeta,Completada,S002,Norte,Barranquilla,Atlántico,E006,Valentina,Asesora,Junio,3200
V10300,2025-09-19 13:30:00,C030,Samuel Jimenez,Recurrente,P002,Torta De Vainilla,Tortas,Vainilla,1,38000,19500,0.0,38000.0,Whatsapp,Tarjeta,Completada,S002,Norte,Barranquilla,Atlántico,E001,Laura,Asesora,Septiembre,19500
V10216,2025-08-08 08:00:00,C016,Isabella Romero,Nuevo,P008,Cupcake Red Velvet,Cupcakes,Red velvet,1,9500,4800,0.15,8075.0,Tienda,Tarjeta,Completada,S002,Norte,Barranquilla,Atlántico,E006,Valentina,Asesora,Agosto,4800
V10543,2025-04-18 17:15:00,C030,Samuel Jimenez,Recurrente,P005,Torta tres Leches,Tortas,Leches,2,40000,21000,0.2,64000.0,Tienda,Valor no conocido,Completada,S004,Riomar,Barranquilla,Atlántico,E001,Laura,Asesora,Abril,42000
V10781,2025-08-07 14:15:00,C028,Tomas Castro,Nuevo,P007,Cupcake Vainilla,Cupcakes,Vainilla,2,8000,3800,0.0,16000.0,Tienda,Transferencia,Completada,S001,Centro,Barranquilla,Atlántico,E002,Camila,Asesora,Agosto,7600
V10682,2025-07-13 15:45:00,C002,Carlos Perez,Recurrente,P008,Cupcake Red Velvet,Cupcakes,Red velvet,1,9500,4800,0.0,9500.0,Página Web,Transferencia,Cancelada,S004,Riomar,Barranquilla,Atlántico,E005,Daniel,Asesor,Julio,4800
V10721,2025-11-28 10:10:00,C026,Ricardo Diaz,Nuevo,P005,Torta tres Leches,Tortas,Leches,1,40000,21000,0.0,40000.0,Instagram,Nequi,Completada,S003,Soledad,Soledad,Atlántico,E001,Laura,Asesora,Noviembre,21000
V10039,2025-02-24 17:50:00,C012,Paula Jimenez,Recurrente,P007,Cupcake Vainilla,Cupcakes,Vainilla,4,8000,3800,0.0,32000.0,Página Web,Transferencia,Cancelada,S002,Norte,Barranquilla,Atlántico,E004,Sofia,Asesora,Febrero,15200
V11115,2025-12-19 14:50:00,C015,Diego Suarez,Nuevo,P001,Torta De Chocolate,Tortas,Chocolate,1,42000,22000,0.0,42.0,Whatsapp,Tarjeta,Completada,S001,Centro,Barranquilla,Atlántico,E001,Laura,Asesora,Diciembre,22000
V10823,2025-04-15 16:40:00,C019,Felipe Ortiz,Recurrente,P012,Galleta Avena,Galletas,Avena,1,4000,1700,0.0,4000.0,Domicilio,Tarjeta,Completada,S002,Norte,Barranquilla,Atlántico,E002,Camila,Asesora,Abril,1700
V10730,2025-12-26 13:50:00,C012,Paula Jimenez,Recurrente,P013,Croissant,Panadería,Tradicional,1,6500,2800,0.0,6500.0,Whatsapp,Tarjeta,Completada,S001,Centro,Barranquilla,Atlántico,E005,Daniel,Asesor,Diciembre,2800
V10644,2025-09-09 17:50:00,C018,Mariana Navarro,Nuevo,P009,Brownie Clásico,Repostería,Chocolate,2,7000,3200,0.0,14000.0,Whatsapp,Efectivo,Completada,S003,Soledad,Soledad,Atlántico,E001,Laura,Asesora,Septiembre,6400
V10799,2025-02-15 13:50:00,C020,Gabriela Silva,Recurrente,P007,Cupcake Vainilla,Cupcakes,Vainilla,3,8000,3800,0.0,24000.0,Domicilio,Tarjeta,Completada,S002,Norte,Barranquilla,Atlántico,E006,Valentina,Asesora,Febrero,11400
V10003,2025-05-23 12:20:00,C027,Carolina Rojas,Valor no conocido,P005,Torta tres Leches,Tortas,Leches,1,40000,21000,0.0,40000.0,Valor no conocido,Tarjeta,Completada,S002,Norte,Barranquilla,Atlántico,E002,Camila,Asesora,Mayo,21000
V10838,2025-03-24 11:40:00,C001,Ana Rodriguez,Nuevo,P013,Croissant,Panadería,Tradicional,1,6500,2800,0.0,6500.0,Tienda,Tarjeta,Completada,S002,Norte,Barranquilla,Atlántico,E002,Camila,Asesora,Marzo,2800
V11122,2025-01-22 14:45:00,C023,Juliana Torres,Nuevo,P016,Tarta De Limón,Tartas,Limón,1,18000,8800,0.0,18000.0,Domicilio,Efectivo,Cancelada,S002,Norte,Barranquilla,Atlántico,E001,Laura,Asesora,Enero,8800
V10213,2025-04-24 12:10:00,C021,Natalia Perez,Recurrente,P011,Galleta Chispas,Galletas,Chocolate,5,4500,1900,0.0,22500.0,Instagram,Transferencia,Completada,S003,Soledad,Soledad,Atlántico,E004,Sofia,Asesora,Abril,9500
V11024,2025-04-25 15:15:00,C010,Camila Castro,Recurrente,P010,Brownie Con Nueces,Repostería,Nueces,1,8500,4000,0.0,8500.0,Instagram,Valor no conocido,Completada,S001,Centro,Barranquilla,Atlántico,E001,Laura,Asesora,Abril,4000
V11187,2025-06-19 14:15:00,C014,Sara Moreno,Nuevo,P010,Brownie Con Nueces,Repostería,Nueces,1,8500,4000,0.0,8500.0,Tienda,Tarjeta,Completada,S001,Centro,Barranquilla,Atlántico,E004,Sofia,Asesora,Junio,4000
V10361,2025-08-13 15:50:00,C005,Laura Hernandez,Nuevo,P008,Cupcake Red Velvet,Cupcakes,Red velvet,1,9500,4800,0.0,9500.0,Domicilio,Tarjeta,Completada,S003,Soledad,Soledad,Atlántico,E001,Laura,Asesora,Agosto,4800
V10837,2025-05-09 12:45:00,C021,Natalia Perez,Nuevo,P015,Tarta De Manzana,Tartas,Manzana,5,18000,9000,0.0,90000.0,Tienda,Transferencia,Completada,S002,Norte,Barranquilla,Atlántico,E003,Mateo,Asesor,Mayo,45000
V10894,2025-02-08 13:40:00,C001,Ana Rodriguez,Nuevo,P012,Galleta Avena,Galletas,Avena,2,4000,1700,0.0,8000.0,Página Web,Nequi,Completada,S002,Norte,Barranquilla,Atlántico,E003,Mateo,Asesor,Febrero,3400
V10695,2025-07-12 18:20:00,C008,Valentina Diaz,Recurrente,P008,Cupcake Red Velvet,Cupcakes,Red velvet,1,9500,4800,0.0,9500.0,Tienda,Nequi,Completada,S004,Riomar,Barranquilla,Atlántico,E001,Laura,Asesora,Julio,4800
V11159,2025-05-03 13:20:00,C023,Juliana Torres,Recurrente,P001,Torta De Chocolate,Tortas,Chocolate,1,42000,22000,0.0,42000.0,Tienda,Efectivo,Completada,S002,Norte,Barranquilla,Atlántico,E002,Camila,Asesora,Mayo,22000
V10246,2025-07-20 14:00:00,C028,Tomas Castro,Recurrente,P013,Croissant,Panadería,Tradicional,6,6500,2800,0.0,39000.0,Tienda,Transferencia,Completada,S003,Soledad,Soledad,Atlántico,E005,Daniel,Asesor,Julio,16800
V11018,2025-11-09 09:50:00,C021,Natalia Perez,Nuevo,P007,Cupcake Vainilla,Cupcakes,Vainilla,1,8000,3800,0.0,8000.0,Tienda,Transferencia,Cancelada,S002,Norte,Barranquilla,Atlántico,E001,Laura,Asesora,Noviembre,3800
V10254,2025-04-02 10:40:00,C019,Felipe Ortiz,Recurrente,P019,Caja Desayuno,Combos,Desayuno,6,32000,17000,0.0,192000.0,Página Web,Transferencia,Completada,S002,Norte,Barranquilla,Atlántico,E002,Camila,Asesora,Abril,102000
V10119,2025-01-05 18:50:00,C020,Gabriela Silva,Nuevo,P007,Cupcake Vainilla,Cupcakes,Vainilla,8,8000,3800,0.0,64000.0,Tienda,Daviplata,Completada,S002,Norte,Barranquilla,Atlántico,E003,Mateo,Asesor,Enero,30400
V10949,2025-04-05 16:15:00,C019,Felipe Ortiz,Nuevo,P014,Roll De Canela,Panadería,Canela,2,7500,3100,0.0,15000.0,Tienda,Efectivo,Completada,S004,Riomar,Barranquilla,Atlántico,E002,Camila,Asesora,Abril,6200
V10472,2025-03-27 18:30:00,C030,Samuel Jimenez,Recurrente,P015,Tarta De Manzana,Tartas,Manzana,1,18000,9000,0.0,18000.0,Tienda,Transferencia,Completada,S001,Centro,Barranquilla,Atlántico,E001,Laura,Asesora,Marzo,9000
V10043,2025-12-06 13:20:00,C016,Isabella Romero,Recurrente,P019,Caja Desayuno,Combos,Desayuno,1,32000,17000,0.0,32000.0,Domicilio,Transferencia,Completada,S002,Norte,Barranquilla,Atlántico,E003,Mateo,Asesor,Diciembre,17000
V11111,2025-01-03 11:50:00,C029,Manuela Mendoza,Recurrente,P013,Croissant,Panadería,Tradicional,5,6500,2800,0.0,32500.0,Valor no conocido,Nequi,Completada,S003,Soledad,Soledad,Atlántico,E004,Sofia,Asesora,Enero,14000
V10601,2025-07-31 12:10:00,C009,Daniel Rojas,Recurrente,P005,Torta tres Leches,Tortas,Leches,10,40000,21000,0.1,360000.0,Tienda,Daviplata,Completada,S002,Norte,Barranquilla,Atlántico,E003,Mateo,Asesor,Julio,210000
V10692,2025-02-24 17:00:00,C022,Alejandro Gomez,Nuevo,P006,Cupcake Chocolate,Cupcakes,Chocolate,1,8500,4200,0.0,8075.0,Whatsapp,Transferencia,Cancelada,S004,Riomar,Barranquilla,Atlántico,E004,Sofia,Asesora,Febrero,4200
V10925,2025-02-12 20:00:00,C024,Mateo Hernandez,Nuevo,P011,Galleta Chispas,Galletas,Chocolate,2,4500,1900,0.0,9000.0,Whatsapp,Efectivo,Completada,S001,Centro,Barranquilla,Atlántico,E004,Sofia,Asesora,Febrero,3800
V10964,2025-03-22 13:20:00,C020,Gabriela Silva,Recurrente,P014,Roll De Canela,Panadería,Canela,2,7500,3100,0.0,15000.0,Domicilio,Tarjeta,Completada,S004,Riomar,Barranquilla,Atlántico,E006,Valentina,Asesora,Marzo,6200
V10383,2025-07-09 11:00:00,C018,Mariana Navarro,Recurrente,P001,Torta De Chocolate,Tortas,Chocolate,2,42000,22000,0.0,84000.0,Domicilio,Efectivo,Cancelada,S001,Centro,Barranquilla,Atlántico,E004,Sofia,Asesora,Julio,44000
V10811,2025-04-26 18:50:00,C002,Carlos Perez,Nuevo,P017,Macaron Caja X6,Macarons,Variados,1,22000,11000,0.0,22000.0,Domicilio,Efectivo,Completada,S002,Norte,Barranquilla,Atlántico,E006,Valentina,Asesora,Abril,11000
V10541,2025-07-22 12:00:00,C028,Tomas Castro,Nuevo,P013,Croissant,Panadería,Tradicional,1,6500,2800,0.0,6500.0,Domicilio,Nequi,Completada,S001,Centro,Barranquilla,Atlántico,E005,Daniel,Asesor,Julio,2800
V10325,2025-09-27 16:30:00,C007,Andres Torres,Recurrente,P013,Croissant,Panadería,Tradicional,2,6500,2800,0.0,13000.0,Tienda,Nequi,Devuelta,S002,Norte,Barranquilla,Atlántico,E004,Sofia,Asesora,Septiembre,5600
V10419,2025-12-07 17:45:00,C025,Lucia Ramirez,Corporativo,P009,Brownie Clásico,Repostería,Chocolate,3,7000,3200,0.2,16800.0,Tienda,Efectivo,Completada,S004,Riomar,Barranquilla,Atlántico,E002,Camila,Asesora,Diciembre,9600
V10254,2025-12-04 15:45:00,C006,Sofia Ramirez,Recurrente,P011,Galleta Chispas,Galletas,Chocolate,1,4500,1900,0.0,4500.0,Whatsapp,Transferencia,Completada,S002,Norte,Barranquilla,Atlántico,E002,Camila,Asesora,Diciembre,1900
V10016,2025-02-05 15:40:00,C022,Alejandro Gomez,Recurrente,P007,Cupcake Vainilla,Cupcakes,Vainilla,1,8000,3800,0.0,8000.0,Domicilio,Transferencia,Completada,S002,Norte,Barranquilla,Atlántico,E003,Mateo,Asesor,Febrero,3800
V10561,2025-09-14 09:40:00,C024,Mateo Hernandez,Recurrente,P017,Macaron Caja X6,Macarons,Variados,1,22000,11000,0.1,19800.0,Tienda,Efectivo,Completada,S003,Soledad,Soledad,Atlántico,E004,Sofia,Asesora,Septiembre,11000
V10029,2025-08-06 15:50:00,C026,Ricardo Diaz,Corporativo,P014,Roll De Canela,Panadería,Canela,3,7500,3100,0.1,20250.0,Valor no conocido,Daviplata,Completada,S001,Centro,Barranquilla,Atlántico,E005,Daniel,Asesor,Agosto,9300
V10753,2025-10-25 17:00:00,C014,Sara Moreno,Nuevo,P006,Cupcake Chocolate,Cupcakes,Chocolate,2,8500,4200,0.0,17000.0,Instagram,Efectivo,Devuelta,S003,Soledad,Soledad,Atlántico,E003,Mateo,Asesor,Octubre,8400
V10674,2025-03-27 20:15:00,C009,Daniel Rojas,Recurrente,P008,Cupcake Red Velvet,Cupcakes,Red velvet,3,9500,4800,0.0,28500.0,Whatsapp,Efectivo,Completada,S001,Centro,Barranquilla,Atlántico,E005,Daniel,Asesor,Marzo,14400
V11158,2025-03-17 18:00:00,C015,Diego Suarez,Nuevo,P014,Roll De Canela,Panadería,Canela,1,7500,3100,0.0,7500.0,Whatsapp,Nequi,Completada,S001,Centro,Barranquilla,Atlántico,E006,Valentina,Asesora,Marzo,3100
V10332,2025-08-16 12:10:00,C026,Ricardo Diaz,Recurrente,P001,Torta De Chocolate,Tortas,Chocolate,2,42000,22000,0.0,84000.0,Tienda,Daviplata,Completada,S002,Norte,Barranquilla,Atlántico,E005,Daniel,Asesor,Agosto,44000
V10769,2025-11-20 15:50:00,C017,Sebastian Ruiz,Recurrente,P015,Tarta De Manzana,Tartas,Manzana,1,18000,9000,0.0,18000.0,Instagram,Tarjeta,Completada,S001,Centro,Barranquilla,Atlántico,E001,Laura,Asesora,Noviembre,9000
V10442,2025-09-20 08:50:00,C014,Sara Moreno,Nuevo,P006,Cupcake Chocolate,Cupcakes,Chocolate,2,8500,4200,0.0,17000.0,Página Web,Nequi,Completada,S001,Centro,Barranquilla,Atlántico,E002,Camila,Asesora,Septiembre,8400
V10631,2025-06-02 17:15:00,C015,Diego Suarez,Recurrente,P016,Tarta De Limón,Tartas,Limón,2,18000,8800,0.0,36000.0,Domicilio,Nequi,Completada,S003,Soledad,Soledad,Atlántico,E001,Laura,Asesora,Junio,17600
V10884,2025-06-02 15:50:00,C015,Diego Suarez,Corporativo,P014,Roll De Canela,Panadería,Canela,6,7500,3100,0.15,38250.0,Instagram,Efectivo,Completada,S001,Centro,Barranquilla,Atlántico,E006,Valentina,Asesora,Junio,18600
V10994,2025-10-25 14:45:00,C026,Ricardo Diaz,Nuevo,P005,Torta tres Leches,Tortas,Leches,2,40000,21000,0.0,80000.0,Domicilio,Nequi,Completada,S003,Soledad,Soledad,Atlántico,E005,Daniel,Asesor,Octubre,42000
V10196,2025-02-14 11:45:00,C022,Alejandro Gomez,Recurrente,P017,Macaron Caja X6,Macarons,Variados,2,22000,11000,0.0,44000.0,Tienda,Tarjeta,Cancelada,S002,Norte,Barranquilla,Atlántico,E004,Sofia,Asesora,Febrero,22000
V10934,2025-05-26 15:40:00,C014,Sara Moreno,Recurrente,P009,Brownie Clásico,Repostería,Chocolate,6,7000,3200,0.0,42000.0,Tienda,Nequi,Completada,S002,Norte,Barranquilla,Atlántico,E005,Daniel,Asesor,Mayo,19200
V10651,2025-09-23 16:00:00,C002,Carlos Perez,Nuevo,P006,Cupcake Chocolate,Cupcakes,Chocolate,1,8500,4200,0.0,8500.0,Domicilio,Efectivo,Completada,S002,Norte,Barranquilla,Atlántico,E001,Laura,Asesora,Septiembre,4200
V10399,2025-10-03 19:15:00,C024,Mateo Hernandez,Nuevo,P016,Tarta De Limón,Tartas,Limón,1,18000,8800,0.0,18000.0,Whatsapp,Nequi,Completada,S001,Centro,Barranquilla,Atlántico,E003,Mateo,Asesor,Octubre,8800
V10122,2025-12-07 11:20:00,C025,Lucia Ramirez,Nuevo,P019,Caja Desayuno,Combos,Desayuno,3,32000,17000,0.0,96000.0,Domicilio,Efectivo,Completada,S004,Riomar,Barranquilla,Atlántico,E005,Daniel,Asesor,Diciembre,51000
V10803,2025-08-10 16:30:00,C021,Natalia Perez,Nuevo,P011,Galleta Chispas,Galletas,Chocolate,3,4500,1900,0.0,13500.0,Domicilio,Nequi,Completada,S002,Norte,Barranquilla,Atlántico,E003,Mateo,Asesor,Agosto,5700
V10708,2025-03-07 15:15:00,C006,Sofia Ramirez,Recurrente,P016,Tarta De Limón,Tartas,Limón,1,18000,8800,0.2,14400.0,Tienda,Nequi,Completada,S003,Soledad,Soledad,Atlántico,E006,Valentina,Asesora,Marzo,8800
V10515,2025-03-31 13:00:00,C029,Manuela Mendoza,Recurrente,P008,Cupcake Red Velvet,Cupcakes,Red velvet,8,9500,4800,0.2,60800.0,Instagram,Efectivo,Completada,S003,Soledad,Soledad,Atlántico,E002,Camila,Asesora,Marzo,38400
V10568,2025-11-02 13:10:00,C014,Sara Moreno,Recurrente,P011,Galleta Chispas,Galletas,Chocolate,1,4500,1900,0.0,4500.0,Tienda,Tarjeta,Completada,S003,Soledad,Soledad,Atlántico,E003,Mateo,Asesor,Noviembre,1900
V10467,2025-04-03 17:15:00,C028,Tomas Castro,Recurrente,P008,Cupcake Red Velvet,Cupcakes,Red velvet,1,9500,4800,0.0,9500.0,Tienda,Daviplata,Completada,S002,Norte,Barranquilla,Atlántico,E003,Mateo,Asesor,Abril,4800
V11222,2025-11-19 13:15:00,C013,Nicolas Vargas,Recurrente,P009,Brownie Clásico,Repostería,Chocolate,2,7000,3200,0.0,14000.0,Whatsapp,Daviplata,Completada,S002,Norte,Barranquilla,Atlántico,E006,Valentina,Asesora,Noviembre,6400
V10015,2025-01-02 15:20:00,C009,Daniel Rojas,Recurrente,P011,Galleta Chispas,Galletas,Chocolate,3,4500,1900,0.0,13500.0,Tienda,Nequi,Completada,S004,Riomar,Barranquilla,Atlántico,E003,Mateo,Asesor,Enero,5700
V10100,2025-07-30 16:15:00,C027,Carolina Rojas,Recurrente,P015,Tarta De Manzana,Tartas,Manzana,1,18000,9000,0.0,18000.0,Tienda,Efectivo,Completada,S003,Soledad,Soledad,Atlántico,E002,Camila,Asesora,Julio,9000
V11261,2025-07-19 12:10:00,C028,Tomas Castro,Corporativo,P013,Croissant,Panadería,Tradicional,4,6500,2800,0.1,23400.0,Tienda,Efectivo,Completada,S004,Riomar,Barranquilla,Atlántico,E001,Laura,Asesora,Julio,11200
V10774,2025-10-31 10:00:00,C002,Carlos Perez,Recurrente,P011,Galleta Chispas,Galletas,Chocolate,1,4500,1900,0.0,4500.0,Domicilio,Nequi,Devuelta,S002,Norte,Barranquilla,Atlántico,E006,Valentina,Asesora,Octubre,1900
V10820,2025-01-16 14:50:00,C016,Isabella Romero,Recurrente,P008,Cupcake Red Velvet,Cupcakes,Red velvet,1,9500,4800,0.0,9500.0,Tienda,Tarjeta,Completada,S003,Soledad,Soledad,Atlántico,E002,Camila,Asesora,Enero,4800
V11264,2025-09-20 19:10:00,C028,Tomas Castro,Nuevo,P006,Cupcake Chocolate,Cupcakes,Chocolate,1,8500,4200,0.0,8500.0,Whatsapp,Tarjeta,Completada,S004,Riomar,Barranquilla,Atlántico,E006,Valentina,Asesora,Septiembre,4200
V10144,2025-08-26 14:40:00,C019,Felipe Ortiz,Recurrente,P003,Cheesecake Frutos Rojos,Tortas,Frutos rojos,1,48000,26000,0.0,48000.0,Domicilio,Transferencia,Completada,S003,Soledad,Soledad,Atlántico,E004,Sofia,Asesora,Agosto,26000
V10939,2025-11-16 16:15:00,C026,Ricardo Diaz,Recurrente,P011,Galleta Chispas,Galletas,Chocolate,1,4500,1900,0.0,4500.0,Tienda,Nequi,Completada,S004,Riomar,Barranquilla,Atlántico,E006,Valentina,Asesora,Noviembre,1900
V10828,2025-07-19 16:30:00,C012,Paula Jimenez,Recurrente,P007,Cupcake Vainilla,Cupcakes,Vainilla,1,8000,3800,0.0,8000.0,Tienda,Transferencia,Completada,S004,Riomar,Barranquilla,Atlántico,E002,Camila,Asesora,Julio,3800
V11257,2025-01-20 18:30:00,C018,Mariana Navarro,Recurrente,P011,Galleta Chispas,Galletas,Chocolate,1,4500,1900,0.2,3600.0,Domicilio,Efectivo,Completada,S001,Centro,Barranquilla,Atlántico,E006,Valentina,Asesora,Enero,1900
V11084,2025-06-24 17:40:00,C011,Miguel Mendoza,Recurrente,P007,Cupcake Vainilla,Cupcakes,Vainilla,1,8000,3800,0.0,8000.0,Tienda,Efectivo,Completada,S002,Norte,Barranquilla,Atlántico,E002,Camila,Asesora,Junio,3800
V10499,2025-10-28 14:50:00,C025,Lucia Ramirez,Nuevo,P006,Cupcake Chocolate,Cupcakes,Chocolate,3,8500,4200,0.0,25500.0,Tienda,Efectivo,Completada,S003,Soledad,Soledad,Atlántico,E004,Sofia,Asesora,Octubre,12600
V10146,2025-12-31 11:15:00,C005,Laura Hernandez,Recurrente,P007,Cupcake Vainilla,Cupcakes,Vainilla,1,8000,3800,0.0,8.0,Tienda,Efectivo,Completada,S003,Soledad,Soledad,Atlántico,E004,Sofia,Asesora,Diciembre,3800
V10244,2025-02-06 13:30:00,C005,Laura Hernandez,Nuevo,P011,Galleta Chispas,Galletas,Chocolate,3,4500,1900,0.15,11475.0,Tienda,Efectivo,Completada,S003,Soledad,Soledad,Atlántico,E004,Sofia,Asesora,Febrero,5700
V10405,2025-09-24 08:00:00,C026,Valor no conocido,Nuevo,P011,Galleta Chispas,Galletas,Chocolate,1,4500,1900,0.0,4500.0,Whatsapp,Transferencia,Completada,S003,Soledad,Soledad,Atlántico,E004,Sofia,Asesora,Septiembre,1900
V11116,2025-01-31 14:10:00,C018,Mariana Navarro,Recurrente,P015,Tarta De Manzana,Tartas,Manzana,3,18000,9000,0.0,54000.0,Tienda,Efectivo,Completada,S003,Soledad,Soledad,Atlántico,E006,Valentina,Asesora,Enero,27000
V11088,2025-01-15 17:45:00,C026,Ricardo Diaz,Corporativo,P014,Roll De Canela,Panadería,Canela,4,7500,3100,0.1,27000.0,Tienda,Transferencia,Completada,S002,Norte,Barranquilla,Atlántico,E002,Camila,Asesora,Enero,12400
V11070,2025-01-06 18:45:00,C002,Carlos Perez,Recurrente,P012,Galleta Avena,Galletas,Avena,1,4000,1700,0.0,4000.0,Tienda,Transferencia,Completada,S002,Norte,Barranquilla,Atlántico,E005,Daniel,Asesor,Enero,1700
V10425,2025-12-22 10:15:00,C002,Carlos Perez,Recurrente,P014,Roll De Canela,Panadería,Canela,1,7500,3100,0.1,6750.0,Whatsapp,Transferencia,Completada,S001,Centro,Barranquilla,Atlántico,E002,Camila,Asesora,Diciembre,3100
V10889,2025-08-16 17:45:00,C030,Samuel Jimenez,Nuevo,P007,Cupcake Vainilla,Cupcakes,Vainilla,1,8000,3800,0.0,8000.0,Tienda,Daviplata,Completada,S004,Riomar,Barranquilla,Atlántico,E001,Laura,Asesora,Agosto,3800
V10389,2025-08-01 15:45:00,C019,Felipe Ortiz,Recurrente,P003,Cheesecake Frutos Rojos,Tortas,Frutos rojos,1,48000,26000,0.0,48000.0,Tienda,Daviplata,Completada,S001,Centro,Barranquilla,Atlántico,E001,Laura,Asesora,Agosto,26000
V10125,2025-12-25 14:45:00,C002,Valor no conocido,Corporativo,P013,Croissant,Panadería,Tradicional,8,6500,2800,0.0,52000.0,Tienda,Tarjeta,Cancelada,S001,Centro,Barranquilla,Atlántico,E004,Sofia,Asesora,Diciembre,22400
V11029,2025-06-02 15:40:00,C005,Laura Hernandez,Recurrente,P014,Roll De Canela,Panadería,Canela,1,7500,3100,0.0,7500.0,Tienda,Nequi,Completada,S004,Riomar,Barranquilla,Atlántico,E003,Mateo,Asesor,Junio,3100
V10990,2025-07-17 09:45:00,C015,Diego Suarez,Nuevo,P015,Tarta De Manzana,Tartas,Manzana,6,18000,9000,0.0,108000.0,Tienda,Daviplata,Completada,S001,Centro,Barranquilla,Atlántico,E005,Daniel,Asesor,Julio,54000
V10014,2025-11-30 18:15:00,C027,Carolina Rojas,Nuevo,P007,Cupcake Vainilla,Cupcakes,Vainilla,1,8000,3800,0.0,8000.0,Página Web,Tarjeta,Completada,S004,Riomar,Barranquilla,Atlántico,E004,Sofia,Asesora,Noviembre,3800
V10891,2025-05-15 08:00:00,C026,Ricardo Diaz,Recurrente,P001,Torta De Chocolate,Tortas,Chocolate,2,42000,22000,0.15,71400.0,Valor no conocido,Efectivo,Completada,S002,Norte,Barranquilla,Atlántico,E005,Daniel,Asesor,Mayo,44000
V11261,2025-06-23 12:50:00,C020,Gabriela Silva,Nuevo,P006,Cupcake Chocolate,Cupcakes,Chocolate,1,8500,4200,0.0,8500.0,Whatsapp,Efectivo,Completada,S002,Norte,Barranquilla,Atlántico,E001,Laura,Asesora,Junio,4200
V10448,2025-05-31 11:20:00,C013,Nicolas Vargas,Corporativo,P003,Cheesecake Frutos Rojos,Tortas,Frutos rojos,6,48000,26000,0.15,244800.0,Página Web,Nequi,Completada,S003,Soledad,Soledad,Atlántico,E002,Camila,Asesora,Mayo,156000
V10542,2025-04-22 16:15:00,C007,Andres Torres,Recurrente,P012,Galleta Avena,Galletas,Avena,1,4000,1700,0.0,4000.0,Valor no conocido,Transferencia,Devuelta,S004,Riomar,Barranquilla,Atlántico,E001,Laura,Asesora,Abril,1700
V11143,2025-02-22 14:00:00,C023,Juliana Torres,Nuevo,P014,Roll De Canela,Panadería,Canela,5,7500,3100,0.0,37500.0,Página Web,Transferencia,Completada,S001,Centro,Barranquilla,Atlántico,E006,Valentina,Asesora,Febrero,15500
V10849,2025-02-06 16:10:00,C021,Natalia Perez,Corporativo,P001,Torta De Chocolate,Tortas,Chocolate,8,42000,22000,0.2,268800.0,Página Web,Efectivo,Completada,S001,Centro,Barranquilla,Atlántico,E001,Laura,Asesora,Febrero,176000
V11089,2025-11-21 08:45:00,C014,Sara Moreno,Nuevo,P009,Brownie Clásico,Repostería,Chocolate,1,7000,3200,0.0,7000.0,Tienda,Transferencia,Completada,S001,Centro,Barranquilla,Atlántico,E002,Camila,Asesora,Noviembre,3200
V10799,2025-02-06 14:15:00,C025,Lucia Ramirez,Recurrente,P013,Croissant,Panadería,Tradicional,1,6500,2800,0.0,6500.0,Tienda,Daviplata,Completada,S004,Riomar,Barranquilla,Atlántico,E006,Valentina,Asesora,Febrero,2800
V11216,2025-07-25 11:15:00,C028,Tomas Castro,Nuevo,P015,Tarta De Manzana,Tartas,Manzana,1,18000,9000,0.0,18000.0,Página Web,Transferencia,Completada,S002,Norte,Barranquilla,Atlántico,E006,Valentina,Asesora,Julio,9000
V10228,2025-07-26 16:50:00,C018,Mariana Navarro,Recurrente,P003,Cheesecake Frutos Rojos,Tortas,Frutos rojos,4,48000,26000,0.0,192000.0,Página Web,Daviplata,Completada,S002,Norte,Barranquilla,Atlántico,E003,Mateo,Asesor,Julio,104000
V10663,2025-01-18 17:50:00,C029,Valor no conocido,Nuevo,P011,Galleta Chispas,Galletas,Chocolate,3,4500,1900,0.0,13500.0,Whatsapp,Nequi,Completada,S004,Riomar,Barranquilla,Atlántico,E002,Camila,Asesora,Enero,5700
V10176,2025-12-25 14:40:00,C011,Miguel Mendoza,Nuevo,P006,Cupcake Chocolate,Cupcakes,Chocolate,1,8500,4200,0.0,8500.0,Tienda,Tarjeta,Completada,S004,Riomar,Barranquilla,Atlántico,E004,Sofia,Asesora,Diciembre,4200
V10021,2025-03-21 16:20:00,C008,Valentina Diaz,Recurrente,P006,Cupcake Chocolate,Cupcakes,Chocolate,8,8500,4200,0.15,57800.0,Página Web,Nequi,Completada,S004,Riomar,Barranquilla,Atlántico,E003,Mateo,Asesor,Marzo,33600
V10357,2025-08-07 10:30:00,C022,Alejandro Gomez,Recurrente,P014,Roll De Canela,Panadería,Canela,1,7500,3100,0.0,7500.0,Tienda,Efectivo,Completada,S003,Soledad,Soledad,Atlántico,E002,Camila,Asesora,Agosto,3100
V11254,2025-04-19 12:50:00,C007,Andres Torres,Nuevo,P004,Torta Red Velvet,Tortas,Red velvet,5,45000,24000,0.0,225000.0,Domicilio,Nequi,Completada,S003,Soledad,Soledad,Atlántico,E001,Laura,Asesora,Abril,120000
V10182,2025-01-12 09:45:00,C007,Andres Torres,Recurrente,P012,Galleta Avena,Galletas,Avena,2,4000,1700,0.0,8000.0,Tienda,Daviplata,Completada,S004,Riomar,Barranquilla,Atlántico,E006,Valentina,Asesora,Enero,3400
V10031,2025-05-03 16:10:00,C003,Maria Gomez,Recurrente,P003,Cheesecake Frutos Rojos,Tortas,Frutos rojos,1,48000,26000,0.1,43200.0,Tienda,Nequi,Completada,S001,Centro,Barranquilla,Atlántico,E004,Sofia,Asesora,Mayo,26000
V10622,2025-12-03 14:45:00,C024,Mateo Hernandez,Recurrente,P012,Galleta Avena,Galletas,Avena,1,4000,1700,0.15,3400.0,Tienda,Tarjeta,Completada,S001,Centro,Barranquilla,Atlántico,E002,Camila,Asesora,Diciembre,1700
V10870,2025-07-18 14:45:00,C007,Andres Torres,Recurrente,P011,Galleta Chispas,Galletas,Chocolate,1,4500,1900,0.0,4500.0,Tienda,Nequi,Completada,S001,Centro,Barranquilla,Atlántico,E002,Camila,Asesora,Julio,1900
V10380,2025-03-24 15:50:00,C010,Camila Castro,Nuevo,P019,Caja Desayuno,Combos,Desayuno,1,32000,17000,0.0,32000.0,Página Web,Daviplata,Completada,S003,Soledad,Soledad,Atlántico,E003,Mateo,Asesor,Marzo,17000
V11266,2025-12-20 16:00:00,C019,Felipe Ortiz,Recurrente,P005,Torta tres Leches,Tortas,Leches,1,40000,21000,0.0,40000.0,Whatsapp,Tarjeta,Completada,S002,Norte,Barranquilla,Atlántico,E005,Daniel,Asesor,Diciembre,21000
V11267,2025-09-05 17:50:00,C010,Valor no conocido,Nuevo,P011,Galleta Chispas,Galletas,Chocolate,2,4500,1900,0.0,9000.0,Tienda,Nequi,Completada,S003,Soledad,Soledad,Atlántico,E002,Camila,Asesora,Septiembre,3800
V10570,2025-03-03 16:20:00,C002,Carlos Perez,Nuevo,P007,Cupcake Vainilla,Cupcakes,Vainilla,1,8000,3800,0.05,7600.0,Tienda,Efectivo,Completada,S001,Centro,Barranquilla,Atlántico,E002,Camila,Asesora,Marzo,3800
V11187,2025-07-15 12:50:00,C005,Laura Hernandez,Recurrente,P003,Cheesecake Frutos Rojos,Tortas,Frutos rojos,1,48000,26000,0.0,48000.0,Tienda,Efectivo,Completada,S004,Riomar,Barranquilla,Atlántico,E003,Mateo,Asesor,Julio,26000
V10528,2025-04-18 17:15:00,C013,Nicolas Vargas,Recurrente,P008,Cupcake Red Velvet,Cupcakes,Red velvet,1,9500,4800,0.2,7600.0,Tienda,Transferencia,Completada,S004,Riomar,Barranquilla,Atlántico,E002,Camila,Asesora,Abril,4800
V11118,2025-12-31 18:40:00,C010,Camila Castro,Nuevo,P013,Croissant,Panadería,Tradicional,2,6500,2800,0.0,13000.0,Página Web,Transferencia,Completada,S002,Norte,Barranquilla,Atlántico,E002,Camila,Asesora,Diciembre,5600
V11011,2025-09-19 15:15:00,C027,Carolina Rojas,Nuevo,P012,Galleta Avena,Galletas,Avena,1,4000,1700,0.15,3400.0,Domicilio,Tarjeta,Completada,S001,Centro,Barranquilla,Atlántico,E004,Sofia,Asesora,Septiembre,1700
V10956,2025-09-02 14:15:00,C029,Manuela Mendoza,Nuevo,P015,Tarta De Manzana,Tartas,Manzana,1,18000,9000,0.0,18000.0,Tienda,Transferencia,Completada,S001,Centro,Barranquilla,Atlántico,E002,Camila,Asesora,Septiembre,9000
V11083,2025-06-12 15:10:00,C026,Ricardo Diaz,Recurrente,P014,Roll De Canela,Panadería,Canela,2,7500,3100,0.0,15000.0,Instagram,Nequi,Completada,S002,Norte,Barranquilla,Atlántico,E003,Mateo,Asesor,Junio,6200
V11182,2025-09-30 17:15:00,C015,Diego Suarez,Nuevo,P001,Torta De Chocolate,Tortas,Chocolate,2,42000,22000,0.0,67200.0,Whatsapp,Tarjeta,Completada,S002,Norte,Barranquilla,Atlántico,E002,Camila,Asesora,Septiembre,44000
V10666,2025-03-22 18:50:00,C003,Maria Gomez,Recurrente,P013,Croissant,Panadería,Tradicional,1,6500,2800,0.0,6500.0,Whatsapp,Transferencia,Completada,S004,Riomar,Barranquilla,Atlántico,E003,Mateo,Asesor,Marzo,2800
V10128,2025-01-09 12:00:00,C003,Maria Gomez,Nuevo,P008,Cupcake Red Velvet,Cupcakes,Red velvet,1,9500,4800,0.05,9025.0,Instagram,Nequi,Completada,S001,Centro,Barranquilla,Atlántico,E002,Camila,Asesora,Enero,4800
V10799,2025-10-12 17:20:00,C007,Andres Torres,Recurrente,P011,Galleta Chispas,Galletas,Chocolate,2,4500,1900,0.0,9000.0,Domicilio,Efectivo,Completada,S003,Soledad,Soledad,Atlántico,E004,Sofia,Asesora,Octubre,3800
V10982,2025-02-22 15:20:00,C023,Juliana Torres,Recurrente,P012,Galleta Avena,Galletas,Avena,2,4000,1700,0.0,8000.0,Página Web,Valor no conocido,Completada,S001,Centro,Barranquilla,Atlántico,E004,Sofia,Asesora,Febrero,3400
V10681,2025-01-16 15:40:00,C002,Carlos Perez,Nuevo,P001,Torta De Chocolate,Tortas,Chocolate,1,42000,22000,0.0,35700.0,Instagram,Efectivo,Completada,S001,Centro,Barranquilla,Atlántico,E002,Camila,Asesora,Enero,22000
V11101,2025-10-18 15:15:00,C019,Felipe Ortiz,Recurrente,P010,Brownie Con Nueces,Repostería,Nueces,3,8500,4000,0.0,25.5,Domicilio,Valor no conocido,Completada,S002,Norte,Barranquilla,Atlántico,E004,Sofia,Asesora,Octubre,12000
V10731,2025-04-06 14:40:00,C015,Diego Suarez,Recurrente,P012,Galleta Avena,Galletas,Avena,2,4000,1700,0.0,8.0,Whatsapp,Transferencia,Completada,S003,Soledad,Soledad,Atlántico,E004,Sofia,Asesora,Abril,3400
V10763,2025-09-14 16:10:00,C012,Paula Jimenez,Nuevo,P009,Brownie Clásico,Repostería,Chocolate,5,7000,3200,0.0,35000.0,Instagram,Nequi,Completada,S002,Norte,Barranquilla,Atlántico,E003,Mateo,Asesor,Septiembre,16000
V10115,2025-08-17 12:30:00,C011,Miguel Mendoza,Nuevo,P005,Torta tres Leches,Tortas,Leches,3,40000,21000,0.0,120000.0,Tienda,Transferencia,Completada,S003,Soledad,Soledad,Atlántico,E006,Valentina,Asesora,Agosto,63000
V11191,2025-05-12 16:30:00,C026,Valor no conocido,Recurrente,P007,Cupcake Vainilla,Cupcakes,Vainilla,2,8000,3800,0.0,16000.0,Whatsapp,Daviplata,Completada,S003,Soledad,Soledad,Atlántico,E003,Mateo,Asesor,Mayo,7600
V10417,2025-03-23 08:10:00,C001,Ana Rodriguez,Nuevo,P013,Croissant,Panadería,Tradicional,3,6500,2800,0.0,19500.0,Instagram,Tarjeta,Cancelada,S001,Centro,Barranquilla,Atlántico,E003,Mateo,Asesor,Marzo,8400
V10941,2025-03-25 14:45:00,C006,Sofia Ramirez,Recurrente,P003,Cheesecake Frutos Rojos,Tortas,Frutos rojos,2,48000,26000,0.0,96000.0,Tienda,Daviplata,Completada,S001,Centro,Barranquilla,Atlántico,E001,Laura,Asesora,Marzo,52000
V11036,2025-06-06 14:00:00,C002,Carlos Perez,Nuevo,P014,Roll De Canela,Panadería,Canela,1,7500,3100,0.0,7500.0,Tienda,Tarjeta,Completada,S003,Soledad,Soledad,Atlántico,E005,Daniel,Asesor,Junio,3100
V11090,2025-04-06 14:40:00,C005,Laura Hernandez,Nuevo,P012,Galleta Avena,Galletas,Avena,6,4000,1700,0.0,24000.0,Página Web,Tarjeta,Completada,S001,Centro,Barranquilla,Atlántico,E005,Daniel,Asesor,Abril,10200
V10085,2025-02-13 14:40:00,C006,Sofia Ramirez,Nuevo,P010,Brownie Con Nueces,Repostería,Nueces,3,8500,4000,0.0,25500.0,Domicilio,Transferencia,Completada,S002,Norte,Barranquilla,Atlántico,E006,Valentina,Asesora,Febrero,12000
V10483,2025-06-20 18:10:00,C008,Valentina Diaz,Corporativo,P002,Torta De Vainilla,Tortas,Vainilla,8,38000,19500,0.1,273600.0,Página Web,Transferencia,Completada,S002,Norte,Barranquilla,Atlántico,E002,Camila,Asesora,Junio,156000
V11145,2025-01-12 18:15:00,C020,Gabriela Silva,Nuevo,P019,Caja Desayuno,Combos,Desayuno,2,32000,17000,0.15,54400.0,Página Web,Daviplata,Completada,S003,Soledad,Soledad,Atlántico,E005,Daniel,Asesor,Enero,34000
V10940,2025-12-03 11:00:00,C029,Manuela Mendoza,Nuevo,P011,Galleta Chispas,Galletas,Chocolate,5,4500,1900,0.15,19125.0,Tienda,Nequi,Completada,S002,Norte,Barranquilla,Atlántico,E001,Laura,Asesora,Diciembre,9500
V10037,2025-05-26 12:30:00,C015,Diego Suarez,Nuevo,P016,Tarta De Limón,Tartas,Limón,6,18000,8800,0.05,102600.0,Tienda,Nequi,Completada,S002,Norte,Barranquilla,Atlántico,E001,Laura,Asesora,Mayo,52800
V10121,2025-11-24 08:45:00,C027,Carolina Rojas,Nuevo,P006,Cupcake Chocolate,Cupcakes,Chocolate,1,8500,4200,0.0,8500.0,Whatsapp,Efectivo,Completada,S004,Riomar,Barranquilla,Atlántico,E002,Camila,Asesora,Noviembre,4200
V10329,2025-07-22 15:50:00,C020,Gabriela Silva,Corporativo,P014,Roll De Canela,Panadería,Canela,4,7500,3100,0.0,30000.0,Tienda,Tarjeta,Completada,S003,Soledad,Soledad,Atlántico,E005,Daniel,Asesor,Julio,12400
V11247,2025-07-11 12:45:00,C027,Carolina Rojas,Recurrente,P002,Torta De Vainilla,Tortas,Vainilla,3,38000,19500,0.0,114000.0,Whatsapp,Efectivo,Cancelada,S001,Centro,Barranquilla,Atlántico,E001,Laura,Asesora,Julio,58500
V10167,2025-05-21 13:10:00,C012,Paula Jimenez,Nuevo,P012,Galleta Avena,Galletas,Avena,1,4000,1700,0.0,4000.0,Domicilio,Tarjeta,Completada,S001,Centro,Barranquilla,Atlántico,E006,Valentina,Asesora,Mayo,1700
V11219,2025-06-06 18:20:00,C004,Juan Martinez,Nuevo,P014,Roll De Canela,Panadería,Canela,1,7500,3100,0.1,6750.0,Tienda,Transferencia,Completada,S004,Riomar,Barranquilla,Atlántico,E003,Mateo,Asesor,Junio,3100
V10930,2025-06-26 18:50:00,C002,Carlos Perez,Recurrente,P015,Tarta De Manzana,Tartas,Manzana,3,18000,9000,0.0,54000.0,Whatsapp,Nequi,Cancelada,S001,Centro,Barranquilla,Atlántico,E002,Camila,Asesora,Junio,27000
V11135,2025-05-04 20:00:00,C026,Ricardo Diaz,Recurrente,P010,Brownie Con Nueces,Repostería,Nueces,3,8500,4000,0.0,25500.0,Domicilio,Efectivo,Completada,S002,Norte,Barranquilla,Atlántico,E006,Valentina,Asesora,Mayo,12000
V10006,2025-08-28 11:45:00,C018,Valor no conocido,Recurrente,P011,Galleta Chispas,Galletas,Chocolate,1,4500,1900,0.0,4500.0,Página Web,Nequi,Completada,S002,Norte,Barranquilla,Atlántico,E002,Camila,Asesora,Agosto,1900
V10846,2025-06-14 15:00:00,C026,Ricardo Diaz,Corporativo,P012,Galleta Avena,Galletas,Avena,8,4000,1700,0.15,27200.0,Tienda,Nequi,Completada,S002,Norte,Barranquilla,Atlántico,E004,Sofia,Asesora,Junio,13600
V11163,2025-08-24 16:45:00,C028,Tomas Castro,Recurrente,P014,Roll De Canela,Panadería,Canela,4,7500,3100,0.1,27000.0,Whatsapp,Efectivo,Completada,S001,Centro,Barranquilla,Atlántico,E003,Mateo,Asesor,Agosto,12400
V10883,2025-07-28 19:10:00,C004,Juan Martinez,Nuevo,P015,Tarta De Manzana,Tartas,Manzana,2,18000,9000,0.0,36000.0,Tienda,Nequi,Completada,S003,Soledad,Soledad,Atlántico,E004,Sofia,Asesora,Julio,18000
V10370,2025-01-28 12:30:00,C026,Ricardo Diaz,Nuevo,P009,Brownie Clásico,Repostería,Chocolate,4,7000,3200,0.05,26600.0,Domicilio,Valor no conocido,Completada,S001,Centro,Barranquilla,Atlántico,E003,Mateo,Asesor,Enero,12800
V10204,2025-09-01 20:20:00,C029,Manuela Mendoza,Nuevo,P007,Cupcake Vainilla,Cupcakes,Vainilla,1,8000,3800,0.0,8000.0,Página Web,Tarjeta,Completada,S004,Riomar,Barranquilla,Atlántico,E002,Camila,Asesora,Septiembre,3800
V10747,2025-10-13 14:45:00,C011,Miguel Mendoza,Nuevo,P007,Cupcake Vainilla,Cupcakes,Vainilla,3,8000,3800,0.0,24000.0,Tienda,Nequi,Completada,S001,Centro,Barranquilla,Atlántico,E001,Laura,Asesora,Octubre,11400
V10078,2025-08-03 09:10:00,C006,Sofia Ramirez,Nuevo,P011,Galleta Chispas,Galletas,Chocolate,3,4500,1900,0.05,12825.0,Página Web,Transferencia,Completada,S002,Norte,Barranquilla,Atlántico,E003,Mateo,Asesor,Agosto,5700
V10725,2025-03-30 14:45:00,C003,Maria Gomez,Nuevo,P006,Cupcake Chocolate,Cupcakes,Chocolate,4,8500,4200,0.15,28900.0,Whatsapp,Nequi,Completada,S002,Norte,Barranquilla,Atlántico,E006,Valentina,Asesora,Marzo,16800
V11218,2025-06-28 12:20:00,C024,Mateo Hernandez,Nuevo,P014,Roll De Canela,Panadería,Canela,1,7500,3100,0.15,6375.0,Whatsapp,Tarjeta,Completada,S004,Riomar,Barranquilla,Atlántico,E005,Daniel,Asesor,Junio,3100
V10513,2025-07-19 15:10:00,C008,Valentina Diaz,Nuevo,P010,Brownie Con Nueces,Repostería,Nueces,3,8500,4000,0.1,22950.0,Instagram,Tarjeta,Completada,S001,Centro,Barranquilla,Atlántico,E006,Valentina,Asesora,Julio,12000
V10280,2025-08-31 14:20:00,C001,Ana Rodriguez,Recurrente,P011,Galleta Chispas,Galletas,Chocolate,2,4500,1900,0.0,9000.0,Valor no conocido,Efectivo,Completada,S002,Norte,Barranquilla,Atlántico,E002,Camila,Asesora,Agosto,3800
V11113,2025-05-17 18:10:00,C005,Laura Hernandez,Recurrente,P009,Brownie Clásico,Repostería,Chocolate,2,7000,3200,0.15,11900.0,Whatsapp,Efectivo,Completada,S001,Centro,Barranquilla,Atlántico,E005,Daniel,Asesor,Mayo,6400
V10212,2025-11-04 09:20:00,C011,Miguel Mendoza,Recurrente,P005,Torta tres Leches,Tortas,Leches,3,40000,21000,0.0,120000.0,Instagram,Daviplata,Completada,S002,Norte,Barranquilla,Atlántico,E003,Mateo,Asesor,Noviembre,63000
V11088,2025-12-13 19:15:00,C009,Daniel Rojas,Nuevo,P005,Torta tres Leches,Tortas,Leches,1,40000,21000,0.1,36000.0,Instagram,Tarjeta,Completada,S004,Riomar,Barranquilla,Atlántico,E006,Valentina,Asesora,Diciembre,21000
V10120,2025-04-09 17:15:00,C011,Miguel Mendoza,Nuevo,P016,Tarta De Limón,Tartas,Limón,2,18000,8800,0.0,36000.0,Tienda,Tarjeta,Completada,S004,Riomar,Barranquilla,Atlántico,E005,Daniel,Asesor,Abril,17600
V10385,2025-08-15 14:10:00,C004,Juan Martinez,Recurrente,P002,Torta De Vainilla,Tortas,Vainilla,5,38000,19500,0.0,190000.0,Tienda,Transferencia,Completada,S002,Norte,Barranquilla,Atlántico,E003,Mateo,Asesor,Agosto,97500
V10521,2025-07-11 17:20:00,C005,Laura Hernandez,Nuevo,P001,Torta De Chocolate,Tortas,Chocolate,1,42000,22000,0.0,42000.0,Domicilio,Transferencia,Completada,S001,Centro,Barranquilla,Atlántico,E003,Mateo,Asesor,Julio,22000
V10213,2025-04-24 12:10:00,C021,Natalia Perez,Recurrente,P011,Galleta Chispas,Galletas,Chocolate,5,4500,1900,0.0,22500.0,Instagram,Transferencia,Completada,S003,Soledad,Soledad,Atlántico,E004,Sofia,Asesora,Abril,9500
V11217,2025-08-12 17:10:00,C006,Sofia Ramirez,Nuevo,P009,Brownie Clásico,Repostería,Chocolate,1,7000,3200,0.0,7000.0,Tienda,Efectivo,Completada,S004,Riomar,Barranquilla,Atlántico,E003,Mateo,Asesor,Agosto,3200
V10453,2025-01-22 17:10:00,C006,Sofia Ramirez,Recurrente,P011,Galleta Chispas,Galletas,Chocolate,4,4500,1900,0.0,18000.0,Domicilio,Tarjeta,Completada,S002,Norte,Barranquilla,Atlántico,E002,Camila,Asesora,Enero,7600
V10775,2025-06-25 15:20:00,C012,Paula Jimenez,Nuevo,P011,Galleta Chispas,Galletas,Chocolate,1,4500,1900,0.2,3600.0,Whatsapp,Nequi,Completada,S001,Centro,Barranquilla,Atlántico,E005,Daniel,Asesor,Junio,1900
V10398,2025-03-24 12:30:00,C025,Lucia Ramirez,Recurrente,P018,Macaron Caja X12,Macarons,Variados,1,40000,19500,0.0,40000.0,Whatsapp,Efectivo,Completada,S004,Riomar,Barranquilla,Atlántico,E002,Camila,Asesora,Marzo,19500
V11175,2025-07-10 11:00:00,C029,Manuela Mendoza,Valor no conocido,P017,Macaron Caja X6,Macarons,Variados,4,22000,11000,0.0,88000.0,Instagram,Nequi,Completada,S003,Soledad,Soledad,Atlántico,E003,Mateo,Asesor,Julio,44000
V10968,2025-01-17 16:10:00,C025,Lucia Ramirez,Nuevo,P019,Caja Desayuno,Combos,Desayuno,2,32000,17000,0.15,54400.0,Tienda,Nequi,Completada,S003,Soledad,Soledad,Atlántico,E001,Laura,Asesora,Enero,34000
V10115,2025-01-26 20:15:00,C017,Sebastian Ruiz,Nuevo,P011,Galleta Chispas,Galletas,Chocolate,1,4500,1900,0.0,4500.0,Tienda,Tarjeta,Completada,S003,Soledad,Soledad,Atlántico,E004,Sofia,Asesora,Enero,1900
V10328,2025-10-14 08:40:00,C007,Andres Torres,Nuevo,P010,Brownie Con Nueces,Repostería,Nueces,1,8500,4000,0.0,8500.0,Tienda,Nequi,Completada,S004,Riomar,Barranquilla,Atlántico,E003,Mateo,Asesor,Octubre,4000
V10797,2025-07-05 16:45:00,C023,Juliana Torres,Corporativo,P009,Brownie Clásico,Repostería,Chocolate,6,7000,3200,0.0,42000.0,Tienda,Nequi,Completada,S002,Norte,Barranquilla,Atlántico,E002,Camila,Asesora,Julio,19200
V11199,2025-02-24 12:15:00,C018,Mariana Navarro,Recurrente,P015,Tarta De Manzana,Tartas,Manzana,1,18000,9000,0.0,18000.0,Tienda,Transferencia,Completada,S001,Centro,Barranquilla,Atlántico,E001,Laura,Asesora,Febrero,9000
V10545,2025-02-19 14:00:00,C016,Isabella Romero,Nuevo,P011,Galleta Chispas,Galletas,Chocolate,1,4500,1900,0.0,4500.0,Domicilio,Transferencia,Cancelada,S002,Norte,Barranquilla,Atlántico,E001,Laura,Asesora,Febrero,1900
V10379,2025-03-31 19:20:00,C023,Juliana Torres,Nuevo,P011,Galleta Chispas,Galletas,Chocolate,3,4500,1900,0.0,13500.0,Tienda,Daviplata,Completada,S003,Soledad,Soledad,Atlántico,E006,Valentina,Asesora,Marzo,5700
V10151,2025-10-09 14:50:00,C024,Mateo Hernandez,Nuevo,P014,Roll De Canela,Panadería,Canela,3,7500,3100,0.0,22500.0,Whatsapp,Tarjeta,Completada,S001,Centro,Barranquilla,Atlántico,E002,Camila,Asesora,Octubre,9300
V10948,2025-08-05 13:15:00,C029,Manuela Mendoza,Nuevo,P012,Galleta Avena,Galletas,Avena,1,4000,1700,0.0,4000.0,Instagram,Transferencia,Completada,S002,Norte,Barranquilla,Atlántico,E005,Daniel,Asesor,Agosto,1700
V11016,2025-12-18 14:00:00,C019,Felipe Ortiz,Nuevo,P009,Brownie Clásico,Repostería,Chocolate,1,7000,3200,0.1,6300.0,Instagram,Daviplata,Completada,S001,Centro,Barranquilla,Atlántico,E005,Daniel,Asesor,Diciembre,3200
V10501,2025-10-03 15:45:00,C019,Valor no conocido,Nuevo,P010,Brownie Con Nueces,Repostería,Nueces,3,8500,4000,0.0,25500.0,Domicilio,Tarjeta,Completada,S002,Norte,Barranquilla,Atlántico,E004,Sofia,Asesora,Octubre,12000
V10114,2025-09-05 15:50:00,C008,Valentina Diaz,Nuevo,P007,Cupcake Vainilla,Cupcakes,Vainilla,1,8000,3800,0.0,8000.0,Domicilio,Daviplata,Completada,S001,Centro,Barranquilla,Atlántico,E003,Mateo,Asesor,Septiembre,3800
V10624,2025-08-17 10:15:00,C024,Mateo Hernandez,Nuevo,P017,Macaron Caja X6,Macarons,Variados,1,22000,11000,0.15,18700.0,Tienda,Tarjeta,Completada,S002,Norte,Barranquilla,Atlántico,E001,Laura,Asesora,Agosto,11000
V10821,2025-06-25 16:10:00,C010,Camila Castro,Nuevo,P013,Croissant,Panadería,Tradicional,3,6500,2800,0.2,15600.0,Valor no conocido,Transferencia,Completada,S001,Centro,Barranquilla,Atlántico,E003,Mateo,Asesor,Junio,8400
V10158,2025-08-19 16:45:00,C028,Tomas Castro,Nuevo,P016,Tarta De Limón,Tartas,Limón,1,18000,8800,0.0,18000.0,Tienda,Nequi,Completada,S002,Norte,Barranquilla,Atlántico,E006,Valentina,Asesora,Agosto,8800
V10731,2025-07-05 14:40:00,C027,Carolina Rojas,Nuevo,P004,Torta Red Velvet,Tortas,Red velvet,2,45000,24000,0.0,90000.0,Whatsapp,Efectivo,Completada,S002,Norte,Barranquilla,Atlántico,E004,Sofia,Asesora,Julio,48000
V10225,2025-09-07 17:20:00,C014,Sara Moreno,Nuevo,P014,Roll De Canela,Panadería,Canela,1,7500,3100,0.0,7500.0,Instagram,Efectivo,Completada,S001,Centro,Barranquilla,Atlántico,E006,Valentina,Asesora,Septiembre,3100
V10237,2025-11-28 20:40:00,C008,Valentina Diaz,Recurrente,P008,Cupcake Red Velvet,Cupcakes,Red velvet,3,9500,4800,0.2,22800.0,Instagram,Nequi,Completada,S002,Norte,Barranquilla,Atlántico,E005,Daniel,Asesor,Noviembre,14400
V11183,2025-08-13 14:20:00,C022,Alejandro Gomez,Recurrente,P018,Macaron Caja X12,Macarons,Variados,2,40000,19500,0.0,80000.0,Tienda,Transferencia,Completada,S003,Soledad,Soledad,Atlántico,E006,Valentina,Asesora,Agosto,39000
V10326,2025-08-11 15:15:00,C009,Daniel Rojas,Recurrente,P004,Torta Red Velvet,Tortas,Red velvet,10,45000,24000,0.0,450000.0,Tienda,Efectivo,Completada,S004,Riomar,Barranquilla,Atlántico,E005,Daniel,Asesor,Agosto,240000
V10098,2025-03-06 17:15:00,C025,Lucia Ramirez,Recurrente,P007,Cupcake Vainilla,Cupcakes,Vainilla,1,8000,3800,0.2,6400.0,Domicilio,Efectivo,Cancelada,S001,Centro,Barranquilla,Atlántico,E005,Daniel,Asesor,Marzo,3800
V11002,2025-10-15 19:10:00,C014,Sara Moreno,Nuevo,P009,Brownie Clásico,Repostería,Chocolate,4,7000,3200,0.0,28000.0,Valor no conocido,Nequi,Completada,S002,Norte,Barranquilla,Atlántico,E003,Mateo,Asesor,Octubre,12800
V10157,2025-10-21 18:15:00,C028,Tomas Castro,Recurrente,P005,Torta tres Leches,Tortas,Leches,5,40000,21000,0.0,200000.0,Página Web,Efectivo,Completada,S001,Centro,Barranquilla,Atlántico,E006,Valentina,Asesora,Octubre,105000
V10693,2025-05-23 10:40:00,C004,Juan Martinez,Corporativo,P009,Brownie Clásico,Repostería,Chocolate,4,7000,3200,0.2,22400.0,Página Web,Tarjeta,Completada,S003,Soledad,Soledad,Atlántico,E001,Laura,Asesora,Mayo,12800
V10197,2025-09-08 14:20:00,C009,Daniel Rojas,Nuevo,P009,Brownie Clásico,Repostería,Chocolate,2,7000,3200,0.0,14000.0,Tienda,Nequi,Completada,S004,Riomar,Barranquilla,Atlántico,E003,Mateo,Asesor,Septiembre,6400
V11224,2025-11-10 14:20:00,C019,Valor no conocido,Recurrente,P008,Cupcake Red Velvet,Cupcakes,Red velvet,1,9500,4800,0.0,9500.0,Whatsapp,Tarjeta,Completada,S004,Riomar,Barranquilla,Atlántico,E005,Daniel,Asesor,Noviembre,4800
V11215,2025-07-18 17:45:00,C030,Samuel Jimenez,Recurrente,P013,Croissant,Panadería,Tradicional,5,6500,2800,0.0,32500.0,Whatsapp,Transferencia,Completada,S001,Centro,Barranquilla,Atlántico,E006,Valentina,Asesora,Julio,14000
V10954,2025-07-19 15:15:00,C016,Isabella Romero,Nuevo,P012,Galleta Avena,Galletas,Avena,5,4000,1700,0.0,20000.0,Tienda,Tarjeta,Completada,S001,Centro,Barranquilla,Atlántico,E001,Laura,Asesora,Julio,8500
V10305,2025-03-16 17:45:00,C019,Felipe Ortiz,Recurrente,P013,Croissant,Panadería,Tradicional,1,6500,2800,0.15,5525.0,Whatsapp,Daviplata,Completada,S003,Soledad,Soledad,Atlántico,E004,Sofia,Asesora,Marzo,2800
V11141,2025-12-20 16:20:00,C018,Mariana Navarro,Recurrente,P008,Cupcake Red Velvet,Cupcakes,Red velvet,3,9500,4800,0.0,28500.0,Página Web,Nequi,Completada,S001,Centro,Barranquilla,Atlántico,E001,Laura,Asesora,Diciembre,14400
V10709,2025-10-08 14:15:00,C001,Ana Rodriguez,Nuevo,P006,Cupcake Chocolate,Cupcakes,Chocolate,2,8500,4200,0.0,17000.0,Tienda,Daviplata,Completada,S002,Norte,Barranquilla,Atlántico,E002,Camila,Asesora,Octubre,8400
V10169,2025-10-18 13:50:00,C006,Sofia Ramirez,Nuevo,P014,Roll De Canela,Panadería,Canela,1,7500,3100,0.0,7500.0,Whatsapp,Nequi,Completada,S001,Centro,Barranquilla,Atlántico,E003,Mateo,Asesor,Octubre,3100
V10529,2025-07-29 15:50:00,C030,Valor no conocido,Recurrente,P007,Cupcake Vainilla,Cupcakes,Vainilla,4,8000,3800,0.0,32000.0,Tienda,Tarjeta,Completada,S002,Norte,Barranquilla,Atlántico,E004,Sofia,Asesora,Julio,15200
V10000,2025-09-16 16:40:00,C018,Mariana Navarro,Nuevo,P018,Macaron Caja X12,Macarons,Variados,2,40000,19500,0.0,80000.0,Whatsapp,Tarjeta,Completada,S002,Norte,Barranquilla,Atlántico,E003,Mateo,Asesor,Septiembre,39000
V10094,2025-08-01 14:15:00,C017,Sebastian Ruiz,Nuevo,P017,Macaron Caja X6,Macarons,Variados,1,22000,11000,0.0,22000.0,Tienda,Tarjeta,Completada,S001,Centro,Barranquilla,Atlántico,E002,Camila,Asesora,Agosto,11000
V10580,2025-11-10 11:45:00,C002,Carlos Perez,Recurrente,P005,Torta tres Leches,Tortas,Leches,1,40000,21000,0.0,40000.0,Tienda,Nequi,Completada,S002,Norte,Barranquilla,Atlántico,E006,Valentina,Asesora,Noviembre,21000
V11231,2025-04-15 18:30:00,C012,Paula Jimenez,Nuevo,P011,Galleta Chispas,Galletas,Chocolate,1,4500,1900,0.0,4500.0,Tienda,Transferencia,Cancelada,S001,Centro,Barranquilla,Atlántico,E004,Sofia,Asesora,Abril,1900
V10794,2025-06-24 14:00:00,C016,Isabella Romero,Recurrente,P012,Galleta Avena,Galletas,Avena,2,4000,1700,0.0,8000.0,Tienda,Nequi,Completada,S004,Riomar,Barranquilla,Atlántico,E005,Daniel,Asesor,Junio,3400
V11137,2025-10-16 12:00:00,C018,Mariana Navarro,Nuevo,P009,Brownie Clásico,Repostería,Chocolate,4,7000,3200,0.0,28000.0,Domicilio,Efectivo,Completada,S002,Norte,Barranquilla,Atlántico,E002,Camila,Asesora,Octubre,12800
V11068,2025-02-12 18:45:00,C001,Ana Rodriguez,Recurrente,P005,Torta tres Leches,Tortas,Leches,2,40000,21000,0.0,80000.0,Instagram,Daviplata,Completada,S004,Riomar,Barranquilla,Atlántico,E003,Mateo,Asesor,Febrero,42000
V11172,2025-02-15 15:40:00,C016,Isabella Romero,Recurrente,P002,Torta De Vainilla,Tortas,Vainilla,4,38000,19500,0.0,152000.0,Whatsapp,Nequi,Completada,S004,Riomar,Barranquilla,Atlántico,E004,Sofia,Asesora,Febrero,78000
V10353,2025-07-16 14:40:00,C027,Carolina Rojas,Recurrente,P020,Caja Regalo Dulce,Combos,Regalo,1,52000,28500,0.0,52000.0,Whatsapp,Daviplata,Completada,S004,Riomar,Barranquilla,Atlántico,E001,Laura,Asesora,Julio,28500
V10942,2025-09-20 13:50:00,C013,Nicolas Vargas,Nuevo,P014,Roll De Canela,Panadería,Canela,1,7500,3100,0.0,7500.0,Instagram,Nequi,Completada,S003,Soledad,Soledad,Atlántico,E005,Daniel,Asesor,Septiembre,3100
V11039,2025-12-01 17:50:00,C008,Valentina Diaz,Recurrente,P006,Cupcake Chocolate,Cupcakes,Chocolate,4,8500,4200,0.0,34000.0,Whatsapp,Tarjeta,Completada,S002,Norte,Barranquilla,Atlántico,E002,Camila,Asesora,Diciembre,16800
V10549,2025-12-25 16:20:00,C018,Mariana Navarro,Recurrente,P006,Cupcake Chocolate,Cupcakes,Chocolate,3,8500,4200,0.0,25500.0,Whatsapp,Efectivo,Completada,S001,Centro,Barranquilla,Atlántico,E006,Valentina,Asesora,Diciembre,12600
V11190,2025-07-21 17:30:00,C010,Camila Castro,Nuevo,P001,Torta De Chocolate,Tortas,Chocolate,2,42000,22000,0.0,84000.0,Tienda,Tarjeta,Completada,S002,Norte,Barranquilla,Atlántico,E006,Valentina,Asesora,Julio,44000
V11042,2025-03-24 16:10:00,C010,Camila Castro,Nuevo,P010,Brownie Con Nueces,Repostería,Nueces,1,8500,4000,0.0,8500.0,Tienda,Nequi,Cancelada,S004,Riomar,Barranquilla,Atlántico,E002,Camila,Asesora,Marzo,4000
V11148,2025-04-30 13:00:00,C030,Samuel Jimenez,Nuevo,P003,Cheesecake Frutos Rojos,Tortas,Frutos rojos,2,48000,26000,0.15,81600.0,Página Web,Tarjeta,Completada,S003,Soledad,Soledad,Atlántico,E004,Sofia,Asesora,Abril,52000
V10258,2025-11-05 16:45:00,C004,Juan Martinez,Recurrente,P006,Cupcake Chocolate,Cupcakes,Chocolate,1,8500,4200,0.0,8500.0,Tienda,Efectivo,Completada,S003,Soledad,Soledad,Atlántico,E001,Laura,Asesora,Noviembre,4200
V10536,2025-08-17 16:15:00,C016,Isabella Romero,Recurrente,P014,Roll De Canela,Panadería,Canela,1,7500,3100,0.0,7500.0,Tienda,Nequi,Completada,S004,Riomar,Barranquilla,Atlántico,E003,Mateo,Asesor,Agosto,3100
V10590,2025-02-16 14:20:00,C005,Laura Hernandez,Nuevo,P012,Galleta Avena,Galletas,Avena,1,4000,1700,0.0,4000.0,Tienda,Tarjeta,Completada,S002,Norte,Barranquilla,Atlántico,E004,Sofia,Asesora,Febrero,1700
V11134,2025-10-08 20:15:00,C020,Gabriela Silva,Corporativo,P019,Caja Desayuno,Combos,Desayuno,8,32000,17000,0.0,256000.0,Domicilio,Nequi,Completada,S004,Riomar,Barranquilla,Atlántico,E002,Camila,Asesora,Octubre,136000
V11060,2025-06-30 13:40:00,C017,Sebastian Ruiz,Nuevo,P011,Galleta Chispas,Galletas,Chocolate,1,4500,1900,0.15,3825.0,Domicilio,Efectivo,Completada,S002,Norte,Barranquilla,Atlántico,E006,Valentina,Asesora,Junio,1900
V10812,2025-04-21 14:45:00,C010,Camila Castro,Nuevo,P013,Croissant,Panadería,Tradicional,1,6500,2800,0.0,6500.0,Instagram,Nequi,Completada,S001,Centro,Barranquilla,Atlántico,E006,Valentina,Asesora,Abril,2800
V10517,2025-01-20 15:45:00,C024,Mateo Hernandez,Recurrente,P013,Croissant,Panadería,Tradicional,6,6500,2800,0.0,39000.0,Página Web,Tarjeta,Completada,S001,Centro,Barranquilla,Atlántico,E006,Valentina,Asesora,Enero,16800
V10521,2025-07-08 14:50:00,C025,Lucia Ramirez,Recurrente,P010,Brownie Con Nueces,Repostería,Nueces,1,8500,4000,0.2,6800.0,Whatsapp,Transferencia,Completada,S004,Riomar,Barranquilla,Atlántico,E001,Laura,Asesora,Julio,4000
V11082,2025-02-10 19:45:00,C014,Sara Moreno,Valor no conocido,P013,Croissant,Panadería,Tradicional,10,6500,2800,0.0,65000.0,Página Web,Nequi,Completada,S002,Norte,Barranquilla,Atlántico,E005,Daniel,Asesor,Febrero,28000
V11034,2025-05-30 19:10:00,C005,Laura Hernandez,Recurrente,P017,Macaron Caja X6,Macarons,Variados,1,22000,11000,0.0,22.0,Domicilio,Daviplata,Completada,S003,Soledad,Soledad,Atlántico,E005,Daniel,Asesor,Mayo,11000
V11257,2025-01-11 10:45:00,C025,Lucia Ramirez,Recurrente,P007,Cupcake Vainilla,Cupcakes,Vainilla,1,8000,3800,0.05,7600.0,Tienda,Tarjeta,Completada,S002,Norte,Barranquilla,Atlántico,E001,Laura,Asesora,Enero,3800
V11040,2025-08-15 12:20:00,C024,Mateo Hernandez,Nuevo,P012,Galleta Avena,Galletas,Avena,2,4000,1700,0.0,8000.0,Instagram,Tarjeta,Completada,S003,Soledad,Soledad,Atlántico,E006,Valentina,Asesora,Agosto,3400
V11132,2025-04-10 18:15:00,C010,Camila Castro,Nuevo,P006,Cupcake Chocolate,Cupcakes,Chocolate,2,8500,4200,0.2,13600.0,Domicilio,Nequi,Completada,S002,Norte,Barranquilla,Atlántico,E003,Mateo,Asesor,Abril,8400
V11116,2025-11-01 12:30:00,C016,Isabella Romero,Recurrente,P010,Brownie Con Nueces,Repostería,Nueces,1,8500,4000,0.0,8500.0,Valor no conocido,Daviplata,Completada,S001,Centro,Barranquilla,Atlántico,E005,Daniel,Asesor,Noviembre,4000
V11239,2025-11-23 17:30:00,C010,Camila Castro,Recurrente,P008,Cupcake Red Velvet,Cupcakes,Red velvet,1,9500,4800,0.0,9500.0,Whatsapp,Tarjeta,Completada,S001,Centro,Barranquilla,Atlántico,E004,Sofia,Asesora,Noviembre,4800
V11192,2025-10-10 16:50:00,C021,Natalia Perez,Nuevo,P012,Galleta Avena,Galletas,Avena,3,4000,1700,0.0,12000.0,Tienda,Nequi,Completada,S003,Soledad,Soledad,Atlántico,E004,Sofia,Asesora,Octubre,5100
V10661,2025-05-09 14:20:00,C028,Tomas Castro,Recurrente,P015,Tarta De Manzana,Tartas,Manzana,2,18000,9000,0.1,32400.0,Whatsapp,Transferencia,Completada,S001,Centro,Barranquilla,Atlántico,E002,Camila,Asesora,Mayo,18000
V10533,2025-08-20 16:00:00,C022,Alejandro Gomez,Recurrente,P016,Tarta De Limón,Tartas,Limón,2,18000,8800,0.0,36000.0,Instagram,Efectivo,Cancelada,S002,Norte,Barranquilla,Atlántico,E006,Valentina,Asesora,Agosto,17600
V10844,2025-01-21 15:50:00,C013,Nicolas Vargas,Nuevo,P017,Macaron Caja X6,Macarons,Variados,2,22000,11000,0.0,44000.0,Página Web,Transferencia,Completada,S001,Centro,Barranquilla,Atlántico,E001,Laura,Asesora,Enero,22000
V10456,2025-06-04 13:40:00,C018,Mariana Navarro,Nuevo,P004,Torta Red Velvet,Tortas,Red velvet,3,45000,24000,0.0,135000.0,Página Web,Efectivo,Completada,S001,Centro,Barranquilla,Atlántico,E006,Valentina,Asesora,Junio,72000
V10565,2025-02-13 13:45:00,C029,Valor no conocido,Nuevo,P007,Cupcake Vainilla,Cupcakes,Vainilla,1,8000,3800,0.0,8000.0,Whatsapp,Tarjeta,Completada,S002,Norte,Barranquilla,Atlántico,E002,Camila,Asesora,Febrero,3800
V10475,2025-09-01 16:10:00,C001,Ana Rodriguez,Recurrente,P017,Macaron Caja X6,Macarons,Variados,1,22000,11000,0.0,22000.0,Domicilio,Nequi,Completada,S001,Centro,Barranquilla,Atlántico,E005,Daniel,Asesor,Septiembre,11000
V10920,2025-12-11 15:40:00,C003,Maria Gomez,Recurrente,P005,Torta tres Leches,Tortas,Leches,3,40000,21000,0.0,120000.0,Tienda,Nequi,Completada,S002,Norte,Barranquilla,Atlántico,E006,Valentina,Asesora,Diciembre,63000
V11045,2025-12-11 16:50:00,C004,Juan Martinez,Nuevo,P008,Cupcake Red Velvet,Cupcakes,Red velvet,1,9500,4800,0.0,9500.0,Domicilio,Efectivo,Completada,S001,Centro,Barranquilla,Atlántico,E002,Camila,Asesora,Diciembre,4800
V10979,2025-02-13 17:10:00,C010,Camila Castro,Nuevo,P017,Macaron Caja X6,Macarons,Variados,1,22000,11000,0.0,22000.0,Tienda,Transferencia,Completada,S002,Norte,Barranquilla,Atlántico,E003,Mateo,Asesor,Febrero,11000
V10432,2025-07-16 15:00:00,C024,Mateo Hernandez,Recurrente,P014,Roll De Canela,Panadería,Canela,1,7500,3100,0.0,7500.0,Whatsapp,Efectivo,Completada,S003,Soledad,Soledad,Atlántico,E001,Laura,Asesora,Julio,3100
V10882,2025-04-27 14:40:00,C026,Ricardo Diaz,Nuevo,P012,Galleta Avena,Galletas,Avena,1,4000,1700,0.0,4000.0,Página Web,Nequi,Completada,S003,Soledad,Soledad,Atlántico,E006,Valentina,Asesora,Abril,1700
V10445,2025-11-05 11:00:00,C010,Camila Castro,Recurrente,P018,Macaron Caja X12,Macarons,Variados,8,40000,19500,0.0,320000.0,Whatsapp,Transferencia,Completada,S003,Soledad,Soledad,Atlántico,E002,Camila,Asesora,Noviembre,156000
V10989,2025-12-22 14:10:00,C024,Mateo Hernandez,Nuevo,P001,Torta De Chocolate,Tortas,Chocolate,3,42000,22000,0.05,119700.0,Tienda,Efectivo,Completada,S001,Centro,Barranquilla,Atlántico,E001,Laura,Asesora,Diciembre,66000
V10621,2025-09-25 18:00:00,C030,Samuel Jimenez,Nuevo,P016,Tarta De Limón,Tartas,Limón,2,18000,8800,0.0,36000.0,Whatsapp,Transferencia,Completada,S003,Soledad,Soledad,Atlántico,E003,Mateo,Asesor,Septiembre,17600
V11189,2025-06-19 16:45:00,C004,Juan Martinez,Nuevo,P012,Galleta Avena,Galletas,Avena,4,4000,1700,0.0,16000.0,Tienda,Tarjeta,Completada,S002,Norte,Barranquilla,Atlántico,E004,Sofia,Asesora,Junio,6800
V10396,2025-08-24 15:40:00,C004,Juan Martinez,Recurrente,P011,Galleta Chispas,Galletas,Chocolate,5,4500,1900,0.0,22500.0,Whatsapp,Tarjeta,Completada,S004,Riomar,Barranquilla,Atlántico,E002,Camila,Asesora,Agosto,9500
V10072,2025-04-23 17:15:00,C020,Gabriela Silva,Nuevo,P010,Brownie Con Nueces,Repostería,Nueces,1,8500,4000,0.0,8500.0,Domicilio,Nequi,Completada,S002,Norte,Barranquilla,Atlántico,E002,Camila,Asesora,Abril,4000
V10850,2025-08-10 16:50:00,C008,Valentina Diaz,Nuevo,P012,Galleta Avena,Galletas,Avena,3,4000,1700,0.1,10800.0,Whatsapp,Transferencia,Completada,S003,Soledad,Soledad,Atlántico,E003,Mateo,Asesor,Agosto,5100
V10462,2025-07-10 18:20:00,C012,Paula Jimenez,Valor no conocido,P001,Torta De Chocolate,Tortas,Chocolate,2,42000,22000,0.0,84000.0,Página Web,Efectivo,Completada,S002,Norte,Barranquilla,Atlántico,E002,Camila,Asesora,Julio,44000
V11048,2025-04-12 10:50:00,C021,Natalia Perez,Recurrente,P001,Torta De Chocolate,Tortas,Chocolate,2,42000,22000,0.0,84000.0,Tienda,Nequi,Completada,S002,Norte,Barranquilla,Atlántico,E001,Laura,Asesora,Abril,44000
V10615,2025-08-08 15:45:00,C021,Natalia Perez,Nuevo,P013,Croissant,Panadería,Tradicional,3,6500,2800,0.1,17550.0,Whatsapp,Tarjeta,Completada,S001,Centro,Barranquilla,Atlántico,E006,Valentina,Asesora,Agosto,8400
V10718,2025-06-28 17:00:00,C028,Tomas Castro,Nuevo,P009,Brownie Clásico,Repostería,Chocolate,2,7000,3200,0.1,12600.0,Instagram,Nequi,Completada,S001,Centro,Barranquilla,Atlántico,E002,Camila,Asesora,Junio,6400
V10742,2025-06-17 16:30:00,C005,Laura Hernandez,Recurrente,P014,Roll De Canela,Panadería,Canela,3,7500,3100,0.0,22500.0,Página Web,Efectivo,Completada,S002,Norte,Barranquilla,Atlántico,E004,Sofia,Asesora,Junio,9300
V10866,2025-08-22 14:40:00,C023,Juliana Torres,Recurrente,P002,Torta De Vainilla,Tortas,Vainilla,1,38000,19500,0.05,36100.0,Instagram,Tarjeta,Completada,S001,Centro,Barranquilla,Atlántico,E006,Valentina,Asesora,Agosto,19500
V10166,2025-02-20 11:30:00,C027,Carolina Rojas,Nuevo,P004,Torta Red Velvet,Tortas,Red velvet,1,45000,24000,0.2,36000.0,Domicilio,Transferencia,Completada,S003,Soledad,Soledad,Atlántico,E002,Camila,Asesora,Febrero,24000
V10313,2025-12-31 16:40:00,C029,Manuela Mendoza,Nuevo,P008,Cupcake Red Velvet,Cupcakes,Red velvet,1,9500,4800,0.0,9500.0,Instagram,Daviplata,Completada,S004,Riomar,Barranquilla,Atlántico,E001,Laura,Asesora,Diciembre,4800
V10660,2025-04-29 19:00:00,C026,Ricardo Diaz,Recurrente,P001,Torta De Chocolate,Tortas,Chocolate,3,42000,22000,0.0,126000.0,Tienda,Nequi,Completada,S004,Riomar,Barranquilla,Atlántico,E005,Daniel,Asesor,Abril,66000
V10724,2025-06-24 19:15:00,C027,Carolina Rojas,Recurrente,P008,Cupcake Red Velvet,Cupcakes,Red velvet,2,9500,4800,0.05,18050.0,Whatsapp,Efectivo,Completada,S002,Norte,Barranquilla,Atlántico,E001,Laura,Asesora,Junio,9600
V10324,2025-10-23 15:15:00,C010,Camila Castro,Nuevo,P009,Brownie Clásico,Repostería,Chocolate,1,7000,3200,0.15,5950.0,Valor no conocido,Daviplata,Completada,S004,Riomar,Barranquilla,Atlántico,E004,Sofia,Asesora,Octubre,3200
V10638,2025-01-15 15:00:00,C017,Sebastian Ruiz,Nuevo,P013,Croissant,Panadería,Tradicional,1,6500,2800,0.0,6500.0,Domicilio,Efectivo,Completada,S002,Norte,Barranquilla,Atlántico,E004,Sofia,Asesora,Enero,2800
V11194,2025-05-08 18:40:00,C001,Ana Rodriguez,Corporativo,P012,Galleta Avena,Galletas,Avena,8,4000,1700,0.0,25600.0,Tienda,Nequi,Completada,S001,Centro,Barranquilla,Atlántico,E002,Camila,Asesora,Mayo,13600
V11027,2025-01-31 14:15:00,C027,Carolina Rojas,Nuevo,P014,Roll De Canela,Panadería,Canela,2,7500,3100,0.0,15000.0,Tienda,Efectivo,Completada,S002,Norte,Barranquilla,Atlántico,E002,Camila,Asesora,Enero,6200
V10858,2025-08-30 15:50:00,C011,Miguel Mendoza,Nuevo,P007,Cupcake Vainilla,Cupcakes,Vainilla,2,8000,3800,0.0,16000.0,Tienda,Nequi,Completada,S001,Centro,Barranquilla,Atlántico,E004,Sofia,Asesora,Agosto,7600
V10530,2025-12-11 08:30:00,C001,Ana Rodriguez,Nuevo,P006,Cupcake Chocolate,Cupcakes,Chocolate,3,8500,4200,0.0,25500.0,Tienda,Transferencia,Completada,S003,Soledad,Soledad,Atlántico,E004,Sofia,Asesora,Diciembre,12600
V10503,2025-08-10 08:15:00,C022,Alejandro Gomez,Nuevo,P012,Galleta Avena,Galletas,Avena,2,4000,1700,0.0,8000.0,Domicilio,Transferencia,Completada,S004,Riomar,Barranquilla,Atlántico,E004,Sofia,Asesora,Agosto,3400
V10802,2025-12-21 18:50:00,C016,Isabella Romero,Recurrente,P002,Torta De Vainilla,Tortas,Vainilla,1,38000,19500,0.0,38000.0,Tienda,Daviplata,Completada,S004,Riomar,Barranquilla,Atlántico,E006,Valentina,Asesora,Diciembre,19500
V10600,2025-10-19 13:10:00,C012,Paula Jimenez,Recurrente,P014,Roll De Canela,Panadería,Canela,1,7500,3100,0.15,6375.0,Domicilio,Daviplata,Completada,S002,Norte,Barranquilla,Atlántico,E006,Valentina,Asesora,Octubre,3100
V10567,2025-06-19 16:40:00,C006,Sofia Ramirez,Recurrente,P012,Galleta Avena,Galletas,Avena,6,4000,1700,0.2,19200.0,Domicilio,Daviplata,Completada,S004,Riomar,Barranquilla,Atlántico,E004,Sofia,Asesora,Junio,10200
V10081,2025-05-05 11:20:00,C013,Nicolas Vargas,Recurrente,P001,Torta De Chocolate,Tortas,Chocolate,1,42000,22000,0.0,42000.0,Tienda,Tarjeta,Completada,S002,Norte,Barranquilla,Atlántico,E003,Mateo,Asesor,Mayo,22000
V10666,2025-01-29 16:45:00,C026,Ricardo Diaz,Recurrente,P009,Brownie Clásico,Repostería,Chocolate,2,7000,3200,0.0,14000.0,Domicilio,Nequi,Completada,S001,Centro,Barranquilla,Atlántico,E006,Valentina,Asesora,Enero,6400
V10331,2025-01-17 09:20:00,C003,Maria Gomez,Recurrente,P009,Brownie Clásico,Repostería,Chocolate,1,7000,3200,0.15,5950.0,Whatsapp,Daviplata,Completada,S001,Centro,Barranquilla,Atlántico,E001,Laura,Asesora,Enero,3200
V10410,2025-10-20 12:30:00,C019,Felipe Ortiz,Nuevo,P007,Cupcake Vainilla,Cupcakes,Vainilla,2,8000,3800,0.0,16000.0,Instagram,Tarjeta,Completada,S002,Norte,Barranquilla,Atlántico,E003,Mateo,Asesor,Octubre,7600
V10890,2025-07-25 20:40:00,C008,Valentina Diaz,Recurrente,P006,Cupcake Chocolate,Cupcakes,Chocolate,4,8500,4200,0.0,34000.0,Tienda,Tarjeta,Completada,S002,Norte,Barranquilla,Atlántico,E005,Daniel,Asesor,Julio,16800
V10879,2025-05-30 13:40:00,C022,Alejandro Gomez,Recurrente,P013,Croissant,Panadería,Tradicional,2,6500,2800,0.0,13000.0,Whatsapp,Tarjeta,Completada,S001,Centro,Barranquilla,Atlántico,E006,Valentina,Asesora,Mayo,5600
V10776,2025-02-15 10:40:00,C011,Miguel Mendoza,Recurrente,P007,Cupcake Vainilla,Cupcakes,Vainilla,3,8000,3800,0.0,24000.0,Tienda,Transferencia,Completada,S002,Norte,Barranquilla,Atlántico,E003,Mateo,Asesor,Febrero,11400
V10644,2025-12-07 13:45:00,C018,Mariana Navarro,Nuevo,P012,Galleta Avena,Galletas,Avena,1,4000,1700,0.05,3800.0,Tienda,Daviplata,Completada,S004,Riomar,Barranquilla,Atlántico,E004,Sofia,Asesora,Diciembre,1700
V10161,2025-12-01 17:40:00,C010,Camila Castro,Recurrente,P012,Galleta Avena,Galletas,Avena,1,4000,1700,0.05,3800.0,Tienda,Nequi,Completada,S003,Soledad,Soledad,Atlántico,E006,Valentina,Asesora,Diciembre,1700
V10105,2025-08-23 08:10:00,C007,Andres Torres,Recurrente,P017,Macaron Caja X6,Macarons,Variados,1,22000,11000,0.0,22000.0,Tienda,Transferencia,Completada,S004,Riomar,Barranquilla,Atlántico,E004,Sofia,Asesora,Agosto,11000
V10875,2025-11-22 16:30:00,C022,Alejandro Gomez,Recurrente,P011,Galleta Chispas,Galletas,Chocolate,4,4500,1900,0.1,16.2,Domicilio,Valor no conocido,Completada,S003,Soledad,Soledad,Atlántico,E003,Mateo,Asesor,Noviembre,7600
V10034,2025-08-12 08:45:00,C013,Valor no conocido,Nuevo,P004,Torta Red Velvet,Tortas,Red velvet,2,45000,24000,0.0,90000.0,Whatsapp,Tarjeta,Completada,S002,Norte,Barranquilla,Atlántico,E005,Daniel,Asesor,Agosto,48000
V10844,2025-12-29 18:10:00,C012,Paula Jimenez,Recurrente,P011,Galleta Chispas,Galletas,Chocolate,2,4500,1900,0.0,9000.0,Whatsapp,Tarjeta,Completada,S002,Norte,Barranquilla,Atlántico,E001,Laura,Asesora,Diciembre,3800
V10182,2025-07-22 16:30:00,C013,Nicolas Vargas,Valor no conocido,P014,Roll De Canela,Panadería,Canela,1,7500,3100,0.0,7500.0,Tienda,Tarjeta,Completada,S002,Norte,Barranquilla,Atlántico,E004,Sofia,Asesora,Julio,3100
V10308,2025-03-14 13:50:00,C022,Alejandro Gomez,Nuevo,P014,Roll De Canela,Panadería,Canela,2,7500,3100,0.15,12.75,Instagram,Efectivo,Completada,S003,Soledad,Soledad,Atlántico,E006,Valentina,Asesora,Marzo,6200
V10233,2025-10-24 18:20:00,C027,Carolina Rojas,Nuevo,P007,Cupcake Vainilla,Cupcakes,Vainilla,1,8000,3800,0.0,8000.0,Instagram,Nequi,Completada,S001,Centro,Barranquilla,Atlántico,E003,Mateo,Asesor,Octubre,3800
V10341,2025-11-03 18:00:00,C027,Carolina Rojas,Recurrente,P012,Galleta Avena,Galletas,Avena,3,4000,1700,0.1,10.8,Tienda,Transferencia,Completada,S001,Centro,Barranquilla,Atlántico,E002,Camila,Asesora,Noviembre,5100
V10319,2025-01-28 08:50:00,C029,Manuela Mendoza,Nuevo,P009,Brownie Clásico,Repostería,Chocolate,4,7000,3200,0.1,25200.0,Whatsapp,Nequi,Completada,S003,Soledad,Soledad,Atlántico,E005,Daniel,Asesor,Enero,12800
V10489,2025-06-24 14:15:00,C016,Isabella Romero,Recurrente,P005,Torta tres Leches,Tortas,Leches,8,40000,21000,0.0,320000.0,Instagram,Tarjeta,Cancelada,S001,Centro,Barranquilla,Atlántico,E001,Laura,Asesora,Junio,168000
V10940,2025-12-23 12:20:00,C024,Mateo Hernandez,Nuevo,P007,Cupcake Vainilla,Cupcakes,Vainilla,2,8000,3800,0.1,14400.0,Tienda,Valor no conocido,Completada,S001,Centro,Barranquilla,Atlántico,E002,Camila,Asesora,Diciembre,7600
V10902,2025-11-16 12:40:00,C010,Camila Castro,Nuevo,P011,Galleta Chispas,Galletas,Chocolate,1,4500,1900,0.0,4500.0,Instagram,Transferencia,Completada,S003,Soledad,Soledad,Atlántico,E002,Camila,Asesora,Noviembre,1900
V10535,2025-07-17 11:50:00,C007,Andres Torres,Recurrente,P012,Galleta Avena,Galletas,Avena,4,4000,1700,0.0,16000.0,Domicilio,Nequi,Completada,S002,Norte,Barranquilla,Atlántico,E002,Camila,Asesora,Julio,6800
V10953,2025-05-28 14:30:00,C009,Daniel Rojas,Nuevo,P012,Galleta Avena,Galletas,Avena,3,4000,1700,0.2,9600.0,Whatsapp,Nequi,Completada,S001,Centro,Barranquilla,Atlántico,E004,Sofia,Asesora,Mayo,5100
V11129,2025-12-20 17:10:00,C004,Juan Martinez,Nuevo,P016,Tarta De Limón,Tartas,Limón,1,18000,8800,0.0,18000.0,Domicilio,Nequi,Completada,S004,Riomar,Barranquilla,Atlántico,E001,Laura,Asesora,Diciembre,8800
V10428,2025-11-28 12:40:00,C008,Valentina Diaz,Recurrente,P011,Galleta Chispas,Galletas,Chocolate,8,4500,1900,0.2,28800.0,Tienda,Nequi,Completada,S002,Norte,Barranquilla,Atlántico,E002,Camila,Asesora,Noviembre,15200
V10048,2025-03-20 19:15:00,C023,Juliana Torres,Nuevo,P007,Cupcake Vainilla,Cupcakes,Vainilla,3,8000,3800,0.0,24000.0,Whatsapp,Transferencia,Completada,S002,Norte,Barranquilla,Atlántico,E001,Laura,Asesora,Marzo,11400
V10012,2025-08-31 16:00:00,C007,Andres Torres,Nuevo,P006,Cupcake Chocolate,Cupcakes,Chocolate,2,8500,4200,0.0,17000.0,Tienda,Tarjeta,Completada,S004,Riomar,Barranquilla,Atlántico,E004,Sofia,Asesora,Agosto,8400
V10973,2025-07-24 17:15:00,C010,Camila Castro,Recurrente,P019,Caja Desayuno,Combos,Desayuno,2,32000,17000,0.0,64000.0,Instagram,Transferencia,Completada,S002,Norte,Barranquilla,Atlántico,E003,Mateo,Asesor,Julio,34000
V10881,2025-12-19 15:10:00,C029,Manuela Mendoza,Valor no conocido,P009,Brownie Clásico,Repostería,Chocolate,8,7000,3200,0.2,44.8,Whatsapp,Efectivo,Completada,S002,Norte,Barranquilla,Atlántico,E002,Camila,Asesora,Diciembre,25600
V10396,2025-09-01 14:10:00,C012,Paula Jimenez,Nuevo,P007,Cupcake Vainilla,Cupcakes,Vainilla,10,8000,3800,0.0,80000.0,Whatsapp,Efectivo,Completada,S004,Riomar,Barranquilla,Atlántico,E006,Valentina,Asesora,Septiembre,38000
V10309,2025-01-05 20:10:00,C022,Alejandro Gomez,Nuevo,P007,Cupcake Vainilla,Cupcakes,Vainilla,4,8000,3800,0.2,25600.0,Instagram,Nequi,Completada,S001,Centro,Barranquilla,Atlántico,E003,Mateo,Asesor,Enero,15200
V10152,2025-11-21 15:45:00,C009,Daniel Rojas,Recurrente,P011,Galleta Chispas,Galletas,Chocolate,3,4500,1900,0.0,13500.0,Página Web,Efectivo,Completada,S002,Norte,Barranquilla,Atlántico,E005,Daniel,Asesor,Noviembre,5700
V10635,2025-04-19 13:30:00,C007,Andres Torres,Nuevo,P013,Croissant,Panadería,Tradicional,1,6500,2800,0.0,6500.0,Whatsapp,Tarjeta,Completada,S001,Centro,Barranquilla,Atlántico,E006,Valentina,Asesora,Abril,2800
V10175,2025-12-24 16:15:00,C028,Tomas Castro,Nuevo,P007,Cupcake Vainilla,Cupcakes,Vainilla,1,8000,3800,0.0,8000.0,Domicilio,Efectivo,Completada,S002,Norte,Barranquilla,Atlántico,E001,Laura,Asesora,Diciembre,3800
V10658,2025-09-14 14:15:00,C017,Sebastian Ruiz,Nuevo,P011,Galleta Chispas,Galletas,Chocolate,5,4500,1900,0.0,20250.0,Whatsapp,Transferencia,Completada,S004,Riomar,Barranquilla,Atlántico,E003,Mateo,Asesor,Septiembre,9500
V10893,2025-12-10 12:30:00,C012,Paula Jimenez,Valor no conocido,P008,Cupcake Red Velvet,Cupcakes,Red velvet,2,9500,4800,0.2,15200.0,Domicilio,Nequi,Completada,S003,Soledad,Soledad,Atlántico,E004,Sofia,Asesora,Diciembre,9600
V10732,2025-12-14 13:20:00,C002,Carlos Perez,Corporativo,P001,Torta De Chocolate,Tortas,Chocolate,4,42000,22000,0.1,151200.0,Whatsapp,Nequi,Completada,S002,Norte,Barranquilla,Atlántico,E005,Daniel,Asesor,Diciembre,88000
V10274,2025-12-18 13:30:00,C015,Diego Suarez,Corporativo,P012,Galleta Avena,Galletas,Avena,8,4000,1700,0.1,28800.0,Tienda,Efectivo,Completada,S003,Soledad,Soledad,Atlántico,E002,Camila,Asesora,Diciembre,13600
V10595,2025-09-05 14:40:00,C011,Miguel Mendoza,Nuevo,P013,Croissant,Panadería,Tradicional,1,6500,2800,0.0,6500.0,Domicilio,Nequi,Completada,S001,Centro,Barranquilla,Atlántico,E002,Camila,Asesora,Septiembre,2800
V10239,2025-04-10 08:50:00,C006,Sofia Ramirez,Corporativo,P011,Galleta Chispas,Galletas,Chocolate,4,4500,1900,0.1,16200.0,Página Web,Efectivo,Completada,S002,Norte,Barranquilla,Atlántico,E006,Valentina,Asesora,Abril,7600
V10848,2025-10-10 14:45:00,C028,Tomas Castro,Corporativo,P006,Cupcake Chocolate,Cupcakes,Chocolate,3,8500,4200,0.2,20400.0,Tienda,Tarjeta,Completada,S001,Centro,Barranquilla,Atlántico,E004,Sofia,Asesora,Octubre,12600
V11056,2025-08-05 19:30:00,C010,Camila Castro,Recurrente,P004,Torta Red Velvet,Tortas,Red velvet,1,45000,24000,0.0,45000.0,Valor no conocido,Nequi,Completada,S004,Riomar,Barranquilla,Atlántico,E004,Sofia,Asesora,Agosto,24000
V10372,2025-09-06 12:15:00,C014,Sara Moreno,Nuevo,P010,Brownie Con Nueces,Repostería,Nueces,5,8500,4000,0.1,38250.0,Whatsapp,Tarjeta,Completada,S001,Centro,Barranquilla,Atlántico,E001,Laura,Asesora,Septiembre,20000
V11023,2025-07-21 18:45:00,C012,Paula Jimenez,Recurrente,P001,Torta De Chocolate,Tortas,Chocolate,2,42000,22000,0.0,84000.0,Tienda,Tarjeta,Completada,S001,Centro,Barranquilla,Atlántico,E002,Camila,Asesora,Julio,44000
V10676,2025-05-08 15:10:00,C010,Camila Castro,Nuevo,P010,Brownie Con Nueces,Repostería,Nueces,1,8500,4000,0.0,8500.0,Instagram,Tarjeta,Completada,S003,Soledad,Soledad,Atlántico,E003,Mateo,Asesor,Mayo,4000
V10217,2025-05-08 17:40:00,C029,Manuela Mendoza,Nuevo,P007,Cupcake Vainilla,Cupcakes,Vainilla,1,8000,3800,0.05,7600.0,Whatsapp,Transferencia,Completada,S001,Centro,Barranquilla,Atlántico,E004,Sofia,Asesora,Mayo,3800
V10831,2025-05-12 15:15:00,C023,Juliana Torres,Corporativo,P003,Cheesecake Frutos Rojos,Tortas,Frutos rojos,6,48000,26000,0.1,259200.0,Tienda,Transferencia,Cancelada,S004,Riomar,Barranquilla,Atlántico,E005,Daniel,Asesor,Mayo,156000
V10162,2025-11-09 12:30:00,C006,Sofia Ramirez,Recurrente,P003,Cheesecake Frutos Rojos,Tortas,Frutos rojos,3,48000,26000,0.0,144.0,Página Web,Nequi,Completada,S003,Soledad,Soledad,Atlántico,E003,Mateo,Asesor,Noviembre,78000
V10129,2025-09-15 12:20:00,C008,Valentina Diaz,Recurrente,P012,Galleta Avena,Galletas,Avena,3,4000,1700,0.0,12000.0,Tienda,Transferencia,Completada,S004,Riomar,Barranquilla,Atlántico,E004,Sofia,Asesora,Septiembre,5100
V10604,2025-01-20 17:50:00,C016,Isabella Romero,Nuevo,P006,Cupcake Chocolate,Cupcakes,Chocolate,1,8500,4200,0.0,8500.0,Whatsapp,Daviplata,Completada,S002,Norte,Barranquilla,Atlántico,E002,Camila,Asesora,Enero,4200
V10327,2025-04-30 14:40:00,C007,Andres Torres,Nuevo,P016,Tarta De Limón,Tartas,Limón,1,18000,8800,0.0,18000.0,Instagram,Efectivo,Completada,S003,Soledad,Soledad,Atlántico,E003,Mateo,Asesor,Abril,8800
V10583,2025-01-11 17:00:00,C001,Ana Rodriguez,Recurrente,P008,Cupcake Red Velvet,Cupcakes,Red velvet,2,9500,4800,0.1,17100.0,Tienda,Tarjeta,Completada,S001,Centro,Barranquilla,Atlántico,E001,Laura,Asesora,Enero,9600
V10935,2025-07-23 13:00:00,C002,Carlos Perez,Corporativo,P007,Cupcake Vainilla,Cupcakes,Vainilla,6,8000,3800,0.2,38400.0,Whatsapp,Nequi,Completada,S001,Centro,Barranquilla,Atlántico,E004,Sofia,Asesora,Julio,22800
V10464,2025-09-16 13:45:00,C025,Lucia Ramirez,Nuevo,P011,Galleta Chispas,Galletas,Chocolate,2,4500,1900,0.0,9000.0,Domicilio,Tarjeta,Completada,S003,Soledad,Soledad,Atlántico,E003,Mateo,Asesor,Septiembre,3800
V11169,2025-11-05 11:45:00,C001,Ana Rodriguez,Nuevo,P002,Torta De Vainilla,Tortas,Vainilla,4,38000,19500,0.0,152000.0,Instagram,Nequi,Completada,S002,Norte,Barranquilla,Atlántico,E004,Sofia,Asesora,Noviembre,78000
V10851,2025-12-13 12:10:00,C028,Tomas Castro,Valor no conocido,P007,Cupcake Vainilla,Cupcakes,Vainilla,1,8000,3800,0.1,7200.0,Tienda,Tarjeta,Completada,S002,Norte,Barranquilla,Atlántico,E006,Valentina,Asesora,Diciembre,3800
V10855,2025-05-15 12:15:00,C011,Miguel Mendoza,Nuevo,P009,Brownie Clásico,Repostería,Chocolate,3,7000,3200,0.0,21000.0,Whatsapp,Transferencia,Completada,S003,Soledad,Soledad,Atlántico,E001,Laura,Asesora,Mayo,9600
V11167,2025-12-30 13:15:00,C025,Lucia Ramirez,Nuevo,P003,Cheesecake Frutos Rojos,Tortas,Frutos rojos,5,48000,26000,0.0,240000.0,Tienda,Transferencia,Completada,S001,Centro,Barranquilla,Atlántico,E006,Valentina,Asesora,Diciembre,130000
V10917,2025-05-31 12:10:00,C017,Sebastian Ruiz,Recurrente,P020,Caja Regalo Dulce,Combos,Regalo,1,52000,28500,0.15,44200.0,Domicilio,Nequi,Completada,S002,Norte,Barranquilla,Atlántico,E002,Camila,Asesora,Mayo,28500
V10165,2025-10-01 17:00:00,C014,Sara Moreno,Recurrente,P001,Torta De Chocolate,Tortas,Chocolate,2,42000,22000,0.0,84000.0,Tienda,Tarjeta,Completada,S002,Norte,Barranquilla,Atlántico,E001,Laura,Asesora,Octubre,44000
V10028,2025-05-06 16:00:00,C020,Gabriela Silva,Recurrente,P019,Caja Desayuno,Combos,Desayuno,1,32000,17000,0.2,25600.0,Whatsapp,Transferencia,Completada,S004,Riomar,Barranquilla,Atlántico,E001,Laura,Asesora,Mayo,17000
V10645,2025-04-16 20:15:00,C007,Andres Torres,Recurrente,P005,Torta tres Leches,Tortas,Leches,1,40000,21000,0.0,40000.0,Tienda,Tarjeta,Completada,S003,Soledad,Soledad,Atlántico,E003,Mateo,Asesor,Abril,21000
V10416,2025-05-27 14:00:00,C009,Daniel Rojas,Recurrente,P018,Macaron Caja X12,Macarons,Variados,1,40000,19500,0.15,34000.0,Tienda,Efectivo,Completada,S003,Soledad,Soledad,Atlántico,E002,Camila,Asesora,Mayo,19500
V11199,2025-11-25 13:20:00,C002,Carlos Perez,Nuevo,P011,Galleta Chispas,Galletas,Chocolate,5,4500,1900,0.0,22500.0,Domicilio,Valor no conocido,Completada,S002,Norte,Barranquilla,Atlántico,E003,Mateo,Asesor,Noviembre,9500
V11219,2025-08-23 12:50:00,C030,Samuel Jimenez,Nuevo,P014,Roll De Canela,Panadería,Canela,1,7500,3100,0.2,6000.0,Domicilio,Daviplata,Completada,S003,Soledad,Soledad,Atlántico,E004,Sofia,Asesora,Agosto,3100
V11268,2025-03-19 12:00:00,C002,Carlos Perez,Recurrente,P011,Galleta Chispas,Galletas,Chocolate,3,4500,1900,0.0,13500.0,Tienda,Nequi,Completada,S003,Soledad,Soledad,Atlántico,E001,Laura,Asesora,Marzo,5700
V11147,2025-03-02 14:00:00,C001,Ana Rodriguez,Recurrente,P006,Cupcake Chocolate,Cupcakes,Chocolate,1,8500,4200,0.0,8500.0,Whatsapp,Tarjeta,Completada,S002,Norte,Barranquilla,Atlántico,E004,Sofia,Asesora,Marzo,4200
V10077,2025-10-21 17:30:00,C014,Sara Moreno,Recurrente,P013,Croissant,Panadería,Tradicional,8,6500,2800,0.0,52000.0,Página Web,Transferencia,Completada,S001,Centro,Barranquilla,Atlántico,E001,Laura,Asesora,Octubre,22400
V11125,2025-06-10 10:10:00,C029,Manuela Mendoza,Recurrente,P011,Galleta Chispas,Galletas,Chocolate,4,4500,1900,0.0,18.0,Tienda,Tarjeta,Completada,S003,Soledad,Soledad,Atlántico,E003,Mateo,Asesor,Junio,7600
V10748,2025-12-05 13:50:00,C003,Maria Gomez,Recurrente,P016,Tarta De Limón,Tartas,Limón,2,18000,8800,0.0,36000.0,Tienda,Tarjeta,Completada,S004,Riomar,Barranquilla,Atlántico,E001,Laura,Asesora,Diciembre,17600
V10463,2025-09-08 15:15:00,C018,Mariana Navarro,Nuevo,P008,Cupcake Red Velvet,Cupcakes,Red velvet,4,9500,4800,0.0,38000.0,Whatsapp,Transferencia,Completada,S001,Centro,Barranquilla,Atlántico,E002,Camila,Asesora,Septiembre,19200
V11121,2025-12-18 14:45:00,C005,Laura Hernandez,Nuevo,P006,Cupcake Chocolate,Cupcakes,Chocolate,1,8500,4200,0.0,8500.0,Tienda,Tarjeta,Cancelada,S002,Norte,Barranquilla,Atlántico,E005,Daniel,Asesor,Diciembre,4200
V10644,2025-12-14 15:40:00,C011,Miguel Mendoza,Nuevo,P006,Cupcake Chocolate,Cupcakes,Chocolate,1,8500,4200,0.15,7225.0,Domicilio,Tarjeta,Completada,S002,Norte,Barranquilla,Atlántico,E003,Mateo,Asesor,Diciembre,4200
V10193,2025-08-03 17:20:00,C029,Manuela Mendoza,Nuevo,P018,Macaron Caja X12,Macarons,Variados,4,40000,19500,0.0,160000.0,Tienda,Tarjeta,Completada,S004,Riomar,Barranquilla,Atlántico,E002,Camila,Asesora,Agosto,78000
V10011,2025-02-06 11:50:00,C002,Carlos Perez,Nuevo,P006,Cupcake Chocolate,Cupcakes,Chocolate,5,8500,4200,0.0,42500.0,Domicilio,Efectivo,Completada,S003,Soledad,Soledad,Atlántico,E002,Camila,Asesora,Febrero,21000
V10256,2025-05-15 18:45:00,C019,Felipe Ortiz,Nuevo,P012,Galleta Avena,Galletas,Avena,2,4000,1700,0.0,8000.0,Whatsapp,Transferencia,Completada,S002,Norte,Barranquilla,Atlántico,E003,Mateo,Asesor,Mayo,3400
V10490,2025-07-11 18:50:00,C016,Isabella Romero,Recurrente,P006,Cupcake Chocolate,Cupcakes,Chocolate,2,8500,4200,0.0,17000.0,Tienda,Tarjeta,Completada,S002,Norte,Barranquilla,Atlántico,E002,Camila,Asesora,Julio,8400
V10316,2025-07-18 16:20:00,C005,Laura Hernandez,Nuevo,P006,Cupcake Chocolate,Cupcakes,Chocolate,1,8500,4200,0.0,8500.0,Whatsapp,Daviplata,Cancelada,S002,Norte,Barranquilla,Atlántico,E002,Camila,Asesora,Julio,4200
V11074,2025-07-13 15:45:00,C025,Lucia Ramirez,Corporativo,P004,Torta Red Velvet,Tortas,Red velvet,8,45000,24000,0.0,360000.0,Tienda,Transferencia,Completada,S002,Norte,Barranquilla,Atlántico,E005,Daniel,Asesor,Julio,192000
V10134,2025-04-08 13:30:00,C004,Juan Martinez,Recurrente,P007,Cupcake Vainilla,Cupcakes,Vainilla,3,8000,3800,0.0,24000.0,Domicilio,Nequi,Completada,S004,Riomar,Barranquilla,Atlántico,E004,Sofia,Asesora,Abril,11400
V10697,2025-05-07 18:50:00,C004,Valor no conocido,Nuevo,P001,Torta De Chocolate,Tortas,Chocolate,6,42000,22000,0.0,252000.0,Instagram,Tarjeta,Completada,S003,Soledad,Soledad,Atlántico,E005,Daniel,Asesor,Mayo,132000
V10015,2025-04-15 16:10:00,C011,Miguel Mendoza,Nuevo,P011,Galleta Chispas,Galletas,Chocolate,1,4500,1900,0.0,4500.0,Instagram,Tarjeta,Completada,S003,Soledad,Soledad,Atlántico,E001,Laura,Asesora,Abril,1900
V10534,2025-06-16 20:10:00,C008,Valentina Diaz,Recurrente,P011,Galleta Chispas,Galletas,Chocolate,1,4500,1900,0.0,4500.0,Instagram,Efectivo,Completada,S003,Soledad,Soledad,Atlántico,E006,Valentina,Asesora,Junio,1900
V11238,2025-03-31 14:20:00,C016,Isabella Romero,Nuevo,P011,Galleta Chispas,Galletas,Chocolate,1,4500,1900,0.0,4500.0,Whatsapp,Tarjeta,Completada,S002,Norte,Barranquilla,Atlántico,E003,Mateo,Asesor,Marzo,1900
V10940,2025-05-18 13:30:00,C017,Sebastian Ruiz,Nuevo,P011,Galleta Chispas,Galletas,Chocolate,1,4500,1900,0.0,4500.0,Domicilio,Transferencia,Completada,S003,Soledad,Soledad,Atlántico,E003,Mateo,Asesor,Mayo,1900
V10690,2025-04-29 17:15:00,C011,Miguel Mendoza,Nuevo,P009,Brownie Clásico,Repostería,Chocolate,2,7000,3200,0.0,14000.0,Whatsapp,Transferencia,Completada,S002,Norte,Barranquilla,Atlántico,E001,Laura,Asesora,Abril,6400
V11050,2025-04-12 14:30:00,C024,Mateo Hernandez,Recurrente,P010,Brownie Con Nueces,Repostería,Nueces,1,8500,4000,0.0,8500.0,Whatsapp,Transferencia,Completada,S004,Riomar,Barranquilla,Atlántico,E005,Daniel,Asesor,Abril,4000
V10461,2025-04-19 13:15:00,C002,Carlos Perez,Recurrente,P005,Torta tres Leches,Tortas,Leches,6,40000,21000,0.0,240000.0,Whatsapp,Daviplata,Completada,S002,Norte,Barranquilla,Atlántico,E001,Laura,Asesora,Abril,126000
V11256,2025-02-21 14:15:00,C008,Valentina Diaz,Nuevo,P007,Cupcake Vainilla,Cupcakes,Vainilla,2,8000,3800,0.0,16000.0,Tienda,Efectivo,Completada,S002,Norte,Barranquilla,Atlántico,E005,Daniel,Asesor,Febrero,7600
V10569,2025-12-25 18:15:00,C027,Carolina Rojas,Nuevo,P011,Galleta Chispas,Galletas,Chocolate,2,4500,1900,0.0,9000.0,Página Web,Efectivo,Completada,S001,Centro,Barranquilla,Atlántico,E002,Camila,Asesora,Diciembre,3800
V10800,2025-03-23 17:15:00,C013,Nicolas Vargas,Recurrente,P002,Torta De Vainilla,Tortas,Vainilla,1,38000,19500,0.0,38000.0,Tienda,Tarjeta,Completada,S003,Soledad,Soledad,Atlántico,E002,Camila,Asesora,Marzo,19500
V10154,2025-11-27 12:40:00,C013,Nicolas Vargas,Corporativo,P006,Cupcake Chocolate,Cupcakes,Chocolate,8,8500,4200,0.0,68000.0,Tienda,Efectivo,Completada,S003,Soledad,Soledad,Atlántico,E004,Sofia,Asesora,Noviembre,33600
V10815,2025-06-10 15:00:00,C027,Carolina Rojas,Recurrente,P006,Cupcake Chocolate,Cupcakes,Chocolate,3,8500,4200,0.0,25500.0,Página Web,Transferencia,Devuelta,S001,Centro,Barranquilla,Atlántico,E004,Sofia,Asesora,Junio,12600
V10581,2025-05-12 17:40:00,C021,Natalia Perez,Recurrente,P009,Brownie Clásico,Repostería,Chocolate,1,7000,3200,0.2,5600.0,Whatsapp,Tarjeta,Completada,S004,Riomar,Barranquilla,Atlántico,E002,Camila,Asesora,Mayo,3200
V11235,2025-05-13 12:20:00,C016,Isabella Romero,Recurrente,P015,Tarta De Manzana,Tartas,Manzana,1,18000,9000,0.0,18000.0,Tienda,Nequi,Completada,S002,Norte,Barranquilla,Atlántico,E005,Daniel,Asesor,Mayo,9000
V10418,2025-11-05 15:10:00,C003,Maria Gomez,Recurrente,P011,Galleta Chispas,Galletas,Chocolate,1,4500,1900,0.1,4050.0,Whatsapp,Transferencia,Completada,S002,Norte,Barranquilla,Atlántico,E005,Daniel,Asesor,Noviembre,1900
V10899,2025-11-03 14:40:00,C027,Carolina Rojas,Nuevo,P009,Brownie Clásico,Repostería,Chocolate,4,7000,3200,0.0,28000.0,Página Web,Tarjeta,Completada,S003,Soledad,Soledad,Atlántico,E002,Camila,Asesora,Noviembre,12800
V10387,2025-09-09 08:40:00,C020,Gabriela Silva,Recurrente,P011,Galleta Chispas,Galletas,Chocolate,1,4500,1900,0.0,4500.0,Instagram,Tarjeta,Completada,S002,Norte,Barranquilla,Atlántico,E003,Mateo,Asesor,Septiembre,1900
V10711,2025-09-26 16:50:00,C016,Isabella Romero,Nuevo,P001,Torta De Chocolate,Tortas,Chocolate,1,42000,22000,0.0,42000.0,Tienda,Efectivo,Completada,S003,Soledad,Soledad,Atlántico,E003,Mateo,Asesor,Septiembre,22000
V10620,2025-06-02 15:00:00,C006,Valor no conocido,Recurrente,P011,Galleta Chispas,Galletas,Chocolate,2,4500,1900,0.0,9000.0,Domicilio,Efectivo,Completada,S001,Centro,Barranquilla,Atlántico,E002,Camila,Asesora,Junio,3800
V10203,2025-12-02 18:20:00,C020,Gabriela Silva,Nuevo,P014,Roll De Canela,Panadería,Canela,1,7500,3100,0.0,7500.0,Whatsapp,Transferencia,Completada,S002,Norte,Barranquilla,Atlántico,E001,Laura,Asesora,Diciembre,3100
V10017,2025-10-03 13:00:00,C009,Daniel Rojas,Nuevo,P005,Torta tres Leches,Tortas,Leches,1,40000,21000,0.0,40000.0,Tienda,Tarjeta,Completada,S001,Centro,Barranquilla,Atlántico,E006,Valentina,Asesora,Octubre,21000
V11107,2025-07-09 10:45:00,C009,Daniel Rojas,Corporativo,P012,Galleta Avena,Galletas,Avena,8,4000,1700,0.2,25600.0,Whatsapp,Efectivo,Completada,S004,Riomar,Barranquilla,Atlántico,E003,Mateo,Asesor,Julio,13600
V10375,2025-09-29 19:15:00,C026,Ricardo Diaz,Recurrente,P004,Torta Red Velvet,Tortas,Red velvet,3,45000,24000,0.0,135000.0,Whatsapp,Tarjeta,Completada,S002,Norte,Barranquilla,Atlántico,E003,Mateo,Asesor,Septiembre,72000
V10980,2025-05-04 13:00:00,C017,Sebastian Ruiz,Recurrente,P003,Cheesecake Frutos Rojos,Tortas,Frutos rojos,4,48000,26000,0.05,182400.0,Tienda,Nequi,Completada,S002,Norte,Barranquilla,Atlántico,E003,Mateo,Asesor,Mayo,104000
V10222,2025-12-13 19:30:00,C024,Mateo Hernandez,Nuevo,P014,Roll De Canela,Panadería,Canela,4,7500,3100,0.1,27000.0,Domicilio,Efectivo,Completada,S002,Norte,Barranquilla,Atlántico,E006,Valentina,Asesora,Diciembre,12400
V10798,2025-05-23 08:30:00,C013,Nicolas Vargas,Nuevo,P008,Cupcake Red Velvet,Cupcakes,Red velvet,5,9500,4800,0.0,47500.0,Domicilio,Nequi,Completada,S001,Centro,Barranquilla,Atlántico,E006,Valentina,Asesora,Mayo,24000
V11008,2025-03-09 14:20:00,C011,Miguel Mendoza,Nuevo,P006,Cupcake Chocolate,Cupcakes,Chocolate,5,8500,4200,0.0,42500.0,Tienda,Daviplata,Completada,S004,Riomar,Barranquilla,Atlántico,E002,Camila,Asesora,Marzo,21000
V10314,2025-06-05 16:30:00,C030,Samuel Jimenez,Recurrente,P014,Roll De Canela,Panadería,Canela,2,7500,3100,0.1,13500.0,Página Web,Tarjeta,Completada,S002,Norte,Barranquilla,Atlántico,E005,Daniel,Asesor,Junio,6200
V11192,2025-10-24 12:20:00,C008,Valentina Diaz,Recurrente,P013,Croissant,Panadería,Tradicional,1,6500,2800,0.0,6500.0,Whatsapp,Efectivo,Completada,S002,Norte,Barranquilla,Atlántico,E001,Laura,Asesora,Octubre,2800
V11247,2025-03-15 13:20:00,C024,Mateo Hernandez,Recurrente,P001,Torta De Chocolate,Tortas,Chocolate,3,42000,22000,0.0,126000.0,Instagram,Nequi,Completada,S001,Centro,Barranquilla,Atlántico,E006,Valentina,Asesora,Marzo,66000
V10279,2025-11-20 16:30:00,C013,Nicolas Vargas,Recurrente,P009,Brownie Clásico,Repostería,Chocolate,1,7000,3200,0.0,7000.0,Tienda,Tarjeta,Completada,S002,Norte,Barranquilla,Atlántico,E004,Sofia,Asesora,Noviembre,3200
V10641,2025-02-21 17:10:00,C027,Carolina Rojas,Recurrente,P014,Roll De Canela,Panadería,Canela,1,7500,3100,0.0,7500.0,Tienda,Nequi,Completada,S001,Centro,Barranquilla,Atlántico,E002,Camila,Asesora,Febrero,3100
V11096,2025-07-20 13:00:00,C006,Sofia Ramirez,Corporativo,P006,Cupcake Chocolate,Cupcakes,Chocolate,4,8500,4200,0.1,30600.0,Whatsapp,Transferencia,Completada,S004,Riomar,Barranquilla,Atlántico,E001,Laura,Asesora,Julio,16800
V10101,2025-01-22 13:30:00,C001,Ana Rodriguez,Nuevo,P009,Brownie Clásico,Repostería,Chocolate,6,7000,3200,0.2,33600.0,Página Web,Tarjeta,Completada,S004,Riomar,Barranquilla,Atlántico,E004,Sofia,Asesora,Enero,19200
V10725,2025-04-22 17:15:00,C015,Diego Suarez,Nuevo,P007,Cupcake Vainilla,Cupcakes,Vainilla,3,8000,3800,0.0,24000.0,Tienda,Nequi,Completada,S003,Soledad,Soledad,Atlántico,E003,Mateo,Asesor,Abril,11400
V10931,2025-06-17 19:45:00,C023,Juliana Torres,Nuevo,P014,Roll De Canela,Panadería,Canela,1,7500,3100,0.0,7500.0,Domicilio,Transferencia,Completada,S003,Soledad,Soledad,Atlántico,E001,Laura,Asesora,Junio,3100
V11153,2025-03-10 17:20:00,C010,Camila Castro,Corporativo,P009,Brownie Clásico,Repostería,Chocolate,8,7000,3200,0.1,50400.0,Domicilio,Transferencia,Completada,S003,Soledad,Soledad,Atlántico,E001,Laura,Asesora,Marzo,25600
V10074,2025-11-02 18:45:00,C015,Diego Suarez,Recurrente,P012,Galleta Avena,Galletas,Avena,1,4000,1700,0.0,4000.0,Página Web,Efectivo,Completada,S002,Norte,Barranquilla,Atlántico,E004,Sofia,Asesora,Noviembre,1700
V11221,2025-01-23 17:20:00,C021,Natalia Perez,Recurrente,P011,Galleta Chispas,Galletas,Chocolate,4,4500,1900,0.0,18000.0,Tienda,Transferencia,Completada,S002,Norte,Barranquilla,Atlántico,E001,Laura,Asesora,Enero,7600
V10262,2025-10-14 14:10:00,C012,Paula Jimenez,Nuevo,P008,Cupcake Red Velvet,Cupcakes,Red velvet,3,9500,4800,0.0,28500.0,Tienda,Daviplata,Completada,S004,Riomar,Barranquilla,Atlántico,E005,Daniel,Asesor,Octubre,14400
V11022,2025-04-12 14:40:00,C023,Juliana Torres,Nuevo,P019,Caja Desayuno,Combos,Desayuno,1,32000,17000,0.0,32000.0,Página Web,Efectivo,Completada,S002,Norte,Barranquilla,Atlántico,E003,Mateo,Asesor,Abril,17000
V10377,2025-12-23 14:00:00,C005,Laura Hernandez,Recurrente,P007,Cupcake Vainilla,Cupcakes,Vainilla,2,8000,3800,0.0,16000.0,Instagram,Tarjeta,Completada,S001,Centro,Barranquilla,Atlántico,E003,Mateo,Asesor,Diciembre,7600
V10095,2025-11-24 16:50:00,C002,Carlos Perez,Nuevo,P016,Tarta De Limón,Tartas,Limón,2,18000,8800,0.0,36000.0,Whatsapp,Nequi,Cancelada,S004,Riomar,Barranquilla,Atlántico,E001,Laura,Asesora,Noviembre,17600
V10864,2025-09-09 13:40:00,C023,Juliana Torres,Nuevo,P015,Tarta De Manzana,Tartas,Manzana,4,18000,9000,0.0,72000.0,Whatsapp,Nequi,Completada,S001,Centro,Barranquilla,Atlántico,E005,Daniel,Asesor,Septiembre,36000
V10909,2025-07-29 17:30:00,C017,Sebastian Ruiz,Nuevo,P006,Cupcake Chocolate,Cupcakes,Chocolate,4,8500,4200,0.0,34000.0,Instagram,Transferencia,Completada,S002,Norte,Barranquilla,Atlántico,E005,Daniel,Asesor,Julio,16800
V10936,2025-10-25 16:00:00,C022,Alejandro Gomez,Recurrente,P013,Croissant,Panadería,Tradicional,3,6500,2800,0.0,19500.0,Domicilio,Daviplata,Completada,S001,Centro,Barranquilla,Atlántico,E006,Valentina,Asesora,Octubre,8400
V11071,2025-02-13 17:45:00,C013,Nicolas Vargas,Nuevo,P014,Roll De Canela,Panadería,Canela,2,7500,3100,0.0,15000.0,Tienda,Tarjeta,Completada,S002,Norte,Barranquilla,Atlántico,E005,Daniel,Asesor,Febrero,6200
V10715,2025-01-02 09:50:00,C007,Andres Torres,Nuevo,P014,Roll De Canela,Panadería,Canela,3,7500,3100,0.0,22500.0,Tienda,Tarjeta,Completada,S003,Soledad,Soledad,Atlántico,E004,Sofia,Asesora,Enero,9300
V11199,2025-10-28 12:50:00,C020,Gabriela Silva,Nuevo,P012,Galleta Avena,Galletas,Avena,1,4000,1700,0.0,4000.0,Instagram,Nequi,Completada,S004,Riomar,Barranquilla,Atlántico,E004,Sofia,Asesora,Octubre,1700
V10933,2025-10-30 20:50:00,C020,Gabriela Silva,Nuevo,P003,Cheesecake Frutos Rojos,Tortas,Frutos rojos,3,48000,26000,0.0,144000.0,Página Web,Efectivo,Completada,S002,Norte,Barranquilla,Atlántico,E001,Laura,Asesora,Octubre,78000
