id_venta,fecha_venta,id_cliente,cliente,tipo_cliente,id_producto,producto,categoria,sabor_tipo,cantidad,precio_unitario,costo_unitario,descuento,total_venta,canal_venta,metodo_pago,estado_venta,id_sucursal,sucursal,ciudad,departamento,id_empleado,empleado,cargo
V11263,2025-04-30 11:40,C010,,Recurrente,P004,Red velvet,Tortas,Red velvet,2,45000,24000,0.0,90000.0,Domicilio,Efectivo,Completada,S001,Centro,Barranquilla,Atlántico,E002,Camila,Asesora
V10822,2025-06-06 20:10,C029,Manuela Mendoza,Recurrente,P002,Torta de vainilla,Tortas,Vainilla,1,38000,19500,0.0,38000.0,Tienda,Tarjeta,Completada,S001,Centro,Barranquilla,Atlántico,E006,,Asesora
V10353,2025-09-30 15:00,C022,ALEJANDRO GOMEZ,Recurrente,P011,Galleta chispas,GALLETAS,Chocolate,2,4500,1900,0.2,7200.0,Tienda,Nequi,Completada,S001,centro,Barranquilla,Atlántico,E001,Laura,Asesora
V10804,2025-02-12 16:45,C023,Juliana Torres,Recurrente,P006,Cupcake chocolate,Cupcakes,Chocolate,1,8500,4200,0.0,8500.0,WhatsApp,TRANSFERENCIA, completada ,S001,Centro,Barranquilla,Atlántico,E005,Daniel,Asesor
V10816,2025-11-13 18:15,C019,Felipe Ortiz,Nuevo,P011,Galleta chispas,Galletas,Chocolate,6,4500,1900,0.0,27000.0,Tienda,Transfer,Completada,S002,Norte,Barranquilla,Atlántico,E001,Laura,Asesora
V11229,2025-01-22 11:40,C010,Camila Castro,Recurrente,P006,Cupcake chocolate,Cupcakes,Chocolate,2,8500,4200,0.0,17000.0,Tienda,Transferencia,Completada,S002,Norte,Barranquilla,Atlántico,E004,Sofia,Asesora
V11189,2025-07-08 13:40,C006,Sofia Ramirez,Recurrente,P005,Tres leches,torta,Leches,2,40000,21000,0.0,80000.0,Instagram,Tarjeta,Completada,S002, Norte ,Barranquilla,Atlántico,E005,Daniel,Asesor
V10782,03-17-2025 13:20,C006,Sofia Ramirez,Nuevo,P001,Torta de chocolate,Tortas,Chocolate,2,42000,$22.000,0.15,71400.0,Domicilio,Efectivo,Cancelada,S001,Centro,,Atlántico,E006,Valentina,Asesora
V11265,2025-03-29 10:00,C008,Valentina Diaz,Recurrente,P012,Galleta avena,Galletas,Avena,2,$4.000,1700,0.0,8000.0,Web,Tarjeta,Completada,S004,Riomar,Barranquilla,Atlántico,E006,Valentina,Asesora
V10465,2025-10-04 16:10,C022,Alejandro Gomez,Recurrente,P009,Brownie clásico,Repostería,Chocolate,3,7000,3200,0.0,21000.0,Instagram,Nequi,Completada,S001,Centro,Barranquilla,Atlántico,E006,Valentina,Asesora
V10055,2025-05-22 20:50,C028,Tomas Castro, Nuevo ,P011,Galleta chispas,Galletas,Chocolate,5,4500,1900,0.0,22500.0,WhatsApp,Nequi,Completada,S003,soledad,Soledad,Atlántico,E002,Camila,Asesora
V10349,2025-08-21 15:30,C016,Isabella Romero,Recurrente,P016,Tarta de limón,Tartas,Limón,1,18000,8800,0.0,18000.0,TIENDA,Daviplata, completada ,S002,Norte,Barranquilla,Atlántico,E006,Valentina,Asesora
V10050,2025-04-28 12:50,C027,Carolina Rojas,Recurrente ,P007,Cupcake vainilla,Cupcakes,Vainilla,2,8000,3800,0.0,16000.0,Tienda,Nequi,Completada,S004,Riomar,Barranquilla,Atlántico,E003,Mateo,Asesor
V11110,2025-03-09 08:10,C023,Juliana Torres,Recurrente,P015,Tarta de manzana,Tartas,Manzana,1,18000,9000,0.0,18000.0,Domicilio,Transferencia,Completada,S002,Norte,Barranquilla,Atlántico,E005,Daniel,Asesor
V10757,2025-02-05 18:10,C002,Carlos Perez,Recurrente,P014,Roll de  canela,Panadería,Canela,1,7500,3100,0.0,7500.0,WhatsApp,Transferencia,Completada,S001,Centro,Barranquilla,Atlántico,E006,Valentina,Asesora
V10414,2025-09-13 15:00,C027,Carolina Rojas,Recurrente,P016,Tarta de limón,Tartas,Limón,2,18000,8800,0.0,36000.0,Delivery,TRANSFERENCIA,Completada,S001,Centro,Barranquilla,Atlántico,E005,Daniel,Asesor
V10839,2025-04-08 13:45,C028,Tomas Castro,Recurrente,P012,Galleta avena,Galletas,Avena,3,4000,1700,0.0,12000.0,WhatsApp,Transferencia,Completada,S002,Norte,Barranquilla,Atlántico,E002,Camila,Asesora
V10210,18/12/2025 15:15,C011,Miguel Mendoza,Corporativo,P014,Roll de canela,Panadería,Canela,4,7500,3100,0.1,$27.000,Tienda,DAVIPLATA,Completada,S004,Riomar,Barranquilla,Atlántico,E001,Laura,Asesora
V11249,2025-04-16 15:45,C025,Lucia Ramirez,Recurrente,P016,Tarta de limón,Tartas,Limón,2,18000,8800,0.1,"32400,0",WhatsApp,Transferencia,Completada,S002,Norte,Barranquilla,Atlántico,E005,Daniel,Asesor
V10208,2025-09-19 18:30,C024,Mateo Hernandez,Nuevo,P010,Brownie con nueces,Repostería,Nueces,1,8500,4000,0.0,8500.0,TIENDA,Daviplata,Completada,S001,Centro,Barranquilla,Atlántico,E003,Mateo,Asesor
V10024,2025-08-12 13:40,C030,Samuel Jimenez,Recurrente,P011,Galleta chispas,Galletas,Chocolate,2,4500,1900,0.2,7200.0,Domicilio,Nequi,Completada,S001,Centro,Barranquilla,Atlántico,E006,Valentina,Asesora
V10813,10-22-2025 19:40,C013,Nicolas Vargas,,P006,Cupcake chocolate,Cupcakes,Chocolate,3,8500,4200,0.0,25500.0,Domicilio,Nequi,Completada,S004,Riomar,Barranquilla,Atlántico,E005,Daniel,Asesor
V11165,2025-09-05 15:20,C006,Sofia Ramirez,Recurrente,P015,Tarta de manzana,Tartas,Manzana,1,18000,$9.000,0.0,18000.0,Tienda,Transferencia,COMPLETADA,S004,Riomar,Barranquilla,Atlántico,E005,Daniel,Asesor
V10023,2025-05-14 12:00,C009,Daniel Rojas,Nuevo,P002,Torta de vainilla,Tortas,Vainilla,2,38000,19500,0.0,76000.0,Tienda,,CANCELADA,S001,Centro,Barranquilla,Atlántico,E006,Valentina,Asesora
V10094,2025-07-07 16:20,C021,Natalia Perez,,P004,Red velvet,Tortas,Red velvet,6,$45.000,24000,0.0,270000.0,Tienda,Tarjeta,Completada,S002,Norte,Barranquilla,Atlántico,E005,Daniel,Asesor
V10141,2025-08-11 15:30,C011,Miguel Mendoza,Recurrente,P006,Cupcake chocolate,Cupcakes,Chocolate,4,8500,4200,0.1,30600.0,Tienda,Transferencia,Completada,S003,Soledad,Soledad,Atlántico,E001,Laura,Asesora
V10771,2025-04-09 14:30,C026,Ricardo Diaz,Nuevo,P014,Roll de canela,Panadería,Canela,1,7500,3100,0.0,7500.0,Instagram,Tarjeta,Completada,S003,SOLEDAD,Soledad,Atlántico,E002,Camila,Asesora
V11262,2025-06-06 19:20,C019,Felipe Ortiz,Recurrente,P009,Brownie clásico,Repostería,Chocolate,2,7000,3200,0.0,14000.0,Tienda,Transferencia,Completada,S004,RIOMAR,Barranquilla,Atlántico,E006,Valentina,Asesora
V10404,2025-02-20 11:10,C027,Carolina Rojas,Nuevo,P008,Cupcake red velvet,Cupcakes,Red velvet,2,9500,4800,0.0,19000.0,Domicilio,Tarjeta,Completada,S003,Soledad,Soledad,Atlántico,E006,Valentina,Asesora
V10394,2025-11-03 15:40,C018,Mariana Navarro,Nuevo,P009,Brownie clásico,Repostería,Chocolate,1,7000,3200,0.0,7000.0,,nequi ,Completada,S003,Soledad,Soledad,Atlántico,E002,Camila,Asesora
V10820,2025-08-20 08:40,C017,Sebastian Ruiz,Nuevo,P004,Red velvet,Tortas,Red velvet,4,45000,24000,,180000.0,Tienda,Transferencia,completada,S003,Soledad,Soledad,Atlántico,E004,Sofia,Asesora
V10900,2025-05-11 20:30,C009,Daniel Rojas,Nuevo,P015,Tarta de manzana,Tartas,Manzana, 1 ,18000,9000,0.15,15300.0,WhatsApp,Tarjeta,Completada,S002,Norte,Barranquilla,Atlántico,E005,Daniel,Asesor
V10628,2025-08-11 15:45,C011,Miguel Mendoza,Nuevo,P014,Roll de canela, Panadería ,Canela,1,7500,3100,0.0,7500.0,WHATSAPP,Efectivo,Completada,S002,Norte,Barranquilla,Atlántico,E002,Camila,Asesora
V10888,2025-09-04 18:50,C001,Ana Rodriguez,Nuevo,P008,Cupcake red velvet,,Red velvet,3,9500,4800,0.0,28500.0,Instagram,Tarjeta,Completada,S002,Norte,Barranquilla,Atlántico,E002,Camila,Asesora
V11150,2025-03-08 19:40,C013,Nicolas Vargas,Nuevo,P011,Galleta chispas,Galletas,Chocolate,4,4500,1900,0.1,16200.0,Tienda,Tarjeta,completada,S004, Rio Mar,Barranquilla,Atlántico,E006,Valentina,Asesora
V10112,2025-08-14 16:20,C005,Laura Hernandez,NUEVO,P006,Cupcake chocolate,Cupcakes,Chocolate,1,8500,4200,0.0,8500.0,WhatsApp,Transferencia,Completada,S002,Norte,Barranquilla,Atlántico,E005,Daniel,Asesor
V10840,2025-08-29 18:45,C021,Natalia Perez,Nuevo,P012,Galleta avena,Galletas,Avena,5,4000,1700,0.0,20000.0,Domicilio,Nequi,Completada,S001,Centro,Barranquilla,Atlántico,E005,Daniel,Asesor
V10269,2025-08-24 13:40,C028,Tomas Castro,Nuevo,P001,Torta de chocolate,Tortas,Chocolate,1,42000,22000,0.0,42000.0,Tienda,Transferencia,COMPLETADA,S004,Riomar,Barranquilla,Atlántico,E005,Daniel,Asesor
V10937,2025-08-08 13:15,C021,Natalia Perez,Nuevo,P010,Brownie con nueces,REPOSTERÍA,Nueces, 2 ,8500,4000,0.0,17000.0,Tienda,Daviplata,COMPLETADA,S001,Centro,Barranquilla,Atlántico,E004,Sofia,Asesora
V10159,2025-08-16 15:50,C003,Maria Gomez,Recurrente,P016,Tarta de limón,Tartas,Limón,3,18000,8800,0.0,54000.0,Tienda,Efectivo,Completada,S002,Norte,Barranquilla,Atlántico,E005,Daniel,Asesor
V10768,2025/06/14 12:50,C013,Nicolas Vargas,Nuevo,P006,Cupcake chocolate,Cupcakes,Chocolate,2,8500,4200,0.0,17000.0,Tienda,Tarjeta,Completada,S002,Norte,Barranquilla,Atlántico,E006,Valentina,Asesora
V10597,2025-12-16 20:40,C029,Manuela Mendoza,Recurrente,P005,Tres leches,Tortas,Leches, 6 ,40000,21000,0.0,240000.0,Tienda,Tarjeta,Completada,S002,Norte,Barranquilla,Atlántico,E004,Sofia,Asesora
V11064,2025-09-06 16:30,C002,Carlos Perez,Recurrente,P008,Cupcake red velvet,Cupcakes,Red velvet,2,9500,4800,0.0,19000.0,Tienda,Nequi,Completada,S002,Norte,Barranquilla,Atlántico,E005,Daniel,Asesor
V10087,2025-02-11 17:15,C005,Laura Hernandez,Recurrente,P006,Cupcake chocolate,Cupcakes,Chocolate,1,8500,4200,0.05,8075.0,Instagram,Transferencia,Completada,S002,Norte,Barranquilla,Atlántico,E006,Valentina,Asesora
V11017,2025-12-21 13:40,C022,Alejandro Gomez,Recurrente,P008,Cupcake red velvet,,Red velvet,2,9500,4800,0.0,19000.0,Web,Nequi,Cancelada,S003,Soledad,Soledad,Atlántico,E006,Valentina,Asesora
V10635,2025-05-07 11:40,C002,Carlos Perez,Recurrente,P004,Red velvet,Tortas,Red velvet,2,45000,24000,0.0,90000.0,Domicilio,Nequi,Completada,S002,Norte,Barranquilla,Atlántico,E004,Sofia,Asesora
V10162,2025-07-16 12:00,C006,Sofia Ramirez,Corporativo,P012,Galleta avena,Galletas,Avena,8,4000,1700,0.1,28800.0,Tienda,Tarjeta,Completada,S004,Riomar,Barranquilla,Atlántico,E004,Sofia,Asesora
V10192,2025-12-10 09:50,C029,Manuela Mendoza,Nuevo,P017,Macaron caja x6,Macarons,Variados,1,22000,11000,0.0,22000.0,Tienda,Nequi,Completada,S003,Soledad,Soledad,Atlántico,E006,Valentina,Asesora
V11045,2025-12-02 13:50,C030,Samuel Jimenez,Nuevo,P012,Galleta avena,Galleta,Avena,2,4000,1700,0.0,8000.0,Instagram,Efectivo,Completada,S001,Centro,Barranquilla,Atlántico,E001,Laura,Asesora
V11047,2025-10-20 16:10,C028,Tomas Castro,Nuevo,P009,Brownie clásico,Repostería,Chocolate,3,7000,3200,0.0,21000.0,Instagram,Tarjeta,Cancelada,S004,Riomar,Barranquilla,Atlántico,E003,Mateo,Asesor
V10016,2025-12-18 17:30,C009,,Recurrente,P008,Cupcake red velvet,Cupcakes,Red velvet,1,9500,4800,0.0,9500.0,Domicilio,Efectivo,Completada,S003,Soledad,Soledad,Atlántico,E002,Camila,Asesora
V10082,2025-06-29 12:50,C027,Carolina Rojas,Recurrente,P003,Cheesecake frutos rojos,Tortas,Frutos rojos,1,48000,26000,0.1,43200.0,Tienda,Tarjeta,Completada,S003,Soledad,Soledad,Atlántico,E004,Sofia,Asesora
V10297,2025-04-03 13:40,C017,Sebastian Ruiz,Nuevo,P018,Macaron caja x12,Macarons,Variados,1,40000,19500,0.0,40000.0,Domicilio,Transferencia,Completada,S002,Norte,Barranquilla,Atlántico,E004,Sofia,Asesora
V11252,2025-03-04 13:10,C008,Valentina Diaz,Recurrente,P017,Macaron caja x6,Macarons,Variados,1,22000,11000,0.2,17600.0,Tienda,Nequi,Completada,S001,Centro,Barranquilla,Atlántico,E002,Camila,Asesora
V10617,2025-03-08 17:45,C021,Natalia Perez,Recurrente,P006,Cupcake chocolate,Cupcakes,Chocolate,1,8500,4200,0.0,8500.0,Tienda,Nequi,Completada,S004, Rio Mar,Barranquilla,Atlántico,E003,Mateo,Asesor
V10664,2025-04-17 18:10,C016,Isabella Romero,Recurrente,P012,Galleta avena,Galletas,Avena,1,4000,1700,0.0,4000.0,Domicilio,Nequi,Completada,S002,Norte,Barranquilla,Atlántico,E002,Camila,Asesora
V10915,2025-04-01 16:20,C010,Camila Castro,Corporativo,P003,Cheesecake frutos rojos,Tortas,Frutos rojos,6,48000,26000,0.1,259200.0,Instagram,Efectivo,Devuelta,S001,Centro,Barranquilla,Atlántico,E002,Camila,Asesora
V10674,27/01/2025 17:20,C002,Carlos Perez,Recurrente,P004,Red velvet,tortas,Red velvet,1,45000,24000,0.0,45000.0,Tienda ,Transferencia,completada,S003,Soledad,Soledad,Atlántico,E001,Laura,Asesora
V10305,2025-03-08 10:45,C016,Isabella Romero,Recurrente,P002,Torta de vainilla,Tortas,Vainilla,2,38000,19500,0.0,76000.0,Instagram,Tarjeta,Completada,S003,Soledad,Soledad,Atlántico,E003,Mateo,Asesor
V10869,2025-02-11 11:20,C025,Lucia Ramirez,NUEVO,P014,Roll de canela,Panadería,Canela,1,7500,3100,0.0,7500.0,Tienda,Tarjeta,Completada,S002,Norte,Barranquilla,Atlántico,E004,Sofia,Asesora
V10273,2025-07-05 14:10,C017,Sebastian Ruiz,Corporativo,P009,Brownie clásico,Repostería,Chocolate,4,7000,$3.200,0.2,22400.0,Domicilio,Efectivo,completada,S003,Soledad,Soledad,Atlántico,E001,Laura,Asesora
V10886,2025-11-20 14:45,C015,Diego Suarez,Nuevo,P013,Croissant,Panadería,Tradicional,1,6500,2800,0.0,6500.0,Instagram,Transferencia, completada ,S004,Riomar,Barranquilla,Atlántico,E001,Laura,Asesora
V11250,2025-02-28 18:00,C019,Felipe Ortiz,Nuevo,P006,Cupcake chocolate,Cupcakes,Chocolate,8,8500,4200,0.0,68000.0,WhatsApp,Transferencia,Completada,S003,soledad,Soledad,Atlántico,E006,Valentina,Asesora
V10639,2025-05-20 15:45,C002,Carlos Perez,Recurrente,P015,Tarta de manzana,Tartas,Manzana,3,18000,9000,0.0,54000.0,WhatsApp,Tarjeta,Completada,S002,Norte,Barranquilla,Atlántico,E001,Laura,Asesora
V10893,2025-10-18 11:00,C009,Daniel Rojas,Nuevo,P018,Macaron caja x12,Macarons,Variados,1,40000,19500,0.0,40000.0,Domicilio,Transferencia,Completada,S002,NORTE,Barranquilla,Atlántico,E001,Laura,Asesora
V10585,2025-10-06 08:45,C021,Natalia Perez,Recurrente,P002,Torta de vainilla,Tortas,Vainilla,1,38000,19500,,30400.0,Tienda,Transferencia,Completada,S003,Soledad,Soledad,Atlántico,E004,Sofia,Asesora
V10435,2025-03-25 11:15,C014,Sara Moreno,Nuevo,P002,Torta de vainilla, Tortas ,Vainilla,4,38000,19500,0.0,152000.0,WhatsApp,Transferencia,completada,S003,Soledad,Soledad,Atlántico,E001,Laura,Asesora
V11274,2025-08-29 17:40,C021,Natalia Perez,Nuevo,P012,Galleta avena,Galletas,Avena,3,4000,1700,0.0,12000.0,Web,Efectivo,Completada,S002,Norte,Barranquilla,Atlántico,E005,Daniel,Asesor
V10945,2025-10-23 19:30,C026,Ricardo Diaz,Nuevo,P012,Galleta avena,Galletas,Avena,1,4000,1700,0.0,4000.0,Tienda,Nequi,Completada,S001,Centro,Barranquilla,Atlántico,E005,Daniel,Asesor
V10136,2025-06-10 12:20,C019, Felipe Ortiz ,Recurrente,P001,Torta de chocolate,Tortas,Chocolate,3,42000,22000,0.0,126000.0,Tienda,Transferencia,Completada,S002,Norte,Barranquilla,Atlántico,E004,Sofia,Asesora
V10452,2025-05-17 14:45,C025,Lucia Ramirez,Nuevo,P011,Galleta chispas,GALLETAS,Chocolate,2,4500,1900,0.0,9000.0,Tienda,Nequi,Completada,S002,Norte,Barranquilla,Atlántico,E004,Sofia,Asesora
V10288,2025-12-23 18:30,C011,miguel mendoza,Nuevo,P005,Tres leches,Tortas,Leches,3,40000,21000,,120000.0,Tienda,Tarjeta,Completada,S003,Soledad,Soledad,Atlántico,E004,,Asesora
V10860,2025-08-02 14:40,C010,Camila Castro,Recurrente,P001,Torta de chocolate,Tortas,Chocolate,1,42000,22000,0.0,42000.0,Tienda,Transferencia,Completada,S002,Norte,Barranquilla,Atlántico,E006,Valentina,Asesora
V10106,2025-03-10 14:50,C024,Mateo Hernandez,Nuevo,P007,Cupcake vainilla,,Vainilla,1,8000,$3.800,0.0,8000.0,Tienda,Efectivo,Completada,S004,Riomar,Barranquilla,Atlántico,E005,Daniel,Asesor
V10042,2025/05/04 14:20,C016,Isabella Romero,RECURRENTE,P005,Tres leches,Tortas,Leches, 1 ,40000,21000,0.0,40000.0,,NEQUI,Completada,S003,Soledad,Soledad,Atlántico,E003,Mateo,Asesor
V10257,2025-06-26 12:15,C016,Isabella Romero,Recurrente,P009,Brownie clásico,Repostería,Chocolate,1,7000,3200,0.0,7000.0,Domicilio,Transferencia,Completada,S002,Norte,Barranquilla,Atlántico,E003,Mateo,Asesor
V10505,2025-12-25 14:15,C026,Ricardo Diaz, Nuevo ,P015,Tarta de manzana,Tartas,Manzana,2,18000,9000,0.0,36000.0,Web,Tarjeta,Completada,S004,Riomar,Barranquilla,Atlántico,E006,Valentina,Asesora
V10701,2025-01-26 14:45,C012,Paula Jimenez,recurrente,P005,Tres leches,Tortas,Leches,8,40000,21000,0.0,320000.0,Domicilio,Tarjeta,Completada,S002,Norte,Barranquilla,Atlántico,E002,Camila,Asesora
V11142,2025-05-23 19:20,C009,Daniel Rojas,Recurrente,P012,Galleta avena,Galletas,Avena,3,$4.000,1700,0.0,12000.0,Domicilio,Nequi ,Completada,S002,Norte,Barranquilla,Atlántico,E006,Valentina,Asesora
V10313,2025-03-20 16:15,C010,Camila Castro,Recurrente,P015,Tarta de manzana,Tartas,Manzana,1,18000,9000,0.1,16200.0,WhatsApp,Tarjeta,Completada,S002,Norte,Barranquilla,Atlántico,E004,Sofia,Asesora
V10198,2025-10-16 10:45,C025,Lucia Ramirez,Recurrente,P019,Caja desayuno,Combos,Desayuno,1,32000,17000,0.0,32000.0,Instagram,Nequi,Completada,S001,Centro,Barranquilla,Atlántico,E005,Daniel,Asesor
V10961,2025-03-09 18:30,C002,Carlos Perez,Recurrente,P013,Croissant,Panadería,Tradicional, 1 ,6500,2800,,6500.0,Tienda,Efectivo,Completada,S002,Norte,Barranquilla,Atlántico,E006,Valentina,Asesora
V11202,2025-11-25 09:40,C016,Isabella Romero,Nuevo,P001,Torta de chocolate,Tortas,Chocolate,1,42000,22000,0.0,42000.0,Tienda,Nequi,Completada,S003,Soledad,Soledad,Atlántico,E006,Valentina,Asesora
V10480,2025-07-28 15:40,C022,Alejandro Gomez,Recurrente,P007,Cupcake vainilla,Cupcakes,Vainilla,2,8000,3800,0.0,16000.0,WhatsApp,Efectivo,Completada,S001,Centro,Barranquilla,Atlántico,E001,Laura,Asesora
V11052,2025-03-14 08:50,C014,Sara Moreno,Corporativo,P015,Tarta de manzana,Tartas,Manzana,6,18000,9000,0.1,97200.0,WHATSAPP,Nequi,Completada,S001,Centro,Barranquilla,Atlántico,E001,Laura,Asesora
V10915,01-27-2025 13:50,C019,Felipe Ortiz,Nuevo,P009,Brownie clásico,Repostería,Chocolate,2,7000,3200,0.05,13300.0,Whats app,nequi ,Devuelta,S004,Riomar,Barranquilla,Atlántico,E006,Valentina,Asesora
V10241,2025-04-23 13:30,C017,Sebastian Ruiz,Nuevo,P006,Cupcake chocolate,Cupcakes,Chocolate,2,8500,4200,0.1,15300.0,WhatsApp,Transferencia,Completada,S004,Riomar,Barranquilla,Atlántico,E002,Camila,Asesora
V11238,2025-03-22 12:30,C009,Daniel Rojas,Recurrente,P001,Torta de chocolate,Tortas,Chocolate,2,42000,22000,0.0,84000.0,Tienda,Tarjeta,Completada,S002,Norte,Barranquilla,Atlántico,E002,Camila,Asesora
V10985,2025-08-01 17:30,C029,Manuela Mendoza,Recurrente,P002,Torta de vainilla,Tortas,Vainilla,1,38000,19500,0.05,36100.0,WhatsApp,Nequi,Completada,S004,Riomar,Barranquilla,Atlántico,E001,Laura,Asesora
V10473,2025-03-24 12:40,C019,Felipe Ortiz,Nuevo,P018,Macaron caja x12,Macarons,Variados,1,40000,19500,0.0,40000.0,INSTAGRAM,Nequi,Devuelta,S003,Soledad,Soledad,Atlántico,E006,Valentina,Asesora
V10727,2025-09-08 14:20,C012,Paula Jimenez,Nuevo,P009,Brownie clásico,Repostería,Chocolate,2,7000,3200,0.0,14000.0,WhatsApp,Transferencia,Completada,S002,Norte,Barranquilla,Atlántico,E006,Valentina,Asesora
V10268,2025-02-07 17:50,C011,Miguel Mendoza,Corporativo,P013,Croissant,Panadería,Tradicional, 6 ,6500,2800,0.15,33150.0,domicilio,Nequi,Completada,S002,Norte,Barranquilla,Atlántico,E006,Valentina,Asesora
V10140,2025-02-19 15:20,C008,Valentina Diaz,,P006,Cupcake chocolate,Cupcakes,Chocolate,2,8500,4200,0.0,17000.0,web,Tarjeta,Completada,S002,Norte,Barranquilla,Atlántico,E003,Mateo,Asesor
V10877,2025-12-20 11:40,C001,Ana Rodriguez,Corporativo,P020,Caja regalo dulce,Combos,Regalo,8,52000,28500,0.0,416000.0,WhatsApp,Nequi,Completada,S002,Norte,Barranquilla,Atlántico,E004,Sofia,Asesora
V10582,2025-09-03 13:15,C006,Sofia Ramirez,Nuevo,P011,Galleta chispas,Galletas,Chocolate,3,$4.500,1900,0.0,13500.0,Tienda,Transferencia,Completada,S001,Centro,Barranquilla,Atlántico,E004,Sofia,Asesora
V10044,2025-03-03 20:20,C025,Lucia Ramirez,Recurrente,P014,Roll de canela,Panadería,Canela,1,7500,3100,0.0,7500.0,Web,Tarjeta, completada ,S003,Soledad,Soledad,Atlántico,E003,Mateo,Asesor
V10060,2025-12-17 18:00,C008,Valentina Diaz,Recurrente,P013,Croissant,Panadería,Tradicional,2,6500,2800,0.0,13000.0,Tienda,Transferencia,Completada,S004,Riomar,Barranquilla,Atlántico,E003,Mateo,Asesor
V10099,2025-05-27 19:40,C016,Isabella Romero,Nuevo,P006,Cupcake chocolate,Cupcakes,Chocolate,1,8500,4200,0.0,8500.0,Tienda,Tarjeta,Devuelta,S003,Soledad,Soledad,Atlántico,E006,Valentina,Asesora
V11248,2025-11-08 13:10,C015,Diego Suarez,Recurrente,P012,Galleta avena,Galletas,Avena,2,4000,1700,0.0,8000.0,Domicilio,Nequi,Completada,S004,Riomar,,Atlántico,E003,Mateo,Asesor
V10066,14/08/2025 14:30,C012,Paula Jimenez,Recurrente,P014,Roll de canela,Panadería,Canela,1,7500,3100,0.1,6750.0,Tienda,NEQUI, completada ,S001,Centro,Barranquilla,Atlántico,E002,Camila,Asesora
V11234,2025-03-12 16:50,C014,Sara Moreno,Recurrente,P008,Cupcake red velvet,Cupcakes,Red velvet,1,9500,4800,0.1,8550.0,Domicilio,Efectivo,Completada,S002,Norte,Barranquilla,Atlántico,E001,Laura,Asesora
V10264,2025-01-04 14:40,C007,Andres Torres,Recurrente,P018,Macaron caja x12,Macarons,Variados,1,40000,19500,0.0,40000.0,WhatsApp,Tarjeta,Completada,S002,Norte,Barranquilla,Atlántico,E005,Daniel,Asesor
V10298,2025-11-21 14:45,C024,Mateo Hernandez,Nuevo,P016,Tarta de limón,Tartas,Limón,1,18000,8800,0.0,18000.0,WhatsApp,Tarjeta,Completada,S002,Norte,Barranquilla,Atlántico,E001,Laura,Asesora
V10558,09-15-2025 17:10,C014,Sara Moreno,Recurrente,P009,brownie clasico,Repostería,Chocolate,3,7000,3200,0.0,21000.0,Domicilio,Tarjeta,Completada,S002,Norte,Barranquilla,Atlántico,E006,Valentina,Asesora
V10822,2025-03-01 17:10,C003,Maria Gomez,Nuevo,P012,Galleta avena,galletas,Avena,1,4000,1700,0.2,$3.200,Tienda,Nequi,Completada,S003,Soledad,Soledad,Atlántico,E005,Daniel,Asesor
V10861,2025-03-07 13:50,C016,Isabella Romero,nuevo,P011,Galleta chispas,Galletas,Chocolate,2,4500,1900,0.0,9000.0,Whats app,Tarjeta,Completada,S002,Norte,Barranquilla,Atlántico,E003,Mateo,Asesor
V10149,2025-06-21 19:40,C027,Carolina Rojas,Recurrente,P006,Cupcake chocolate,Cupcakes,Chocolate,8,8500,4200,0.0,68000.0,,Tarjeta, completada ,S002,norte,Barranquilla,Atlántico,E003,Mateo,Asesor
V11093,2025-09-28 09:40,C024,Mateo Hernandez,Recurrente,P002,Torta de vainilla,,Vainilla,2,38000,19500,0.0,76000.0,Tienda,Tarjeta,Completada,S001,centro,Barranquilla,Atlántico,E006,Valentina,Asesora
V10646,2025-02-26 15:10,C016,Isabella Romero,Recurrente,P013,Croissant, Panadería ,Tradicional,1,6500,2800,0.0,6500.0,Instagram,Transferencia,Completada,S004,Riomar,Barranquilla,Atlántico,E003,Mateo,Asesor
V10242,2025-11-13 16:00,C018,Mariana Navarro,Recurrente ,P012,Galleta avena,Galletas,Avena,8,4000,1700,0.0,32000.0,Tienda,Transferencia,completada,S002,Norte,Barranquilla,Atlántico,E006,Valentina,Asesora
V11051,03-18-2025 18:10,C013,Nicolas Vargas,nuevo,P007,Cupcake vainilla,Cupcakes,Vainilla,4,8000,3800,0.0,"32000,0",Instagram,Nequi,Cancelada,S002,Norte,Barranquilla,Atlántico,E006,Valentina,Asesora
V10160,2025-09-19 12:45,C004,juan martinez,Nuevo,P014,Roll de canela,Panadería,Canela,2,7500,3100,0.0,15000.0,Domicilio,Transferencia,Completada,S001,Centro,Barranquilla,Atlántico,E001,Laura,Asesora
V10671,2025-12-28 13:30,C012,Paula Jimenez,Recurrente,P009,Brownie clásico,Repostería,Chocolate,4,7000,3200,0.0,28000.0,WhatsApp,Tarjeta,Completada,S003,Soledad,Soledad,Atlántico,E003,Mateo,Asesor
V10494,2025-10-28 15:50,C018,Mariana Navarro,Nuevo,P006,Cupcake chocolate,Cupcakes,Chocolate,1,8500,4200,0.0,8500.0,Tienda,Transferencia,Completada,S001,Centro,Barranquilla,Atlántico,E002,Camila,Asesora
V10777,2025-08-25 17:45,C017,Sebastian Ruiz,Recurrente,P015,Tarta de manzana,Tartas,Manzana,8,18000,9000,0.0,144000.0,Tienda,Nequi,Completada,S003,Soledad,Soledad,Atlántico,E006,Valentina,Asesora
V10486,2025-06-18 14:50,C004,Juan Martinez,Nuevo,P005,Tres leches,Tortas,Leches,2,40000,21000,0.1,72000.0,Tienda,Nequi,Completada,S002,Norte,Barranquilla,Atlántico,E002,Camila,Asesora
V11057,2025-02-24 09:00,C026,Ricardo Diaz,NUEVO,P006,Cupcake chocolate,Cupcakes,Chocolate,2,8500,4200,0.0,17000.0,Tienda,Transferencia,Completada,S001,Centro,Barranquilla,Atlántico,E006,Valentina,Asesora
V10354,09-30-2025 14:20,C028,Tomas Castro,Nuevo,P004,Red velvet,Tortas,Red velvet,5,45000,24000,0.0,225000.0,Domicilio,Tarjeta,Completada,S003,Soledad,Soledad,Atlántico,E006,Valentina,Asesora
V10495,2025-02-11 14:40,C026,Ricardo Diaz,Recurrente,P002,Torta de vainilla,Tortas,Vainilla,1,38000,19500,0.0,38000.0,WhatsApp,Nequi,Completada,S003,Soledad,Soledad,Atlántico,E006,Valentina,Asesora
V10834,2025-04-13 08:50,C002,Carlos Perez,Nuevo,P018,Macaron caja x12,Macarons,Variados,1,40000,$19.500,0.1,36000.0,Tienda,Efectivo,Completada,S004,Riomar,Barranquilla,Atlántico,E001,Laura,Asesora
V10700,2025-02-26 18:10,C020,Gabriela Silva,Recurrente,P018,Macaron caja x12,Macarons,Variados,1,40000,19500,0.2,$32.000,WhatsApp,Daviplata,Completada,S004,Riomar,Barranquilla,Atlántico,E006,Valentina,Asesora
V10518,2025-05-28 16:20,C008,Valentina Diaz,Recurrente,P001,Torta de chocolate,Tortas,Chocolate,1,42000,22000,0.0,42000.0,,Transferencia,Completada,S003,Soledad,Soledad,Atlántico,E005,Daniel,Asesor
V10940,2025-12-09 16:10,C026,Ricardo Diaz,Nuevo,P012,Galleta avena,GALLETAS,Avena,3,4000,1700,0.15,10200.0,Tienda,Tarjeta,Completada,S002,Norte,Barranquilla,Atlántico,E001,Laura,Asesora
V10923,2025-05-08 13:50,C005,Laura Hernandez,Recurrente,P006,Cupcake chocolate,Cupcakes,Chocolate,2,8500,4200,0.0,17000.0,WhatsApp,Tarjeta,Completada,S002,Norte,Barranquilla,Atlántico,E006,Valentina,Asesora
V11261,2025-01-11 17:00,C014,Sara Moreno,Recurrente,P007,Cupcake vainilla,Cupcakes,Vainilla,6,8000,3800,0.0,48000.0,,Nequi,Completada,S003,Soledad,Soledad,Atlántico,E002,Camila,Asesora
V10234,2025-07-23 18:20,C010,CAMILA CASTRO,Nuevo,P011,Galleta chispas,Galletas,Chocolate,1,4500,1900,0.0,4500.0,WhatsApp,NEQUI,Completada,S004,Riomar,Barranquilla,Atlántico,E002,Camila,Asesora
V10922,2025-05-20 17:20,C017,Sebastian Ruiz,Nuevo,P006,Cupcake chocolate,Cupcakes,Chocolate,8,8500,4200,0.0,68000.0,Delivery,Efectivo,Completada,S002,Norte,Barranquilla,Atlántico,E002,Camila,Asesora
V10402,2025-03-28 16:30,C007,Andres Torres,Nuevo,P006,Cupcake chocolate,Cupcakes,Chocolate,2,8500,4200,0.0,17000.0,Domicilio,Efectivo,Completada,S001,centro,Barranquilla,Atlántico,E006,Valentina,Asesora
V10057,2025-06-12 11:40,C023,Juliana Torres,Recurrente,P014,Roll de canela,Panadería,Canela,1,7500,3100,0.0,"7500,0",Delivery,Nequi,Completada,S003,Soledad,Soledad,Atlántico,E001,Laura,Asesora
V11005,2025-09-02 14:15,C013,Nicolas Vargas,recurrente,P009,Brownie clásico,Repostería,Chocolate,2,7000,3200,0.0,14000.0,Domicilio,Transferencia,Completada,S003,Soledad,Soledad,Atlántico,E001,Laura,Asesora
V10588,2025-12-08 16:10,C020,Gabriela Silva,Recurrente,P014,Roll de canela,Panadería,Canela, 1 ,7500,3100,0.0,7500.0,Tienda,Daviplata,Completada,S003,Soledad,Soledad,Atlántico,E001,Laura,Asesora
V10725,2025-07-02 11:15,C015,Diego Suarez,Nuevo,P006,Cupcake chocolate,Cupcakes,Chocolate,2,8500,4200,0.2,13600.0,Instagram,Tarjeta,Completada,S002,Norte,Barranquilla,Atlántico,E006,Valentina,Asesora
V10351,2025-05-10 14:15,C009,Daniel Rojas,Nuevo,P003,Cheesecake frutos rojos,Tortas,Frutos rojos,1,48000,26000,0.0,48000.0,Web,Transferencia,Completada,S001,Centro,Barranquilla,Atlántico,E003,Mateo,Asesor
V10827,2025-12-24 17:00,C027,Carolina Rojas,Nuevo,P014,Roll de canela,Panadería,Canela,6,7500,3100,0.0,$45.000,Tienda,Transferencia,Completada,S001,Centro,Barranquilla,Atlántico,E001,Laura,Asesora
V10799,09-23-2025 14:45,C022,Alejandro Gomez,Nuevo,P009,Brownie clásico,Repostería,Chocolate,2,7000,3200,0.0,14000.0,Instagram,Nequi,Completada,S004,Riomar,Barranquilla,Atlántico,E004,Sofia,Asesora
V10886,2025-09-03 15:10,C006,,Nuevo,P020,Caja regalo dulce,Combos,Regalo, 2 ,52000,28500,0.1,93600.0,WhatsApp,Nequi,Completada,S001,Centro,Barranquilla,Atlántico,E005,Daniel,Asesor
V10956,06/04/2025 15:40,C010,Camila Castro,Recurrente,P005,TRES LECHES,Tortas,Leches,1,40000,21000,0.2,32000.0,Instagram,Tarjeta,Completada,S001,Centro,Barranquilla,Atlántico,E001,Laura,Asesora
V10163,2025-03-09 10:10,C023,Juliana Torres,Nuevo,P016,Tarta de limón,Tartas,Limón, 1 ,18000,8800,0.15,"15300,0",Domicilio,Tarjeta,Completada,S001,Centro,Barranquilla,Atlántico,E004,,Asesora
V11076,2025-10-24 13:45,C027,Carolina Rojas,Recurrente,P013,Croissant,Panadería,Tradicional,1,6500,2800,0.0,6500.0,WhatsApp,Efectivo,Cancelada,S003,Soledad,Soledad,Atlántico,E005,Daniel,Asesor
V10221,2025-03-24 16:15,C016,Isabella Romero,RECURRENTE,P010,Brownie con nueces,Repostería,Nueces, 2 ,8500,4000,0.05,16150.0,WhatsApp,Tarjeta, completada ,S001,Centro,Barranquilla,Atlántico,E001,Laura,Asesora
V10438,2025-11-11 15:10,C021,Natalia Perez,Nuevo,P018,Macaron caja x12,Macarons,Variados,1,40000,19500,0.0,40000.0,En tienda,Transferencia,Completada,S001,Centro,Barranquilla,Atlántico,E003,Mateo,Asesor
V11152,2025-11-15 12:40,C005,Laura Hernandez,,P014,Roll de canela,Panadería,Canela,3,7500,3100,0.0,22500.0,Domicilio,Nequi,Completada,S004,Riomar,Barranquilla,Atlántico,E002,Camila,Asesora
V10350,2025-10-16 10:10,C021, Natalia Perez ,Nuevo,P008,Cupcake red velvet,Cup cake,Red velvet,1,9500,4800,0.0,9500.0,tienda,Daviplata,Completada,S001,Centro,Barranquilla,Atlántico,E003,Mateo,Asesor
V11014,2025-09-21 14:10,C022,alejandro gomez,Corporativo,P005,Tres leches,torta,Leches,6,40000,21000,0.2,192000.0,Tienda,Nequi ,Completada,S001,Centro,Barranquilla,Atlántico,E004,Sofia,Asesora
V10825,2025-02-16 11:20,C011,Miguel Mendoza,Recurrente,P009,Brownie clásico,Repostería,Chocolate,2,7000,3200,0.0,14000.0,Web,Transferencia,Completada,S003,Soledad,Soledad,Atlántico,E003,Mateo,Asesor
V10490,2025-12-19 14:00,C001,Ana Rodriguez,Nuevo,P001,Torta de chocolate,Tortas,Chocolate,1,42000,22000,0.0,42000.0,Domicilio,Tarjeta,Completada,S002,Norte,Barranquilla,Atlántico,E002,Camila,Asesora
V10436,2025-06-28 20:00,C028,Tomas Castro,Nuevo,P015,Tarta de manzana,Tartas,Manzana,4,18000,9000,0.0,72000.0,Web,Nequi,Completada,S001,Centro,Barranquilla,Atlántico,E005,Daniel,Asesor
V10674,2025/01/09 13:40,C028,,Recurrente,P008,Cupcake red velvet,Cupcakes,Red velvet,2,9500,4800,0.2,15200.0,Tienda,Tarjeta,Completada,S003,Soledad,Soledad,Atlántico,E006,,Asesora
V10599,2025-03-24 18:15,C019,Felipe Ortiz,Nuevo,P011,Galleta chispas,galletas,Chocolate,1,4500,1900,0.0,$4.500,Tienda,NEQUI,Completada,S001,Centro,Barranquilla,Atlántico,E001,Laura,Asesora
V10531,2025-08-31 14:00,C020,Gabriela Silva,Nuevo,P007,Cupcake vainilla,Cupcakes,Vainilla,1,8000,3800,0.0,8000.0,Domicilio,Daviplata,Cancelada,S003,Soledad,Soledad,Atlántico,E003,Mateo,Asesor
V10150,2025-12-22 20:15,C019,FELIPE ORTIZ,Recurrente,P012,Galleta avena,Galletas,Avena,1,4000,1700,0.0,4000.0,Tienda,Nequi,Completada,S003,Soledad,Soledad,Atlántico,E006,Valentina,Asesora
V10339,2025-11-14 16:15,C006,Sofia Ramirez,Corporativo,P007,Cupcake vainilla,Cupcakes,Vainilla,6,8000,3800,0.0,48000.0,,Nequi,Completada,S001,Centro,Barranquilla,Atlántico,E006,Valentina,Asesora
V10684,2025-07-05 15:40,C011,Miguel Mendoza,Recurrente,P011,Galleta chispas,Galletas,Chocolate,1,4500,$1.900,0.0,4500.0,Tienda,Nequi,Completada,S001,Centro,Barranquilla,Atlántico,E006,Valentina,Asesora
V10239,15/09/2025 15:15,C026,Ricardo Diaz,Recurrente,P012,Galleta avena,Galletas,Avena,2,4000,1700,0.0,8000.0,Tienda,Daviplata,Completada,S001,Centro,Barranquilla,Atlántico,E006,Valentina,Asesora
V11138,2025-11-02 14:15,C030,Samuel Jimenez,Nuevo,P008,Cupcake red velvet,Cupcakes,Red velvet,1,9500,4800,0.0,9500.0,Tienda,Tarjeta,Completada,S001,Centro,Barranquilla,Atlántico,E001,Laura,Asesora
V10443,2025/04/04 13:15,C002,Carlos Perez,Nuevo,P009,Brownie clásico,Repostería,Chocolate,4,7000,3200,0.0,28000.0,Tienda,Transferencia,Completada,S004,Riomar,Barranquilla,Atlántico,E002,Camila,Asesora
V10464,2025-10-14 12:00,C020,Gabriela Silva,Recurrente,P009,Brownie clásico,Repostería,Chocolate,3,7000,3200,0.0,21000.0,Domicilio,Transferencia,Completada,S001,Centro,Barranquilla,Atlántico,E003,Mateo,Asesor
V10130,2025-06-03 17:40,C018,Mariana Navarro,Corporativo,P011,Galleta chispas,Galletas,Chocolate, 4 ,4500,1900,0.0,18000.0,Instagram,Tarjeta,Cancelada,S001,Centro,Barranquilla,Atlántico,E006,Valentina,Asesora
V10670,2025-08-07 11:00,C004,Juan Martinez,Nuevo,P013,Croissant,Panadería,Tradicional,5,6500,2800,0.2,26000.0,Domicilio,Tarjeta,Completada,S002,Norte,Barranquilla,Atlántico,E002,Camila,Asesora
V10287,2025-02-22 17:40,C005,Laura Hernandez,Recurrente,P012,Galleta avena,Galletas,Avena,3,4000,1700,0.0,12000.0,Tienda,Tarjeta,Completada,S002,Norte,Barranquilla,Atlántico,E004,Sofia,Asesora
V10426,2025-09-22 17:30,C025,Lucia Ramirez,Recurrente,P020,Caja regalo dulce,Combos,Regalo,3,52000,28500,0.0,156000.0,Domicilio,Nequi,Completada,S003,Soledad,Soledad,Atlántico,E002,Camila,Asesora
V10038,2025-06-09 17:20,C001,Ana Rodriguez,Recurrente,P006,Cupcake chocolate,cupcakes,Chocolate,2,8500,4200,0.0,17000.0,Domicilio,Tarjeta,Completada,S001,Centro,Barranquilla,Atlántico,E001,Laura,Asesora
V10302,2025-11-25 19:10,C024,Mateo Hernandez,Recurrente,P001,Torta de chocolate,Tortas,Chocolate,1,42000,22000,0.0,42000.0,WEB,Daviplata,Completada,S002,Norte,Barranquilla,Atlántico,E002,Camila,Asesora
V11133,2025-06-17 12:10,C006,Sofia Ramirez,Recurrente,P014,Roll de canela,Panadería,Canela,4,7500,3100,0.0,30000.0,tienda,Tarjeta,Completada,S001,Centro,Barranquilla,Atlántico,E004,Sofia,Asesora
V10662,2025-07-31 11:15,C029,Manuela Mendoza,Recurrente,P017,Macaron caja x6,Macarons,Variados,2,22000,11000,0.0,44000.0,Tienda,Nequi,Completada,S003,Soledad,Soledad,Atlántico,E003,Mateo,Asesor
V10648,03-11-2025 14:15,C007,Andres Torres,Nuevo,P011,Galleta chispas,Galletas,Chocolate,1,4500,1900,0.0,4500.0,WhatsApp,Transferencia,Completada,S002,Norte,Barranquilla,Atlántico,E005,Daniel,Asesor
V10829,2025-12-01 13:00,C009,DANIEL ROJAS,Nuevo,P011,Galleta chispas,Galletas,Chocolate,1,4500,1900,0.0,4500.0,Domicilio,Tarjeta,Completada,S003,Soledad,Soledad,Atlántico,E006,Valentina,Asesora
V10752,2025-08-26 12:10,C030,Samuel Jimenez,Nuevo,P001,Torta de chocolate,Tortas,Chocolate, 5 ,42000,22000,0.0,210000.0,Tienda,Tarjeta,Completada,S002, Norte ,Barranquilla,Atlántico,E004,Sofia,Asesora
V10406,2025-03-02 12:45,C011,Miguel Mendoza,Recurrente,P003,Cheesecake frutos rojos,Tortas,Frutos rojos,2,48000,26000,0.0,96000.0,Tienda,Tarjeta,Completada,S002,Norte,Barranquilla,Atlántico,E002,,Asesora
V10837,2025-02-13 13:10,C030,Samuel Jimenez,Recurrente,P010,Brownie con nueces,Repostería,Nueces,1,8500,4000,0.0,8500.0,Domicilio,Tarjeta,Completada,S001,Centro,Barranquilla,Atlántico,E003,Mateo,Asesor
V10095,2025-08-08 15:00,C012,Paula Jimenez,Nuevo,P015,Tarta de manzana,Tartas,Manzana,1,18000,9000,0.0,"18000,0",Instagram,Efectivo,Completada,S001,Centro,Barranquilla,Atlántico,E004,Sofia,Asesora
V10272,2025-12-18 15:40,C004,juan martinez,Recurrente,P003,Cheesecake frutos rojos,Tortas,Frutos rojos,3,48000,26000,0.1,129600.0,WhatsApp,Nequi,Completada,S001,Centro,Barranquilla,Atlántico,E004,Sofia,Asesora
V10218,2025-07-07 08:10,C026,Ricardo Diaz,Nuevo,P014,Roll de  canela,Panadería,Canela,4,7500,3100,0.05,28500.0,Tienda,Transferencia,Completada,S003,Soledad,Soledad,Atlántico,E004,Sofia,Asesora
V10696,2025-08-11 14:15,C018,Mariana Navarro,Recurrente,P011,Galleta chispas,Galletas,Chocolate,3,4500,1900,0.0,13500.0,Tienda,Nequi,Completada,S001,centro,,Atlántico,E003,Mateo,Asesor
V10542,2025-03-02 18:00,C020,Gabriela Silva,Recurrente,P004,Red velvet,Tortas,Red velvet,1,45000,24000,0.1,40500.0,WhatsApp,Tarjeta,Completada,S001, Centro ,Barranquilla,Atlántico,E001,Laura,Asesora
V10384,2025-09-13 18:15,C015,diego suarez,Recurrente,P019,Caja desayuno,Combos,Desayuno,1,32000,17000,0.0,32000.0,Domicilio,Transferencia,Completada,S003,Soledad,Soledad,Atlántico,E005,Daniel,Asesor
V10285,2025-04-23 15:30,C014,Sara Moreno,RECURRENTE,P010,Brownie con nueces,Repostería,Nueces,2,8500,4000,0.0,17000.0,Web,Transferencia,COMPLETADA,S001,Centro,Barranquilla,Atlántico,E004,Sofia,Asesora
V10956,2025-09-03 15:10,C021,Natalia Perez,Recurrente,P001,Torta de chocolate,Tortas,Chocolate,3,42000,22000,0.0,126000.0,Tienda,Transferencia,Completada,S002,NORTE,Barranquilla,Atlántico,E002,Camila,Asesora
V10068,2025-07-22 16:50,C018,Mariana Navarro,Nuevo,P008,Cupcake red velvet,Cupcakes,Red velvet,1,9500,4800,0.0,9500.0,Web,Tarjeta,Completada,S001,Centro,Barranquilla,Atlántico,E001,Laura,Asesora
V10999,2025-04-27 15:00,C008,Valentina Diaz,Nuevo,P010,Brownie con nueces,Repostería,Nueces, 2 ,8500,4000,0.0,17000.0,Domicilio,transferencia,Completada,S002,Norte,Barranquilla,Atlántico,E003,Mateo,Asesor
V11196,2025-12-02 17:00,C010,Camila Castro, Nuevo ,P005,Tres leches,Tortas,Leches,2,40000,21000,0.0,80000.0,WhatsApp,Transferencia,Completada,S001,Centro,Barranquilla,Atlántico,E001,Laura,Asesora
V10576,2025-06-27 12:30,C015,Diego Suarez,Recurrente,P006,Cupcake chocolate,Cupcakes,Chocolate,1,8500,4200,0.0,8500.0,WhatsApp,Transfer,cancelada,S004,Riomar,Barranquilla,Atlántico,E006,Valentina,Asesora
V10538,2025-10-22 19:45,C020,Gabriela Silva,Nuevo,P003,Cheesecake frutos rojos,Tortas,Frutos rojos,1,48000,26000,0.0,48000.0,Domicilio,Nequi, completada ,S003,Soledad,Soledad,Atlántico,E002,Camila,Asesora
V10364,12/11/2025 16:40,C025,Lucia Ramirez,Nuevo,P016,Tarta de limón,Tartas,Limón,1,18000,8800,0.05,17100.0,Tienda,Transferencia,Completada,S004,Riomar,Barranquilla,Atlántico,E004,Sofia,Asesora
V10969,2025-12-19 16:40,C026,Ricardo Diaz,Nuevo,P011,Galleta chispas,Galletas,Chocolate,3,4500,1900,0.0,13500.0,WhatsApp,Tarjeta,Completada,S001,centro,Barranquilla,Atlántico,E003,Mateo,Asesor
V10013,2025-06-23 14:10,C004,Juan Martinez,Nuevo,P005,Tres leches,torta,Leches,1,$40.000,21000,0.0,40000.0,WhatsApp,Tarjeta,Completada,S004,Riomar,Barranquilla,Atlántico,E001,Laura,Asesora
V10504,2025-02-02 13:50,C020,gabriela silva,Recurrente,P003,Cheesecake frutos rojos,Tortas,Frutos rojos,2,48000,26000,,96000.0,Domicilio,Nequi,Completada,S004,Riomar,Barranquilla,Atlántico,E003,Mateo,Asesor
V10327,2025-05-06 11:45,C010,Camila Castro,Recurrente,P018,Macaron caja x12,Macarons,Variados,1,40000,19500,0.0,40000.0,WhatsApp,Efectivo,Completada,S001,Centro,Barranquilla,Atlántico,E002,Camila,Asesora
V11232,2025-08-18 17:00,C017,Sebastian Ruiz,Recurrente,P012,Galleta avena,Galletas,Avena,5,4000,1700,0.0,20000.0,Domicilio,Transferencia,Completada,S002,Norte,Barranquilla,Atlántico,E001,Laura,Asesora
V11146,2025-09-29 12:10,C026,Ricardo Diaz,Nuevo,P009,Brownie clásico,Repostería,Chocolate,1,7000,3200,0.0,7000.0,Domicilio,Transferencia,Completada,S001,Centro,Barranquilla,Atlántico,E002,Camila,Asesora
V10940,2025-01-09 18:20,C024,Mateo Hernandez,Recurrente,P015,Tarta de manzana,Tartas,Manzana, 1 ,18000,9000,0.0,18000.0,Domicilio,Nequi,Devuelta,S002,norte,Barranquilla,Atlántico,E004,Sofia,Asesora
V10189,2025-06-04 18:40,C006,Sofia Ramirez,Recurrente,P001,Torta de chocolate,Tortas,Chocolate,2,42000,22000,0.0,84000.0,Instagram,Transferencia,Completada,S002, Norte ,Barranquilla,Atlántico,E002,Camila,Asesora
V10487,2025-05-05 17:15,C002,Carlos Perez,Nuevo,P004,Red velvet,Tortas,Red velvet,1,$45.000,$24.000,0.0,45000.0,WhatsApp,Daviplata,Completada,S001,Centro,Barranquilla,Atlántico,E004,Sofia,Asesora
V10984,2025-02-27 13:10,C027,Carolina Rojas,Recurrente,P013,Croissant,,Tradicional,5,6500,2800,0.0,32500.0,Tienda,Tarjeta,Completada,S002,Norte,Barranquilla,Atlántico,E006,Valentina,Asesora
V10647,2025-07-24 12:20,C004,Juan Martinez,Recurrente,P012,Galleta avena,Galletas,Avena,5,4000,1700,0.0,20000.0,Instagram,Tarjeta,Completada,S004,RIOMAR,Barranquilla,Atlántico,E003,Mateo,Asesor
V10474,2025-06-25 16:00,C025,Lucia Ramirez,Recurrente,P004,Red velvet,Tortas,Red velvet,1,45000,$24.000,0.15,38250.0,Instagram,Tarjeta,Completada,S003,,Soledad,Atlántico,E005,Daniel,Asesor
V10191,2025-06-12 12:10,C020,Gabriela Silva, Nuevo ,P005,Tres leches,Tortas,Leches,2,40000,21000,0.0,80000.0,Domicilio,Efectivo,Completada,S004,RIOMAR,Barranquilla,Atlántico,E006,Valentina,Asesora
V10347,2025-09-05 13:10,C004,Juan Martinez,Recurrente,P011,Galleta chispas,Galletas,Chocolate,6,4500,1900,0.0,27000.0,Tienda,Nequi,Completada,S003,Soledad,Soledad,Atlántico,E005,,Asesor
V11080,2025-05-29 17:15,C026,Ricardo Diaz,Recurrente,P012,Galleta avena,Galletas,Avena,1,4000,1700,0.0,4000.0,Tienda,Nequi,Completada,S001,Centro,Barranquilla,Atlántico,E006,Valentina,Asesora
V11010,2025-03-04 12:45,C015,Diego Suarez,NUEVO,P012,Galleta avena,Galletas,Avena,2,4000,1700,0.1,7200.0,Tienda,Tarjeta,Completada,S001,Centro,Barranquilla,Atlántico,E003,Mateo,Asesor
V10833,2025-11-02 19:40,C022,Alejandro Gomez,Corporativo,P005,Tres leches,Tortas,Leches,4,40000,21000,0.05,152000.0,Web,Nequi,Completada,S003,Soledad,Soledad,Atlántico,E004,Sofia,Asesora
V10710,2025-05-29 17:15,C007,Andres Torres,Recurrente,P005,Tres  leches,Tortas,Leches,6,40000,21000,0.0,"240000,0",WhatsApp,Transferencia,Completada,S002,Norte,Barranquilla,Atlántico,E002,Camila,Asesora
V10806,2025-10-18 13:50,C021,Natalia Perez,Corporativo,P008,Cupcake red velvet,Cupcakes,Red velvet,8,9500,4800,0.2,60800.0,Web,Nequi,Completada,S001,Centro,Barranquilla,Atlántico,E001,Laura,Asesora
V11209,2025-04-30 18:40,C015,Diego Suarez,Recurrente,P020,Caja regalo dulce,Combos,Regalo,2,52000,28500,0.0,104000.0,Web,Tarjeta,Completada,S001,Centro,Barranquilla,Atlántico,E005,Daniel,Asesor
V10456,2025-01-30 16:40,C023,Juliana Torres,Recurrente,P015,Tarta de manzana,Tartas,Manzana,4,18000,9000,0.0,"72000,0",Domicilio,Tarjeta,Completada,S004,RIOMAR,Barranquilla,Atlántico,E003,Mateo,Asesor
V10440,2025-11-05 11:45,C022,Alejandro Gomez,Nuevo,P014,Roll de canela,PANADERÍA,Canela,1,7500,3100,0.0,7500.0,Tienda,Transferencia,Completada,S001,Centro,Barranquilla,Atlántico,E003,Mateo,Asesor
V10209,2025-03-30 18:50,C001,Ana Rodriguez,nuevo,P003,Cheesecake frutos rojos,Tortas,Frutos rojos,2,48000,26000,0.0,96000.0,Domicilio,Nequi,Completada,S002,Norte,Barranquilla,Atlántico,E003,Mateo,Asesor
V10047,2025-01-17 17:20,C023,Juliana Torres,Nuevo,P003,Cheesecake frutos rojos,Tortas,Frutos rojos,4,48000,26000,0.0,$192.000,Tienda,Tarjeta,Completada,S001,Centro,Barranquilla,Atlántico,E004,Sofia,Asesora
V10063,2025-06-03 14:30,C014,Sara Moreno,RECURRENTE,P014,Roll de canela,Panadería,Canela,2,7500,3100,0.0,15000.0,Tienda,Daviplata,Completada,S003,Soledad,Soledad,Atlántico,E006,Valentina,Asesora
V10566,2025-10-02 09:45,C004,Juan Martinez,CORPORATIVO,P006,Cupcake chocolate,Cupcakes,Chocolate,8,8500,4200,0.2,54400.0,Tienda,Tarjeta,Completada,S004,Riomar,Barranquilla,Atlántico,E004,Sofia,Asesora
V10342,2025-10-12 16:15,C030,Samuel Jimenez,Nuevo,P003,Cheesecake frutos rojos,torta,Frutos rojos,1,48000,26000,0.05,45600.0,Tienda,Nequi,Completada,S002,Norte,Barranquilla,Atlántico,E001,Laura,Asesora
V10343,2025-06-26 09:40,C019,Felipe Ortiz,Nuevo,P014,Roll de canela,PANADERÍA,Canela,8,7500,3100,0.0,60000.0,WhatsApp,Efectivo,Completada,S004,,Barranquilla,Atlántico,E001,Laura,Asesora
V11205,2025-05-11 16:30,C018,Mariana Navarro,Nuevo,P008,Cupcake red velvet,Cupcakes,Red velvet,1,9500,4800,0.2,7600.0,WhatsApp,Tarjeta,Completada,S001,Centro,Barranquilla,Atlántico,E005,Daniel,Asesor
V10037,2025-04-13 15:10,C020,Gabriela Silva,Nuevo,P016,Tarta de limón,Tartas,Limón,1,18000,8800,0.15,15300.0,Instagram,Transferencia,Completada,S004,Riomar,Barranquilla,Atlántico,E002,Camila,Asesora
V10400,2025-07-14 13:00,C017,Sebastian Ruiz,Nuevo,P009,Brownie clásico,Repostería,Chocolate,1,7000,3200,0.1,6300.0,Domicilio,Efectivo,Completada,S002,Norte,Barranquilla,Atlántico,E001,Laura,Asesora
V10325,2025-02-03 16:40,C009,Daniel Rojas,Recurrente,P016,Tarta de limón,Tartas,Limón,1,18000,8800,0.2,14400.0,WHATSAPP,Transferencia,Completada,S004,Riomar,Barranquilla,Atlántico,E006,Valentina,Asesora
V10785,2025-01-09 16:20,C026,Ricardo Diaz,Nuevo,P007,Cupcake vainilla,Cupcakes,Vainilla,6,8000,3800,0.0,48000.0,Tienda,,Completada,S001,Centro,Barranquilla,Atlántico,E006,Valentina,Asesora
V10904,2025-05-07 14:45,C008,Valentina Diaz,Nuevo,P020,Caja regalo dulce,Combos,Regalo,2,52000,28500,0.0,104000.0,Domicilio,Daviplata,Completada,S004,Riomar,Barranquilla,Atlántico,E004,Sofia,Asesora
V10072,2025-11-20 16:45,C009,Daniel Rojas,,P012,Galleta avena,Galletas,Avena,1,4000,1700,0.15,3400.0,TIENDA,Transferencia,Completada,S002,Norte,Barranquilla,Atlántico,E004,Sofia,Asesora
V11187,2025-07-20 08:00,C015,Diego Suarez,Recurrente,P018,Macaron caja x12,Macarons,Variados,3,40000,19500,0.1,108000.0,Web,Nequi,Completada,S002,Norte,Barranquilla,Atlántico,E002,Camila,Asesora
V10502,2025-06-17 12:20,C014,Sara Moreno,,P014,Roll de canela,Panadería,Canela,8,7500,3100,0.0,60000.0,Tienda,Tarjeta,Completada,S004,riomar,Barranquilla,Atlántico,E003,Mateo,Asesor
V10089,2025-03-12 17:15,C010,Camila Castro,Recurrente,P013,Croissant,Panadería,Tradicional,1,6500,2800,0.0,6500.0,Web,Nequi,Completada,S001,CENTRO,Barranquilla,Atlántico,E005,Daniel,Asesor
V11046,2025-01-09 14:15,C010,Camila Castro,Nuevo,P007,Cupcake vainilla,Cupcakes,Vainilla,1,8000,3800,0.0,8000.0,Tienda,Transferencia,Completada,S001,Centro,Barranquilla,Atlántico,E002,Camila,Asesora
V10906,2025-12-29 13:15,C003,Maria Gomez,Recurrente,P006,Cupcake chocolate,Cupcakes,Chocolate,2,8500,4200,0.0,17000.0,,Transferencia,Completada,S004,Riomar,Barranquilla,Atlántico,E002,Camila,Asesora
V10714,2025-09-25 18:20,C025,Lucia Ramirez,Nuevo,P002,Torta de vainilla,Tortas,Vainilla,2,38000,19500,0.0,76000.0,Domicilio,Transferencia,Completada,S002,Norte,Barranquilla,Atlántico,E002,Camila,Asesora
V11087,09-12-2025 17:40,C011,Miguel Mendoza,Recurrente,P011,Galleta chispas,galletas,Chocolate,1,4500,1900,0.0,$4.500,Tienda,Nequi,Completada,S002,Norte,Barranquilla,Atlántico,E005,Daniel,Asesor
V10492,2025-03-12 15:45,C026,Ricardo Diaz,Recurrente,P012,Galleta avena,Galletas,Avena, 1 ,4000,1700,0.0,4000.0,Tienda,Transferencia,Completada,S002,Norte,Barranquilla,Atlántico,E006,Valentina,Asesora
V10859,2025-08-11 12:50,C006,Sofia Ramirez,Recurrente,P014,Roll de canela,Panadería,Canela,2,7500,3100,0.0,15000.0,tienda,Efectivo,Completada,S004,Riomar,Barranquilla,Atlántico,E002,Camila,Asesora
V10128,2025-03-13 17:45,C016,isabella romero,Nuevo,P012,Galleta avena,Galletas,Avena,4,4000,1700,0.0,16000.0,,Daviplata,COMPLETADA,S003,soledad,Soledad,Atlántico,E002,Camila,Asesora
V10644,2025-05-19 17:45,C024,Mateo Hernandez,,P014,Roll de canela,Panadería,Canela, 1 ,7500,$3.100,0.0,7500.0,WhatsApp,Tarjeta,Completada,S003,Soledad,Soledad,Atlántico,E003,Mateo,Asesor
V11092,2025-01-07 19:00,C009,Daniel Rojas,NUEVO,P003,Cheesecake frutos rojos,Tortas,Frutos rojos,10,48000,26000,0.2,384000.0,WhatsApp,Tarjeta,Completada,S004,Riomar,Barranquilla,Atlántico,E002,Camila,Asesora
V10101,2025-08-10 19:30,C028,tomas castro,Nuevo,P001,Torta de chocolate,Tortas,Chocolate,1,42000,22000,0.0,42000.0,TIENDA,Tarjeta,Completada,S002,Norte,Barranquilla,Atlántico,E001,Laura,Asesora
V10293,2025-02-02 11:10,C018,Mariana Navarro,Recurrente,P012,Galleta avena,Galletas,Avena,1,4000,1700,0.15,3400.0,Instagram,Nequi,completada,S003,Soledad,Soledad,Atlántico,E001,Laura,Asesora
V10286,04-07-2025 12:00,C006,SOFIA RAMIREZ,Nuevo,P015,Tarta de manzana,Tartas,Manzana,1,18000,9000,0.0,18000.0,WhatsApp,Transferencia,Completada,S004,Riomar,Barranquilla,Atlántico,E002,Camila,Asesora
V10920,2025-09-09 15:10,C013,Nicolas Vargas,recurrente,P011,Galleta chispas,Galletas,Chocolate,1,4500,1900,0.0,4500.0,Domicilio,Tarjeta,completada,S004,riomar,Barranquilla,Atlántico,E001,Laura,Asesora
V10614,2025-09-23 14:00,C020,Gabriela Silva,NUEVO,P007,Cupcake vainilla,Cupcakes,Vainilla,1,8000,3800,0.0,8000.0,WhatsApp,Transferencia,Completada,S004,Riomar,Barranquilla,Atlántico,E005,Daniel,Asesor
V10998,2025-12-25 17:30,C018,Mariana Navarro,Nuevo,P007,Cupcake vainilla,Cupcakes,Vainilla,1,8000,3800,0.0,8000.0,Tienda,Nequi,Completada,S001,CENTRO,Barranquilla,Atlántico,E005,Daniel,Asesor
V11066,2025-01-27 16:30,C027,carolina rojas,Recurrente,P003,Cheesecake frutos rojos,Tortas,Frutos rojos,4,48000,$26.000,0.0,192000.0,Tienda,Tarjeta,Completada,S002,Norte,Barranquilla,Atlántico,E001,Laura,Asesora
V10668,2025-02-07 16:10,C019,Felipe Ortiz,Recurrente,P011,Galleta chispas,Galletas,Chocolate,3,4500,1900,0.0,13500.0,Web,Efectivo,Cancelada,S004,Riomar,Barranquilla,Atlántico,E005,Daniel,Asesor
V10397,01-10-2025 09:30,C025,Lucia Ramirez,Nuevo,P002,Torta de vainilla,Tortas,Vainilla,1,38000,19500,0.0,38000.0,Tienda,Transferencia,Completada,S003,Soledad,Soledad,Atlántico,E006,Valentina,Asesora
V10195,2025/10/11 09:00,C024,Mateo Hernandez,Recurrente,P001,Torta de chocolate,Tortas,Chocolate,2,42000,22000,0.0,"84000,0",Tienda,Efectivo,Completada,S003,Soledad,Soledad,Atlántico,E004,Sofia,Asesora
V11036,2025-02-27 11:40,C023,Juliana Torres,Recurrente,P011,Galleta chispas,Galletas,Chocolate,1,4500,1900,0.0,4500.0,WhatsApp,Transferencia,Completada,S001,Centro,Barranquilla,Atlántico,E004,Sofia,Asesora
V10546,2025-05-04 17:45,C010,Camila Castro,Recurrente,P007,Cupcake vainilla,Cupcakes,Vainilla,6,8000,3800,0.0,48000.0,Ig,Tarjeta,Completada,S002,Norte,Barranquilla,Atlántico,E003,Mateo,Asesor
V10421,2025-07-05 16:20,C012, Paula Jimenez ,Recurrente,P015,Tarta de manzana,Tartas,Manzana,1,18000,9000,0.0,18000.0,Domicilio,Transferencia,Completada,S002,norte,Barranquilla,Atlántico,E003,Mateo,Asesor
V10819,2025-11-09 13:15,C025,Lucia Ramirez,Nuevo,P011,Galleta chispas,Galletas,Chocolate,1,4500,1900,0.0,4500.0,domicilio,transferencia,Completada,S001,,Barranquilla,Atlántico,E002,Camila,Asesora
V10378,2025-02-11 16:40,C011,Miguel Mendoza,RECURRENTE,P013,Croissant,Panadería,Tradicional,1,6500,2800,0.0,6500.0,Domicilio,Transferencia,Completada,S003,Soledad,Soledad,Atlántico,E003,Mateo,Asesor
V10211,2025-12-17 12:20,C003,Maria Gomez,Nuevo,P020,Caja regalo dulce,Combos,Regalo,1,52000,28500,0.0,52000.0,Tienda,Tarjeta,Cancelada,S001,Centro,Barranquilla,Atlántico,E001,Laura,Asesora
V10337,2025-10-18 19:15,C027,Carolina Rojas,Recurrente,P011,Galleta chispas,Galletas,Chocolate,2,4500,1900,0.0,9000.0,Tienda,Tarjeta,Completada,S001,Centro,Barranquilla,Atlántico,E005,Daniel,Asesor
V11021,2025-11-17 16:50,C012,Paula Jimenez,Nuevo,P006,Cupcake chocolate,Cupcakes,Chocolate,1,8500,4200,0.0,8500.0,Tienda,Nequi,Devuelta,S003,Soledad,Soledad,Atlántico,E005,Daniel,Asesor
V10689,2025-01-14 15:10,C010,Camila Castro,corporativo,P010,Brownie con nueces,Repostería,Nueces,8,8500,4000,0.2,54400.0,WhatsApp,Nequi,Completada,S002,Norte,Barranquilla,Atlántico,E002,Camila,Asesora
V10278,2025-06-16 16:40,C016,Isabella Romero,Recurrente,P005,Tres leches,Tortas,Leches,2,40000,21000,0.0,80000.0,Tienda,Transferencia,Cancelada,S003,Soledad,Soledad,Atlántico,E004,Sofia,Asesora
V11120,2025-08-08 19:40,C019,Felipe Ortiz,Recurrente,P009,Brownie clásico, Repostería ,Chocolate,10,7000,3200,0.0,70000.0,Domicilio,Nequi,Completado,S002,Norte,Barranquilla,Atlántico,E002,,Asesora
V10026,2025-10-19 16:50,C018,Mariana Navarro,Recurrente,P002,Torta de vainilla,tortas,Vainilla,1,38000,19500,0.0,38000.0,Tienda,Nequi,Completada,S002,Norte,Barranquilla,Atlántico,E006,Valentina,Asesora
V10596,2025-12-26 09:15,C011,Miguel Mendoza,Nuevo,P017,Macaron caja x6,Macarons,Variados,3,22000,11000,0.2,52800.0,Tienda ,Nequi,Completada,S003,Soledad,Soledad,Atlántico,E002,Camila,Asesora
V10428,2025-05-16 12:50,C014,Sara Moreno,Recurrente,P006,Cupcake chocolate,Cupcakes,Chocolate,1,8500,4200,0.2,6800.0,Domicilio,Nequi,Completada,S002,Norte,Barranquilla,Atlántico,E003,Mateo,Asesor
V10713,2025-06-06 12:10,C025,Lucia Ramirez,Nuevo,P011,Galleta chispas,Galletas,Chocolate,1,4500,1900,0.1,4050.0,WhatsApp,Transferencia,Completada,S002,Norte,Barranquilla,Atlántico,E002,Camila,Asesora
V10248,2025-09-20 19:50,C006,Sofia Ramirez,Nuevo,P011,Galleta chispas,Galletas,Chocolate,4,4500,1900,0.0,18000.0,En tienda,Tarjeta, completada ,S001,Centro,Barranquilla,Atlántico,E006,Valentina,Asesora
V11081,2025-05-13 15:10,C019,Felipe Ortiz,Recurrente,P015,Tarta de manzana,Tartas,Manzana,2,18000,$9.000,0.0,36000.0,WhatsApp,Daviplata,Completada,S002,Norte,Barranquilla,Atlántico,E003,Mateo,Asesor
V10561,2025-12-05 10:15,C027,Carolina Rojas,CORPORATIVO,P008,Cupcake red velvet,Cupcakes,Red velvet,6,9500,4800,0.0,57000.0,Instagram,Daviplata,Completada,S004,Riomar,Barranquilla,Atlántico,E005,Daniel,Asesor
V10311,2025-03-22 18:00,C022,Alejandro Gomez,Nuevo,P012,Galleta avena,Galletas,Avena,2,4000,1700,0.0,8000.0,Tienda,DaviPlata,Completada,S001,Centro,Barranquilla,Atlántico,E005,Daniel,Asesor
V11098,2025-02-05 13:40,C013,Nicolas Vargas,Nuevo,P006,Cupcake chocolate,Cupcakes,Chocolate,2,8500,4200,0.0,17000.0,WhatsApp,Efectivo,Devuelta,S003,Soledad,Soledad,Atlántico,E003,Mateo,Asesor
V10801,2025/08/16 17:50,C009,Daniel Rojas,Recurrente,P006,Cupcake chocolate,Cupcakes,Chocolate,1,8500,4200,0.2,6800.0,Tienda,Tarjeta,Completada,S001,CENTRO,Barranquilla,Atlántico,E002,Camila,Asesora
V10185,2025-07-30 17:00,C016,Isabella Romero,Nuevo,P010,Brownie con nueces,Repostería,Nueces,1,8500,4000,0.0,8500.0,Tienda,Tarjeta,Completada,S004,Riomar,Barranquilla,Atlántico,E004,Sofia,Asesora
V11109,2025-02-07 13:00,C012,Paula Jimenez,Recurrente,P009,Brownie clásico,Repostería,Chocolate,1,7000,3200,0.0,7000.0,WhatsApp,Nequi,Completada,S002,Norte,Barranquilla,Atlántico,E001,Laura,Asesora
V11035,2025-04-22 18:00,C006,Sofia Ramirez,Recurrente,P011,Galleta chispas,Galletas,Chocolate,3,4500,1900,0.0,13500.0,Tienda,Efectivo,Completada,S004, Rio Mar,Barranquilla,Atlántico,E006,Valentina,Asesora
V10131,2025-08-02 18:45,C010,Camila Castro,Nuevo,P011,Galleta chispas,Galletas,Chocolate,3,4500,1900,0.0,13500.0,WhatsApp,Nequi,Completada,S002,Norte,Barranquilla,Atlántico,E004,Sofia,Asesora
V10921,07/12/2025 17:45,C005,Laura Hernandez,Recurrente,P014,Roll de canela,Panadería,Canela,4,7500,3100,0.0,30000.0,Instagram,Nequi,Completada,S002,Norte,Barranquilla,Atlántico,E004,Sofia,Asesora
V10403,2025-07-24 15:15,C022,Alejandro Gomez,Recurrente,P010,Brownie con nueces,Repostería,Nueces,1,8500,4000,0.0,8500.0,WhatsApp,Tarjeta,Completada,S002,norte,Barranquilla,Atlántico,E001,Laura,Asesora
V10913,2025-08-27 15:50,C017,Sebastian Ruiz,Nuevo,P002,Torta de vainilla,Tortas,Vainilla,2,38000,19500,0.0,76000.0,Web,Nequi,Completada,S004,Riomar,Barranquilla,Atlántico,E002,Camila,Asesora
V10422,10/10/2025 13:20,C021,Natalia Perez,Corporativo,P002,Torta de vainilla,Tortas,Vainilla,3,38000,19500,0.15,96900.0,WhatsApp,Tarjeta,Completada,S002,Norte,Barranquilla,Atlántico,E003,Mateo,Asesor
V11180,2025-12-11 15:45,C019,Felipe Ortiz,Recurrente,P015,Tarta de manzana,Tartas,Manzana,1,18000,9000,0.05,17100.0,,Efectivo,Completada,S003,Soledad,Soledad,Atlántico,E003,Mateo,Asesor
V10155,2025-05-05 14:00,C018,Mariana Navarro,Nuevo,P016,Tarta de limón,Tartas,Limón,2,18000,8800,0.0,36000.0,Domicilio,Tarjeta,Completada,S002,Norte,Barranquilla,Atlántico,E006,Valentina,Asesora
V10438,2025-10-19 13:45,C028,Tomas Castro,Nuevo,P020,Caja regalo dulce,Combos,Regalo,2,52000,28500,0.2,83200.0,Tienda,Efectivo,Completada,S001,Centro,Barranquilla,Atlántico,E001,Laura,Asesora
V10054,2025-01-15 11:10,C020,Gabriela Silva,Recurrente,P008,Cupcake red velvet,Cupcakes,Red velvet,3,9500,4800,0.0,28500.0,Tienda,Efectivo,Completada,S004,RIOMAR,Barranquilla,Atlántico,E006,Valentina,Asesora
V10618,2025-12-04 14:20,C003,Maria Gomez,Corporativo,P016,Tarta de limón,Tartas,Limón,3,18000,8800,0.1,48600.0,Tienda,Daviplata,Completada,S001,Centro,Barranquilla,Atlántico,E004,Sofia,Asesora
V10774,2025-03-03 20:40,C014,Sara Moreno,Nuevo,P014,Roll de canela,Panadería,Canela,2,7500,3100,0.0,15000.0,En tienda,Transferencia,Completada,S003,Soledad,Soledad,Atlántico,E005,Daniel,Asesor
V10823,2025-03-21 16:10,C019,,Nuevo,P013,Croissant,Panadería,Tradicional,2,6500,2800,0.0,13000.0,Domicilio,Nequi,Completada,S002,Norte,Barranquilla,Atlántico,E003,Mateo,Asesor
V10442,2025-09-20 08:50,C014,Sara Moreno,Nuevo,P006,Cupcake chocolate,Cupcakes,Chocolate,2,8500,4200,0.0,17000.0,Web,Nequi,Completada,S001,centro,Barranquilla,Atlántico,E002,Camila,Asesora
V10251,2025-12-31 15:10,C014,Sara Moreno,Nuevo,P006,Cupcake chocolate,Cupcakes,Chocolate,1,8500,4200,0.0,8500.0,Instagram,Tarjeta,Completada,S003,Soledad,Soledad,Atlántico,E002,Camila,Asesora
V10688,2025-01-24 11:15,C030,Samuel Jimenez,Nuevo,P009,Brownie clásico,Repostería,Chocolate,2,7000,3200,0.0,14000.0,WhatsApp,Transferencia,Completada,S001,Centro,Barranquilla,Atlántico,E006,Valentina,Asesora
V10511,2025-07-15 15:20,C006,Sofia Ramirez,Nuevo,P006,Cupcake chocolate,Cupcakes,Chocolate,1,8500,4200,0.1,7650.0,Domicilio,Efectivo,Completada,S002, Norte ,Barranquilla,Atlántico,E002,Camila,Asesora
V10728,2025-08-11 15:20,C026,Ricardo Diaz,Recurrente,P001,Torta de chocolate,TORTAS,Chocolate,1,42000,22000,0.0,42000.0,Tienda,Daviplata,COMPLETADA,S002,Norte,Barranquilla,Atlántico,E003,Mateo,Asesor
V10177,2025-03-02 15:00,C001,Ana Rodriguez,Nuevo,P012,Galleta avena,Galletas,Avena,1,4000,1700,0.0,4000.0,WhatsApp,Tarjeta,Completada,S003,soledad,Soledad,Atlántico,E004,Sofia,Asesora
V10970,2025-07-14 15:50,C026,Ricardo Diaz,Recurrente,P007,Cupcake vainilla,Cupcakes,Vainilla,2,8000,3800,0.1,14400.0,Web,Tarjeta,completada,S003,soledad,Soledad,Atlántico,E005,Daniel,Asesor
V11162,2025-07-08 18:45,C015,Diego Suarez,Nuevo,P010,Brownie con nueces,Repostería,Nueces,5,8500,4000,0.0,42500.0,Tienda,Tarjeta,Cancelada,S003,Soledad,Soledad,Atlántico,E005,Daniel,Asesor
V11186,2025-07-25 16:00,C015,Diego Suarez,Recurrente,P011,Galleta chispas,Galletas,Chocolate,5,4500,1900,0.0,22500.0,Domicilio,Efectivo,Completada,S002,Norte,Barranquilla,Atlántico,E003,Mateo,Asesor
V10312,2025-05-24 13:20,C011,Miguel Mendoza,Recurrente,P011,Galleta chispas,Galletas,Chocolate,2,4500,1900,0.0,9000.0,Tienda,Tarjeta,Completada,S001,Centro,Barranquilla,Atlántico,E005,Daniel,Asesor
V10878,2025-08-30 14:50,C012,Paula Jimenez,Recurrente,P008,Cupcake red velvet,Cupcakes,Red velvet,1,9500,4800,0.0,$9.500,WhatsApp,Efectivo,Completada,S002,Norte,Barranquilla,Atlántico,E003,Mateo,Asesor
V11069,2025-06-05 14:40,C006,Sofia Ramirez,Recurrente,P011,Galleta chispas,Galletas,Chocolate,2,4500,1900,0.0,9000.0,Domicilio,Tarjeta,Completada,S002,NORTE,Barranquilla,Atlántico,E004,Sofia,Asesora
V10289,2025-01-07 11:20,C025,Lucia Ramirez,Recurrente,P002,Torta de vainilla,Tortas,Vainilla,1,38000,19500,0.0,38000.0,Domicilio,Tarjeta,Completada,S001,Centro,Barranquilla,Atlántico,E004,Sofia,Asesora
V10929,2025-04-25 09:50,C010,Camila Castro,Recurrente,P008,Cupcake red velvet,Cupcakes,Red velvet,4,9500,4800,0.0,38000.0,Web,TRANSFERENCIA,Completado,S002,Norte,Barranquilla,Atlántico,E002,Camila,Asesora
V11193,2025-07-21 19:10,C017,,Recurrente,P012,Galleta avena,Galletas,Avena,1,4000,$1.700,0.0,4000.0,Tienda,,Completada,S004,RIOMAR,Barranquilla,Atlántico,E005,,Asesor
V11006,2025-03-08 09:15,C012,Paula Jimenez,Nuevo,P014,Roll de canela,panaderia,Canela,3,7500,3100,0.0,22500.0,Web,Transferencia,Completada,S002,Norte,Barranquilla,Atlántico,E005,Daniel,Asesor
V10678,2025-01-30 13:15,C003,Maria Gomez,Nuevo,P009,Brownie clásico,Repostería,Chocolate,2,7000,3200,0.15,11900.0,Tienda,Efectivo,Completada,S002,Norte,Barranquilla,Atlántico,E002,Camila,Asesora
V11257,2025-06-13 11:30,C012,Paula Jimenez,Nuevo,P013,Croissant,Panadería,Tradicional,3,6500,2800,0.0,19500.0,Domicilio,Nequi,completada,S003,Soledad,Soledad,Atlántico,E002,Camila,Asesora
V10564,2025-09-07 11:50,C001,Ana Rodriguez,Recurrente,P014,Roll de canela,Panadería,Canela,1,7500,3100,0.0,7500.0,Tienda,Efectivo,Completada,S001,Centro,Barranquilla,Atlántico,E002,Camila,Asesora
V10853,2025-06-26 17:45,C017,SEBASTIAN RUIZ,Nuevo,P019,Caja desayuno,Combos,Desayuno,4,32000,17000,0.05,121600.0,Instagram,Tarjeta,Completada,S003,Soledad,Soledad,Atlántico,E001,Laura,Asesora
V10997,2025-04-08 19:45,C027,Carolina Rojas,Recurrente ,P001,Torta de chocolate,Tortas,Chocolate,3,42000,22000,0.0,126000.0,tienda,Efectivo,Completada,S001,Centro,Barranquilla,Atlántico,E005,Daniel,Asesor
V10321,2025-03-16 19:00,C023,Juliana Torres,Nuevo,P008,Cupcake red velvet,Cupcakes,Red velvet,1,9500,4800,0.0,9500.0,Web,DAVIPLATA,Completada,S001,Centro,Barranquilla,Atlántico,E005,Daniel,Asesor
V10667,2025/01/23 19:20,C020,Gabriela Silva,Recurrente,P017,Macaron caja x6,Macarons,Variados,1,22000,11000,0.0,22000.0,Tienda,transferencia,Completada,S002,Norte,Barranquilla,Atlántico,E004,Sofia,Asesora
V10835,2025-05-06 16:15,C010,Camila Castro,Recurrente,P009,Brownie clásico,Repostería,Chocolate,1,7000,3200,0.0,7000.0,Domicilio,Efectivo,Completada,S002,Norte,Barranquilla,Atlántico,E006,Valentina,Asesora
V10511,06-22-2025 14:10,C022,Alejandro Gomez,Recurrente ,P006,Cupcake chocolate,Cupcakes,Chocolate, 1 ,8500,4200,0.0,8500.0,Domicilio,Nequi,Completada,S004,riomar,Barranquilla,Atlántico,E003,Mateo,Asesor
V10520,2025-09-04 17:00,C012,Paula Jimenez,Nuevo,P016,Tarta de limón,Tartas,Limón,1,18000,8800,,18000.0,WhatsApp,Transferencia,Completada,S001,Centro,Barranquilla,Atlántico,E004,Sofia,Asesora
V11099,2025-05-15 17:10,C027,Carolina Rojas,Recurrente,P014,ROLL DE CANELA,Panadería,Canela,3,7500,3100,0.0,22500.0,Domicilio,Nequi ,Completada,S002,Norte,Barranquilla,Atlántico,E001,Laura,Asesora
V11177,2025-01-07 17:50,C003,Maria Gomez,Nuevo,P010,Brownie con nueces,Repostería,Nueces,1,8500,4000,0.0,8500.0,WhatsApp,Efectivo,Completada,S004,Riomar,Barranquilla,Atlántico,E006,Valentina,Asesora
V10223,2025-02-17 16:15,C011,Miguel Mendoza,Nuevo,P012,Galleta avena,Galletas,Avena,1,4000,1700,0.0,4000.0,Domicilio,Tarjeta,Completada,S002,Norte,Barranquilla,Atlántico,E001,Laura,Asesora
V11052,2025-10-17 15:40,C012,Paula Jimenez,Recurrente,P011,Galleta chispas,Galleta,Chocolate,2,4500,1900,0.0,9000.0,Tienda,Tarjeta,Completada,S002,NORTE,Barranquilla,Atlántico,E002,Camila,Asesora
V10765,2025-04-14 18:00,C002,Carlos Perez,Nuevo,P009,Brownie clásico,Repostería,Chocolate,1,7000,3200,0.0,7000.0,tienda,Efectivo, completada ,S002,Norte,Barranquilla,Atlántico,E004,Sofia,Asesora
V11065,2025-10-19 12:20,C020,Gabriela Silva,Nuevo,P001,Torta de chocolate,Tortas,Chocolate,1,42000,22000,0.2,33600.0,Web,Daviplata,Completada,S004,Riomar,Barranquilla,Atlántico,E004,Sofia,Asesora
V10188,2025-01-12 14:10,C023,Juliana Torres,Recurrente,P007,Cupcake vainilla,Cupcakes,Vainilla,3,8000,3800,,24000.0,Domicilio,Nequi,Completada,S001,Centro,Barranquilla,Atlántico,E003,Mateo,Asesor
V11136,2025-09-02 10:10,C002,Carlos Perez,Nuevo,P007,Cupcake vainilla,Cupcakes,Vainilla,1,8000,3800,0.0,8000.0,tienda,Efectivo,CANCELADA,S001,Centro,Barranquilla,Atlántico,E003,Mateo,Asesor
V11085,2025-08-04 13:15,C014,Sara Moreno,Corporativo,P003,Cheesecake frutos rojos,Tortas,Frutos rojos,3,48000,26000,0.15,122400.0,WhatsApp,Tarjeta,Completada,S002,,Barranquilla,Atlántico,E003,Mateo,Asesor
V11244,2025-02-14 17:15,C015,Diego Suarez,Recurrente,P014,Roll de canela,Panadería,Canela,5,7500,3100,0.0,37500.0,Instagram,Tarjeta,Devuelta,S003,Soledad,Soledad,Atlántico,E005,Daniel,Asesor
V10773,2025-07-26 13:40,C014,Sara Moreno,Nuevo,P001,TORTA DE CHOCOLATE, Tortas ,Chocolate,3,42000,22000,0.1,113400.0,Delivery,Nequi,Completada,S001,Centro,Barranquilla,Atlántico,E001,Laura,Asesora
V10901,2025-02-05 10:10,C018,Mariana Navarro,Recurrente,P010,Brownie con nueces,,Nueces,1,8500,4000,0.0,8500.0,,nequi , completada ,S001,Centro,Barranquilla,Atlántico,E003,Mateo,Asesor
V10168,2025-02-18 14:15,C016,,Nuevo,P001,Torta de chocolate,torta,Chocolate,2,42000,22000,0.15,71400.0,WhatsApp,Transferencia,Completada,S001,Centro,Barranquilla,Atlántico,E004,Sofia,Asesora
V10872,2025-10-23 19:20,C022,Alejandro Gomez,Nuevo,P014,Roll de canela,Panadería,Canela,3,7500,3100,0.0,$22.500,Tienda,Tarjeta,Completada,S004,Riomar,Barranquilla,Atlántico,E002,Camila,Asesora
V10369,2025-08-03 14:20,C008,Valentina Diaz,Nuevo,P011,Galleta chispas,Galleta,Chocolate,8,4500,1900,0.0,36000.0,Domicilio,Transferencia,Devuelta,S001,Centro,Barranquilla,Atlántico,E003,Mateo,Asesor
V10338,2025-05-25 14:45,C020,Gabriela Silva,Recurrente ,P009,Brownie clásico, Repostería ,Chocolate,2,7000,3200,0.05,13300.0,WhatsApp,Nequi,Completado,S003,Soledad,Soledad,Atlántico,E002,Camila,Asesora
V10049,2025-08-28 15:00,C023,Juliana Torres, Nuevo ,P002,Torta de vainilla,Tortas,Vainilla,1,38000,19500,0.0,38000.0,WhatsApp,Transferencia,COMPLETADA,S003,Soledad,Soledad,Atlántico,E001,Laura,Asesora
V10929,2025-07-29 14:45,C021,Natalia Perez,Recurrente,P018,Macaron caja x12,Macarons,Variados,2,40000,19500,0.0,80000.0,Web,Tarjeta,Completada,S001,Centro,Barranquilla,Atlántico,E002,Camila,Asesora
V10908,2025-08-12 14:20,C008,Valentina Diaz,Nuevo,P010,Brownie con nueces,Repostería,Nueces,5,8500,4000,0.1,38250.0,Tienda,Tarjeta,Completada,S001,Centro,Barranquilla,Atlántico,E001,Laura,Asesora
V10591,08-03-2025 16:20,C018,Mariana Navarro,Recurrente,P013,Croissant,Panadería,Tradicional,2,6500,2800,0.0,13000.0,Domicilio,Tarjeta,Completada,S002,Norte,Barranquilla,Atlántico,E006,Valentina,Asesora
V10651,2025-12-24 15:50,C019,Felipe Ortiz,Nuevo,P011,Galleta chispas,Galletas,Chocolate,2,4500,1900,0.0,9000.0,WhatsApp,Efectivo,Completada,S002,Norte,Barranquilla,Atlántico,E003,Mateo,Asesor
V11030,2025-12-31 13:15,C010,Camila Castro,Nuevo,P013,Croissant,Panadería,Tradicional,1,6500,2800,0.0,6500.0,Domicilio,Daviplata,Completada,S004,Riomar,Barranquilla,Atlántico,E001,Laura,Asesora
V10649,2025-08-15 11:15,C017,Sebastian Ruiz,Corporativo,P006,Cupcake chocolate,Cupcakes,Chocolate,8,8500,4200,0.2,54400.0,Tienda,Transferencia,Completada,S003,Soledad,Soledad,Atlántico,E005,Daniel,Asesor
V11049,2025-11-08 12:10,C005,Laura Hernandez,Nuevo,P002,Torta de vainilla,Tortas,Vainilla,2,38000,19500,0.2,60800.0,Web,Efectivo,Completada,S004,Riomar,Barranquilla,Atlántico,E005,Daniel,Asesor
V10878,2025-03-15 11:15,C023,Juliana Torres,Corporativo,P019,Caja desayuno,Combos,Desayuno,8,32000,$17.000,0.0,256000.0,Tienda,Tarjeta,Completada,S004,Riomar,Barranquilla,Atlántico,E006,Valentina,Asesora
V10754,2025-11-09 15:20,C019,FELIPE ORTIZ,Recurrente,P011,Galleta chispas,Galletas,Chocolate,2,4500,1900,0.0,9000.0,Domicilio,Efectivo,Completada,S001,Centro,Barranquilla,Atlántico,E002,Camila,Asesora
V10506,2025-10-19 12:50,C023,Juliana Torres,Corporativo,P017,Macaron caja x6,Macarons,Variados,4,22000,11000,0.0,88000.0,Tienda,Transferencia,Completada,S001,Centro,Barranquilla,Atlántico,E004,Sofia,Asesora
V10914,19/01/2025 12:15,C020,Gabriela Silva,Corporativo,P019,Caja desayuno,Combos,Desayuno,4,32000,17000,0.15,108800.0,Instagram,Tarjeta,Completada,S001,Centro,Barranquilla,Atlántico,E004,Sofia,Asesora
V11001,2025-10-30 10:20,C018,Mariana Navarro,Recurrente,P012,Galleta avena,Galletas,Avena, 2 ,4000,1700,0.0,8000.0,Tienda,Nequi,Completada,S003,Soledad,Soledad,Atlántico,E001,,Asesora
V10743,2025-07-25 13:30,C024,Mateo Hernandez,Nuevo,P014,Roll de canela,Panadería,Canela,2,7500,3100,0.0,15000.0,DOMICILIO,Nequi,Completada,S001,Centro,Barranquilla,Atlántico,E005,Daniel,Asesor
V10636,2025-08-21 17:20,C028,Tomas Castro,Recurrente,P001,Torta de chocolate,Tortas,Chocolate,5,42000,22000,0.0,210000.0,Tienda,Tarjeta,Completada,S003,Soledad,Soledad,Atlántico,E001,Laura,Asesora
V10186,03/07/2025 14:15,C008,Valentina Diaz,corporativo,P010,Brownie con nueces,Repostería,Nueces,4,8500,4000,0.1,30600.0,Tienda,Nequi,Completada,S003,Soledad,Soledad,Atlántico,E002,Camila,Asesora
V10434,2025-03-09 13:30,C023,,Recurrente,P009,Brownie clásico,Repostería,Chocolate,1,7000,3200,0.15,5950.0,Tienda,Efectivo,Completada,S001, Centro ,Barranquilla,Atlántico,E005,Daniel,Asesor
V10157,2025-11-02 13:15,C013,Nicolas Vargas,Nuevo,P013,Croissant,Panadería,Tradicional,2,6500,2800,0.0,13000.0,whatsapp,Daviplata,Completada,S001,centro,Barranquilla,Atlántico,E003,Mateo,Asesor
V10598,2025-03-09 15:15,C012,Paula Jimenez,Recurrente,P002,Torta de vainilla,Tortas,Vainilla,6,38000,19500,0.0,228000.0,Tienda,Nequi,Completado,S002,Norte,Barranquilla,Atlántico,E005,Daniel,Asesor
V11084,2025-01-04 12:40,C018,Mariana Navarro,Nuevo,P013,Croissant,Panadería,Tradicional,2,6500,2800,0.0,13000.0,WhatsApp,Tarjeta,Devolución,S003,Soledad,Soledad,Atlántico,E004,Sofia,Asesora
V10071,12-02-2025 11:40,C016,Isabella Romero,Recurrente,P011,Galleta chispas,Galletas,Chocolate,6,4500,1900,0.2,21600.0,Tienda,Nequi,cancelada,S001,Centro,Barranquilla,Atlántico,E005,Daniel,Asesor
V11212,2025-06-01 11:20,C006,Sofia Ramirez,Nuevo,P008,Cupcake red velvet,,Red velvet,1,9500,4800,0.0,9500.0,Tienda,Tarjeta,Completado,S003,Soledad,Soledad,Atlántico,E006,Valentina,Asesora
V10494,2025-07-22 15:20,C014,Sara Moreno,Recurrente,P007,Cupcake vainilla,Cupcakes,Vainilla,2,8000,3800,0.0,16000.0,Domicilio,Tarjeta,Completada,S001,Centro,Barranquilla,Atlántico,E005,Daniel,Asesor
V10993,2025-04-09 17:15,C013,Nicolas Vargas,RECURRENTE,P007,Cupcake vainilla,Cupcakes,Vainilla, 1 ,8000,3800,0.0,8000.0,WEB,Tarjeta,Completada,S003,Soledad,Soledad,Atlántico,E004,Sofia,Asesora
V10093,2025-09-22 17:40,C010,Camila Castro,Nuevo,P005,Tres leches,Tortas,Leches,1,40000,21000,0.0,40000.0,WHATSAPP,transferencia,COMPLETADA,S004,Riomar,Barranquilla,Atlántico,E001,Laura,Asesora
V11105,2025-05-05 11:40,C003,Maria Gomez,Recurrente,P012,Galleta avena,Galletas,Avena,3,4000,1700,0.0,12000.0,Web,Tarjeta,Completada,S003,Soledad,Soledad,Atlántico,E003,Mateo,Asesor
V10733,2025-03-13 08:15,C011,Miguel Mendoza,recurrente,P006,Cupcake chocolate,Cupcakes,Chocolate,1,8500,4200,0.15,7225.0,Tienda,Nequi,Completada,S001,Centro,Barranquilla,Atlántico,E002,Camila,Asesora
V11097,2025-07-17 18:10,C026,Ricardo Diaz,Corporativo,P008,Cupcake red velvet,cupcakes,Red velvet,4,9500,4800,0.15,32300.0,Tienda,Nequi,Completada,S002,Norte,,Atlántico,E005,Daniel,Asesor
V10351,2025-05-13 16:30,C003,Maria Gomez,Nuevo,P002,Torta de vainilla,Tortas,Vainilla,3,38000,19500,0.0,114000.0,Web,Efectivo,Completada,S001,Centro,Barranquilla,Atlántico,E002,Camila,Asesora
V11095,2025-05-05 12:10,C021,Natalia Perez,Recurrente,P006,Cupcake chocolate,Cupcakes,Chocolate,3,8500,4200,0.0,25500.0,WhatsApp,Efectivo,Completada,S003,Soledad,Soledad,Atlántico,E004,Sofia,Asesora
V10655,2025-03-16 13:10,C006,Sofia Ramirez,Nuevo,P009,Brownie clásico,Repostería,Chocolate,3,7000,3200,0.0,21000.0,Tienda,Transferencia,completada,S003,Soledad,Soledad,Atlántico,E005,Daniel,Asesor
V10720,2025-09-03 15:50,C023,Juliana Torres,Recurrente,P011,Galleta chispas,Galletas,Chocolate,1,4500,1900,0.2,3600.0,Tienda,Transferencia,Devuelta,S002,Norte,Barranquilla,Atlántico,E006,Valentina,Asesora
V10252,2025-11-27 18:00,C027,Carolina Rojas,Nuevo,P009,Brownie clásico,Repostería,Chocolate,4,7000,3200,0.0,28000.0,Domicilio,Tarjeta,Completada,S002,Norte,Barranquilla,Atlántico,E005,Daniel,Asesor
V11156,2025-08-12 13:10,C016,Isabella Romero,Corporativo,P013,Croissant,Panadería,Tradicional,8,6500,2800,0.0,52000.0,Domicilio,Transferencia,Completada,S002,Norte,,Atlántico,E002,Camila,Asesora
V10542,2025-06-13 14:40,C023,Juliana Torres, Nuevo ,P009,Brownie clásico,Repostería,Chocolate,10,7000,3200,0.0,70000.0,Web,Transferencia,Completada,S002,Norte,Barranquilla,Atlántico,E002,Camila,Asesora
V10481,2025-07-20 12:40,C003,Maria Gomez,Recurrente,P012,Galleta avena,Galletas,Avena,3,4000,1700,0.0,12000.0,Domicilio,Tarjeta,Cancelada,S001,Centro,Barranquilla,Atlántico,E003,Mateo,Asesor
V10859,2025-08-19 17:50,C007,Andres Torres,Recurrente,P003,Cheesecake frutos rojos,Tortas,Frutos rojos,1,48000,26000,0.1,43200.0,Tienda,Nequi,Completada,S002,Norte,Barranquilla,Atlántico,E005,Daniel,Asesor
V10960,2025-04-21 14:50,C029,Manuela Mendoza,Nuevo,P005,Tres leches,Tortas,Leches,1,40000,21000,0.0,40000.0,Instagram,Daviplata,Completada,S003,Soledad,Soledad,Atlántico,E005,Daniel,Asesor
V10310,2025-09-06 13:50,C018,Mariana Navarro,Nuevo,P004,Red velvet,Tortas,Red velvet,1,45000,24000,0.0,45000.0,Domicilio,Transferencia,Completada,S004,,Barranquilla,Atlántico,E004,Sofia,Asesora
V10630,2025-11-27 13:00,C016,Isabella Romero,Nuevo,P011,Galleta chispas,Galletas,Chocolate,3,4500,1900,0.0,13500.0,Web,Tarjeta,Completada,S001,Centro,Barranquilla,Atlántico,E004,Sofia,Asesora
V11160,2025-03-22 16:50,C027, Carolina Rojas ,Nuevo,P013,Croissant,Panadería,Tradicional, 3 ,6500,2800,0.0,19500.0,Domicilio,Tarjeta,Completada,S004,Riomar,Barranquilla,Atlántico,E002,Camila,Asesora
V11189,2025-05-27 13:45,C026,Ricardo Diaz,Nuevo,P019,Caja desayuno,Combos,Desayuno,1,32000,17000,0.0,32000.0,Página web,Efectivo,Completada,S003,Soledad,Soledad,Atlántico,E003,Mateo,Asesor
V10380,2025-04-26 11:30,C029,Manuela Mendoza,Nuevo,P019,Caja desayuno,Combos,Desayuno,2,32000,17000,0.0,64000.0,Tienda,Efectivo,Completada,S002,Norte,Barranquilla,Atlántico,E004,Sofia,Asesora
V10632,2025-06-15 19:00,C024,Mateo Hernandez,Nuevo,P014,Roll de canela,Panadería,Canela,1,7500,3100,0.0,7500.0,Tienda,Daviplata,Completada,S004,Riomar,Barranquilla,Atlántico,E003,Mateo,Asesor
V11226,2025-07-30 13:50,C010,Camila Castro,Nuevo,P012,Galleta avena,Galleta,Avena,2,4000,1700,0.0,8000.0,Instagram,Transferencia,Completada,S002,Norte,Barranquilla,Atlántico,E003,Mateo,Asesor
V10454,2025-11-28 14:15,C027,Carolina Rojas,Nuevo,P015,Tarta de manzana,Tartas,Manzana,4,18000,9000,0.0,72000.0,WhatsApp,Tarjeta,Completada,S002,Norte,Barranquilla,Atlántico,E001,Laura,Asesora
V10409,2025-06-24 18:10,C014,Sara Moreno,Nuevo,P012,Galleta avena,Galletas,Avena,1,4000,1700,0.0,4000.0,Tienda,Transferencia,Completada,S002,Norte,Barranquilla,Atlántico,E003,Mateo,Asesor
V11139,2025-11-28 15:45,C024,Mateo Hernandez,RECURRENTE,P011,Galleta chispas,Galletas,Chocolate,1,4500,1900,0.2,$3.600,Domicilio,Transferencia,Completada,S003,SOLEDAD,Soledad,Atlántico,E001,Laura,Asesora
V10556,2025-12-14 16:15,C018,Mariana Navarro,Recurrente,P002,Torta de vainilla,Tortas,Vainilla,4,38000,19500,0.0,152000.0,WhatsApp,Transferencia,Completada,S004,Riomar,Barranquilla,Atlántico,E004,Sofia,Asesora
V10610,2025-06-30 15:45,C014,Sara Moreno,Recurrente,P008,Cupcake red velvet,Cupcakes,Red velvet,3,9500,4800,0.0,28500.0,Tienda,Tarjeta,Completada,S004,Riomar,Barranquilla,Atlántico,E003,Mateo,Asesor
V11059,2025-12-10 14:15,C025,Lucia Ramirez,Nuevo,P012,Galleta avena,Galletas,Avena,1,4000,$1.700,0.0,4000.0,Domicilio,Daviplata,Completada,S004,Riomar,Barranquilla,Atlántico,E001,Laura,Asesora
V10808,2025-04-06 13:10,C007,andres torres,Nuevo,P011,Galleta chispas,Galletas,Chocolate,3,4500,1900,0.0,13500.0,Tienda,Nequi ,Completada,S003,Soledad,Soledad,Atlántico,E002,Camila,Asesora
V11220,2025-02-12 11:45,C021,Natalia Perez,Nuevo,P009,Brownie clásico,Repostería,Chocolate,2,7000,3200,0.0,14000.0,WhatsApp,nequi ,Completada,S002,Norte,Barranquilla,Atlántico,E005,Daniel,Asesor
V10205,06-03-2025 17:40,C015,Diego Suarez,Recurrente ,P005,Tres leches,Tortas,Leches,1,40000,21000,0.2,32000.0,Web,Transferencia,Completada,S004,Riomar,Barranquilla,Atlántico,E001,Laura,Asesora
V10262,2025-11-29 15:10,C014,Sara Moreno,Nuevo,P012,Galleta avena,Galletas,Avena,1,4000,1700,,"4000,0",WhatsApp,Tarjeta,Completada,S002,Norte,Barranquilla,Atlántico,E004,Sofia,Asesora
V10945,2025-05-13 14:00,C005,Laura Hernandez,Nuevo,P014,Roll de canela,Panadería,Canela,4,7500,3100,0.0,30000.0,Domicilio,Daviplata,COMPLETADA,S004,RIOMAR,Barranquilla,Atlántico,E003,Mateo,Asesor
V10379,2025-06-05 13:15,C029,Manuela Mendoza,Recurrente,P006,Cupcake chocolate,Cupcakes,Chocolate,1,8500,4200,0.0,8500.0,Tienda,Transferencia,Completada,S002,Norte,Barranquilla,Atlántico,E005,Daniel,Asesor
V10500,2025-10-13 14:45,C005,Laura Hernandez,Recurrente,P008,Cupcake red velvet,CUPCAKES,Red velvet,1,9500,4800,0.0,9500.0,domicilio,Efectivo,Completada,S001,Centro,Barranquilla,Atlántico,E006,Valentina,Asesora
V10602,2025-07-12 17:10,C013,nicolas vargas,Recurrente,P014,Roll de canela, Panadería ,Canela,1,7500,3100,0.0,7500.0,Domicilio,Transferencia,Completada,S001,Centro,Barranquilla,Atlántico,E001,Laura,Asesora
V10485,2025-11-03 17:50,C020,Gabriela Silva,Nuevo,P005,Tres leches,Tortas,Leches,1,40000,21000,0.0,40000.0,Web,Nequi,Completada,S003,Soledad,Soledad,Atlántico,E005,Daniel,Asesor
V10772,2025-05-15 15:45,C028,Tomas Castro,Recurrente ,P009,Brownie clásico,Repostería,Chocolate,1,7000,3200,0.0,7000.0,Tienda,Nequi,Completada,S002,norte,Barranquilla,Atlántico,E001,Laura,Asesora
V11246,2025-11-30 14:40,C009,Daniel Rojas,Recurrente,P001,Torta de chocolate,Tortas,Chocolate,2,42000,22000,0.0,84000.0,WhatsApp,Transferencia,Completado,S002,Norte,Barranquilla,Atlántico,E004,Sofia,Asesora
V10575,08/02/2025 15:30,C020,Gabriela Silva,Nuevo,P010,Brownie con nueces,Repostería,Nueces,3,8500,4000,0.0,25500.0,Domicilio,Tarjeta,Completada,S004, Rio Mar,Barranquilla,Atlántico,E005,Daniel,Asesor
V10068,2025-11-26 13:40,C002,Carlos Perez,Corporativo,P013,Croissant,Panadería,Tradicional,8,6500,2800,0.1,46800.0,Instagram,Transferencia,Completada,S004,Riomar,Barranquilla,Atlántico,E004,Sofia,Asesora
V10916,2025-04-15 18:10,C014,Sara Moreno,Corporativo,P017,Macaron caja x6,Macarons,Variados,4,22000,11000,0.15,$74.800,Domicilio,Daviplata,Completado,S002,Norte,Barranquilla,Atlántico,E005,Daniel,Asesor
V11223,2025-12-05 14:45,C024,Mateo Hernandez,Recurrente,P007,Cupcake vainilla,Cupcakes,Vainilla,10,8000,3800,0.0,80000.0,Domicilio,Tarjeta,completada,S002,Norte,Barranquilla,Atlántico,E002,Camila,Asesora
V10296,2025-09-27 14:10,C019,Felipe Ortiz,Recurrente,P009,Brownie clásico,Repostería,Chocolate,1,7000,3200,0.15,5950.0,Web,Tarjeta,Completada,S003,Soledad,Soledad,Atlántico,E002,Camila,Asesora
V10208,2025-06-19 15:45,C019,Felipe Ortiz,Nuevo,P013,Croissant,Panadería,Tradicional,4,6500,2800,0.0,26000.0,Whats app,Nequi,Cancelada,S002,Norte,Barranquilla,Atlántico,E005,Daniel,Asesor
V10232,08-23-2025 15:15,C017,Sebastian Ruiz,Nuevo,P011,Galleta chispas,Galletas,Chocolate,2,4500,1900,0.0,9000.0,WhatsApp,Efectivo,Completada,S003, Soledad ,Soledad,Atlántico,E006,Valentina,Asesora
V10962,08-10-2025 11:15,C003,Maria Gomez,Recurrente,P005,Tres leches,Tortas,Leches,1,40000,21000,0.1,36000.0,WhatsApp,Tarjeta,Completada,S001,Centro,Barranquilla,Atlántico,E002,Camila,Asesora
V10283,07/09/2025 15:50,C018,mariana navarro,Recurrente,P017,Macaron caja x6,Macarons,Variados,3,22000,11000,0.2,52800.0,Web,Transferencia,Completada,S001,Centro,Barranquilla,Atlántico,E005,Daniel,Asesor
V10392,2025-04-02 15:45,C023,Juliana Torres,Recurrente ,P011,Galleta chispas,Galletas,Chocolate,1,4500,1900,0.0,4500.0,Web,Transferencia,COMPLETADA,S002,Norte,Barranquilla,Atlántico,E003,Mateo,Asesor
V11208,2025-11-10 12:40,C011,Miguel Mendoza,Nuevo,P012,Galleta avena,Galletas,Avena,2,4000,1700,0.0,$8.000,WhatsApp,Transferencia,COMPLETADA,S003,Soledad,Soledad,Atlántico,E004,Sofia,Asesora
V11181,2025-11-15 14:45,C016,Isabella Romero,Nuevo,P019,Caja desayuno,Combos,Desayuno,3,32000,17000,0.0,96000.0,Tienda,Tarjeta,Completada,S004,Riomar,Barranquilla,Atlántico,E004,Sofia,Asesora
V10476,2025-01-16 17:00,C027,Carolina Rojas,Recurrente,P010,Brownie con nueces,Repostería,Nueces,2,8500,4000,0.0,17000.0,Tienda,Nequi,Completada,S004,Riomar,Barranquilla,Atlántico,E001,Laura,Asesora
V10393,2025-03-25 17:15,C012,PAULA JIMENEZ,Nuevo,P012,Galleta avena,Galletas,Avena,5,4000,$1.700,0.0,20000.0,Tienda,Tarjeta,Completada,S001,,Barranquilla,Atlántico,E001,Laura,Asesora
V11176,23/07/2025 11:40,C016,Isabella Romero,Nuevo,P007,Cupcake vainilla,Cupcakes,Vainilla,4,8000,3800,0.0,32000.0,Tienda,Transferencia,Completada,S003,Soledad,Soledad,Atlántico,E002,Camila,Asesora
V10178,2025-02-05 17:20,C028,Tomas Castro,Nuevo,P011,Galleta chispas,Galletas,Chocolate, 4 ,4500,1900,0.1,16200.0,Tienda,Transferencia,COMPLETADA,S004,Riomar,Barranquilla,Atlántico,E004,Sofia,Asesora
V10088,2025-01-20 18:45,C027,Carolina Rojas,Nuevo,P014,Roll de canela,Panadería,Canela,4,7500,3100,0.0,30000.0,web,Transferencia,Completada,S002,Norte,Barranquilla,Atlántico,E001,Laura,Asesora
V10859,2025-01-15 17:10,C025,Lucia Ramirez,Nuevo,P013,Croissant,Panadería,Tradicional,1,6500,2800,0.0,6500.0,Página web,Daviplata,Completada,S003,Soledad,Soledad,Atlántico,E003,Mateo,Asesor
V10523,2025-07-11 12:45,C010,Camila Castro,Recurrente,P004,Red velvet,Tortas,Red velvet,2,45000,24000,0.0,90000.0,Whats app,Efectivo,Completada,S002,Norte,Barranquilla,Atlántico,E003,Mateo,Asesor
V10132,2025-12-17 16:10,C003,Maria Gomez,Recurrente,P012,Galleta avena,Galletas,Avena,4,4000,1700,0.0,16000.0,Web,Efectivo,Completada,S004,Riomar,Barranquilla,Atlántico,E004,Sofia,Asesora
V10391,2025-06-04 15:30,C010,Camila Castro,Recurrente,P019,Caja desayuno,Combos,Desayuno,3,32000,17000,0.15,81600.0,tienda,Nequi,Cancelada,S004,Riomar,Barranquilla,Atlántico,E004,Sofia,Asesora
V10498,2025-05-25 12:20,C026,Ricardo Diaz,,P009,Brownie clásico,Repostería,Chocolate,6,7000,3200,0.15,35700.0,WhatsApp,Transferencia,Completada,S004,Riomar,Barranquilla,Atlántico,E005,Daniel,Asesor
V10627,15/10/2025 10:45,C010,,RECURRENTE,P005,Tres leches,Tortas,Leches,2,40000,21000,0.0,80000.0,Tienda,Tarjeta,Completada,S001,Centro,Barranquilla,Atlántico,E006,Valentina,Asesora
V11019,2025-11-11 14:50,C021,Natalia Perez,Recurrente,P009,Brownie clásico,Repostería,Chocolate,2,7000,3200,0.0,14000.0,Instagram,Transferencia,Completada,S001,Centro,Barranquilla,Atlántico,E006,Valentina,Asesora
V10016,2025-04-22 10:10,C019,felipe ortiz,Recurrente,P009,Brownie clásico,REPOSTERÍA,Chocolate,1,7000,3200,0.0,7000.0,Tienda ,Efectivo,Completada,S004,Riomar,Barranquilla,Atlántico,E002,,Asesora
V10864,2025-01-16 12:20,C028,Tomas Castro,Nuevo,P001,TORTA DE CHOCOLATE,Tortas,Chocolate,1,42000,22000,0.0,"42000,0",Tienda,Transferencia,Cancelada,S002,Norte,Barranquilla,Atlántico,E004,Sofia,Asesora
V10230,2025-06-24 13:20,C021,Natalia Perez,Corporativo,P001,Torta de chocolate,Tortas,Chocolate,6,42000,22000,0.1,$226.800,Página web,Efectivo,Completada,S002,Norte,Barranquilla,Atlántico,E002,Camila,Asesora
V11151,2025-10-12 19:10,C009,,Recurrente,P008,Cupcake red velvet,Cupcakes,Red velvet,1,9500,4800,0.0,9500.0,WhatsApp,Transferencia,Completada,S003,Soledad,Soledad,Atlántico,E006,Valentina,Asesora
V10699,2025-07-24 12:20,C002,Carlos Perez,Nuevo,P006,Cupcake chocolate,Cupcakes,Chocolate,3,8500,4200,0.0,25500.0,Tienda,Nequi,Completada,S001,Centro,Barranquilla,Atlántico,E006,Valentina,Asesora
V11073,2025/03/02 15:20,C026,Ricardo Diaz,Nuevo,P006,Cupcake chocolate,Cupcakes,Chocolate,2,8500,4200,0.0,17000.0,Tienda,Tarjeta,Completada,S001,Centro,Barranquilla,Atlántico,E003,Mateo,Asesor
V10025,2025-03-05 14:15,C010,Camila Castro,Recurrente,P006,Cupcake chocolate,Cupcakes,Chocolate,2,8500,4200,0.0,17000.0,Tienda,Nequi,Completada,S003, Soledad ,Soledad,Atlántico,E005,Daniel,Asesor
V11245,2025-04-27 15:30,C018,Mariana Navarro,Recurrente,P018,Macaron caja x12,Macarons,Variados,4,40000,19500,,152000.0,Instagram,Tarjeta,Completada,S002,Norte,Barranquilla,Atlántico,E002,Camila,Asesora
V10162,2025-11-29 12:10,C012,Paula Jimenez,Recurrente,P011,Galleta chispas,Galletas,Chocolate, 2 ,4500,1900,0.0,9000.0,En tienda,Tarjeta,Completada,S001,Centro,Barranquilla,Atlántico,E005,Daniel,Asesor
V10479,2025-12-14 09:40,C023,Juliana Torres,Recurrente,P010,Brownie con nueces,Repostería,Nueces,2,8500,4000,0.2,"13600,0",Instagram,Nequi,Completada,S001,Centro,Barranquilla,Atlántico,E004,Sofia,Asesora
V10173,2025-10-28 14:45,C009,Daniel Rojas,Nuevo,P013,Croissant,Panadería,Tradicional,5,6500,2800,0.0,32500.0,Domicilio,Tarjeta,completada,S001,Centro,Barranquilla,Atlántico,E001,Laura,Asesora
V10553,2025-08-06 16:15,C005, Laura Hernandez ,Recurrente,P006,Cupcake chocolate,Cupcakes,Chocolate, 1 ,8500,4200,0.0,8500.0,Web,Daviplata,Completada,S004,Riomar,Barranquilla,Atlántico,E004,Sofia,Asesora
V10739,2025-07-06 09:30,C006,Sofia Ramirez,corporativo,P006,Cupcake chocolate,Cupcakes,Chocolate,8,8500,4200,0.2,54400.0,Domicilio,Efectivo,Completada,S001,Centro,Barranquilla,Atlántico,E001,Laura,Asesora
V11210,2025-02-12 18:45,C020,Gabriela Silva,Nuevo,P002,Torta de vainilla,Tortas,Vainilla,2,38000,19500,0.15,64600.0,WhatsApp,Daviplata,Completada,S001,Centro,Barranquilla,Atlántico,E002,Camila,Asesora
V10903,2025-03-29 17:10,C027,Carolina Rojas,Nuevo,P006,Cupcake chocolate,Cupcakes,Chocolate,2,8500,4200,0.0,17000.0,Tienda,Tarjeta,Completada,S004,Riomar,Barranquilla,Atlántico,E001,Laura,Asesora
V10932,2025-09-07 14:00,C011,Miguel Mendoza,Nuevo,P012,Galleta avena,Galletas,Avena,4,4000,1700,0.0,16000.0,Tienda,Transferencia,Completada,S004,Riomar,Barranquilla,Atlántico,E006,Valentina,Asesora
V10993,2025-01-24 09:40,C021,Natalia Perez, Nuevo ,P013,Croissant,Panadería,Tradicional, 3 ,6500,2800,0.0,19500.0,Tienda,transferencia,Completada,S001,Centro,Barranquilla,Atlántico,E005,Daniel,Asesor
V10153,2025-01-19 16:00,C012,Paula Jimenez,recurrente,P011,Galleta chispas,Galletas,Chocolate,3,4500,1900,0.1,12150.0,Instagram,DaviPlata,Completada,S003,Soledad,Soledad,Atlántico,E005,,Asesor
V10547,2025-11-20 20:50,C012,Paula Jimenez,Nuevo,P019,Caja desayuno,Combos,Desayuno,1,32000,17000,0.0,32000.0,Tienda,Transferencia,Completado,S003,Soledad,Soledad,Atlántico,E003,Mateo,Asesor
V10277,2025-07-04 12:30,C018,Mariana Navarro,Corporativo,P010,Brownie con nueces,Repostería,Nueces,3,8500,4000,0.2,20400.0,WhatsApp,Tarjeta,Completada,S002,Norte,Barranquilla,Atlántico,E003,Mateo,Asesor
V10537,2025-07-16 15:40,C008,VALENTINA DIAZ,Recurrente,P010,Brownie con nueces,Repostería,Nueces,2,8500,4000,0.0,17000.0,Domicilio,transferencia,Completada,S003,Soledad,Soledad,Atlántico,E002,Camila,Asesora
V10117,2025-12-01 16:20,C029,Manuela Mendoza,Nuevo,P010,Brownie con nueces,Repostería,Nueces,2,8500,4000,0.0,17000.0,WEB,Tarjeta,Completada,S004,Riomar,Barranquilla,Atlántico,E005,,Asesor
V10358,2025-08-14 11:50,C030,Samuel Jimenez,Nuevo,P013,Croissant,Panadería,Tradicional,1,6500,2800,0.0,6500.0,Instagram,Efectivo,Completada,S001,Centro,Barranquilla,Atlántico,E006,Valentina,Asesora
V10820,2025-06-05 18:40,C012,Paula Jimenez,Corporativo,P014,Roll de canela,Panadería,Canela,8,7500,3100,0.1,54000.0,Web,Transferencia,Completada,S002,Norte,Barranquilla,Atlántico,E001,Laura,Asesora
V10072,2025-03-06 08:15,C007,Andres Torres,Nuevo,P002,Torta de vainilla,Tortas,Vainilla,3,38000,19500,0.0,114000.0,Tienda,Tarjeta,Completada,S003,Soledad,Soledad,Atlántico,E002,Camila,Asesora
V10605,2025-01-28 14:20,C001,,Corporativo,P006,Cupcake chocolate,Cupcakes,Chocolate,6,8500,4200,0.15,43350.0,Tienda,Tarjeta,Completada,S001, Centro ,Barranquilla,Atlántico,E006,Valentina,Asesora
V10041,2025-01-15 08:20,C011,Miguel Mendoza,Nuevo,P011,Galleta chispas,Galletas,Chocolate,1,4500,1900,0.0,4500.0,Web,Tarjeta,Completada,S002,Norte,Barranquilla,Atlántico,E001,Laura,Asesora
V10963,2025/02/07 18:40,C004,Juan Martinez,Nuevo,P014,ROLL DE CANELA,panaderia,Canela,2,7500,3100,0.0,15000.0,Tienda,Nequi,Completada,S001,Centro,Barranquilla,Atlántico,E004,Sofia,Asesora
V10123,2025-10-02 10:15,C011,Miguel Mendoza,Recurrente,P006,Cupcake chocolate,Cupcakes,Chocolate,2,8500,4200,0.0,17000.0,Instagram,Nequi, completada ,S001,Centro,Barranquilla,Atlántico,E005,Daniel,Asesor
V10720,2025-09-03 15:50,C023,Juliana Torres,Recurrente,P011,Galleta chispas,,Chocolate,1,4500,1900,0.2,3600.0,Tienda,Transferencia,Devuelta,S002,Norte,Barranquilla,Atlántico,E006,,Asesora
V10986,10-04-2025 17:20,C008,Valentina Diaz,Nuevo,P011,Galleta chispas,Galletas,Chocolate,2,4500,1900,0.0,9000.0,Domicilio,Transferencia,Completada,S002,Norte,Barranquilla,Atlántico,E005,Daniel,Asesor
V11109,2025-07-18 20:50,C026,Ricardo Diaz,Nuevo,P007,Cupcake vainilla,Cupcakes,Vainilla,1,8000,3800,0.0,8000.0,WhatsApp,Transferencia,Completada,S002,Norte,Barranquilla,Atlántico,E005,Daniel,Asesor
V11021,12-30-2025 17:30,C012,Paula Jimenez,,P015,Tarta de manzana,Tartas,Manzana,2,18000,9000,0.0,36000.0,WhatsApp,Daviplata,Completada,S002,Norte,Barranquilla,Atlántico,E003,Mateo,Asesor
V10788,2025-11-15 15:15,C026,Ricardo Diaz, Nuevo ,P006,Cupcake chocolate,Cupcakes,Chocolate,1,8500,4200,0.2,6800.0,WhatsApp,Nequi, completada ,S002,Norte,Barranquilla,Atlántico,E002,Camila,Asesora
V11063,2025-01-22 15:50,C020,Gabriela Silva,Recurrente,P011,Galleta chispas,Galletas,Chocolate,3,4500,1900,0.0,13500.0,Tienda,Nequi,completada,S001,Centro,Barranquilla,Atlántico,E006,Valentina,Asesora
V11273,2025-05-20 13:20,C027,Carolina Rojas, Nuevo ,P001,Torta de chocolate,Tortas,Chocolate, 4 ,42000,22000,0.1,151200.0,Domicilio,Tarjeta,completada,S002,norte,Barranquilla,Atlántico,E002,Camila,Asesora
V11135,2025-01-21 15:20,C029,Manuela Mendoza,NUEVO,P006,Cupcake chocolate,Cupcakes,Chocolate,2,8500,4200,0.0,17000.0,Tienda,Efectivo,Completada,S003,Soledad,Soledad,Atlántico,E001,Laura,Asesora
V10145,2025-04-27 10:15,C013,Nicolas Vargas,Nuevo,P005,Tres leches,Tortas,Leches,2,40000,21000,0.0,80000.0,Instagram,Efectivo,Completada,S002,Norte,Barranquilla,Atlántico,E004,Sofia,Asesora
V10910,2025-08-29 15:50,C029,Manuela Mendoza,Nuevo,P006,Cupcake chocolate,Cupcakes,Chocolate,1,8500,4200,0.05,8075.0,Domicilio,Transferencia,Completada,S004,Riomar,Barranquilla,Atlántico,E005,Daniel,Asesor
V11079,2025-12-25 16:20,C006,Sofia Ramirez,NUEVO,P011,Galleta chispas,galletas,Chocolate,6,$4.500,$1.900,0.0,27000.0,Web,Transferencia,Completada,S001,Centro,Barranquilla,Atlántico,E006,Valentina,Asesora
V10389,2025-12-30 14:10,C024,,Recurrente,P016,Tarta de limón,Tartas,Limón,1,18000,8800,0.0,18000.0,Domicilio,Efectivo,Completada,S002,Norte,Barranquilla,Atlántico,E001,Laura,Asesora
V10461,2025-10-27 18:10,C014,Sara Moreno,Corporativo,P006,Cupcake chocolate,Cup cake,Chocolate,8,8500,4200,0.15,57800.0,Web,Tarjeta,Completada,S002,Norte,Barranquilla,Atlántico,E006,Valentina,Asesora
V10912,2025-11-22 12:20,C005,Laura Hernandez,Recurrente,P013,Croissant,Panadería,Tradicional,1,6500,2800,0.0,6500.0,Instagram,Tarjeta,Completada,S001,Centro,Barranquilla,Atlántico,E004,Sofia,Asesora
V10295,2025-07-07 10:45,C023,Juliana Torres,Nuevo,P011,Galleta chispas,Galletas,Chocolate,5,4500,1900,0.0,22500.0,Tienda,Transferencia,Completada,S001,Centro,Barranquilla,Atlántico,E003,Mateo,Asesor
V10585,2025-08-24 14:00,C028,Tomas Castro,Recurrente ,P010,Brownie con nueces,Repostería,Nueces,5,$8.500,4000,0.0,42500.0,WhatsApp,Tarjeta,Completada,S001,Centro,Barranquilla,Atlántico,E006,Valentina,Asesora
V10348,2025-11-09 18:00,C016,Isabella Romero,Recurrente,P009,Brownie clásico,,Chocolate,2,7000,3200,0.0,$14.000,Instagram,Nequi,Completada,S001,Centro,Barranquilla,Atlántico,E004,Sofia,Asesora
V11020,2025-03-20 08:15,C005,Laura Hernandez,Nuevo,P016,Tarta de limón,Tartas,Limón,2,18000,8800,0.0,36000.0,WhatsApp,Nequi,Completada,S004,Riomar,Barranquilla,Atlántico,E006,Valentina,Asesora
V11039,2025-12-03 14:20,C024,Mateo Hernandez,Nuevo,P004,Red velvet,Tortas,Red velvet,1,45000,24000,0.0,45000.0,Domicilio,Nequi,Completada,S002,Norte,Barranquilla,Atlántico,E002,Camila,Asesora
V10281,2025-05-26 20:30,C005,,Nuevo,P011,Galleta chispas,Galletas,Chocolate,4,4500,1900,0.0,18000.0,Tienda,transferencia,Completada,S002,Norte,Barranquilla,Atlántico,E005,Daniel,Asesor
V11203,2025-12-19 16:50,C013,Nicolas Vargas,Recurrente,P012,Galleta avena,Galletas,Avena,1,4000,1700,0.0,4000.0,tienda,Transferencia,Cancelada,S002,Norte,Barranquilla,Atlántico,E005,Daniel,Asesor
V10448,2025-06-20 09:45,C021,natalia perez,Recurrente,P012,Galleta avena,Galletas,Avena,1,4000,1700,0.0,4000.0,whatsapp,TRANSFERENCIA,Completada,S001,Centro,Barranquilla,Atlántico,E004,Sofia,Asesora
V11067,2025/10/07 15:15,C026,Ricardo Diaz,Nuevo,P009,Brownie clásico,Repostería,Chocolate,1,7000,3200,0.0,7000.0,Web,Transferencia,Completada,S004,Riomar,Barranquilla,Atlántico,E001,Laura,Asesora
V10593,2025-04-04 13:15,C005,Laura Hernandez,Recurrente,P008,Cupcake red velvet,Cupcakes,Red velvet,2,9500,4800,0.0,19000.0,Tienda ,Tarjeta,Completada,S002,Norte,Barranquilla,Atlántico,E001,Laura,Asesora
V11116,2025-02-14 11:00,C014,Sara Moreno,Nuevo,P011,Galleta chispas,Galletas,Chocolate,4,4500,1900,0.0,18000.0,WEB,Tarjeta,Completada,S002,Norte,Barranquilla,Atlántico,E001,Laura,Asesora
V11128,2025-01-15 17:00,C022,Alejandro Gomez,Recurrente,P013,Croissant,Panadería,Tradicional,1,6500,2800,0.0,6500.0,Tienda,Tarjeta,Completada,S004,Riomar,Barranquilla,Atlántico,E002,Camila,Asesora
V10509,2025-05-20 15:10,C012,Paula Jimenez,Nuevo,P013,Croissant,Panadería,Tradicional,3,6500,2800,0.0,19500.0,Domicilio,Transferencia,Completada,S001,Centro,Barranquilla,Atlántico,E004,Sofia,Asesora
V11255,2025-07-07 12:40,C010,Camila Castro,Nuevo,P007,Cupcake vainilla,Cupcakes,Vainilla,1,8000,3800,0.0,8000.0,Instagram,Nequi,Completada,S003,Soledad,Soledad,Atlántico,E001,Laura,Asesora
V10188,2025-11-01 20:45,C029,,Recurrente,P008,Cupcake red velvet,Cupcakes,Red velvet,1,9500,4800,0.0,9500.0,Domicilio,Tarjeta,Completada,S004,Riomar,Barranquilla,Atlántico,E006,,Asesora
V10734,04-19-2025 14:40,C022,Alejandro Gomez,NUEVO,P012,Galleta avena,Galletas,Avena,2,4000,1700,0.0,8000.0,Tienda,Daviplata,Completada,S004,Riomar,Barranquilla,Atlántico,E003,Mateo,Asesor
V10482,2025-02-02 15:40,C004,Juan Martinez,Nuevo,P006,Cupcake chocolate,Cupcakes,Chocolate,1,8500,4200,0.0,8500.0,Tienda,Nequi,Completada,S003,SOLEDAD,Soledad,Atlántico,E001,Laura,Asesora
V10547,2025-06-20 12:30,C005,Laura Hernandez,Recurrente,P005,Tres leches,Tortas,Leches,1,40000,21000,,40000.0,Tienda,Tarjeta,Completada,S003,Soledad,Soledad,Atlántico,E005,Daniel,Asesor
V10694,2025-08-10 08:15,C023,Juliana Torres,Recurrente,P016,Tarta de limón,Tartas,Limón,1,18000,8800,0.0,18000.0,Domicilio,transferencia,Completada,S001,Centro,Barranquilla,Atlántico,E005,Daniel,Asesor
V11258,2025-01-18 13:40,C020,Gabriela Silva,Corporativo,P014,Roll de canela,Panadería,Canela,6,7500,3100,0.0,45000.0,Instagram,Tarjeta, completada ,S004,Riomar,Barranquilla,Atlántico,E001,Laura,Asesora
V10395,2025-01-07 17:10,C010,Camila Castro,Nuevo,P012,Galleta avena,Galletas,Avena,2,4000,1700,0.1,7200.0,Tienda,Daviplata,COMPLETADA,S001, Centro ,Barranquilla,Atlántico,E004,Sofia,Asesora
V10355,2025-04-23 16:10,C009,Daniel Rojas,Nuevo,P013,Croissant,Panadería,Tradicional,1,6500,2800,0.0,6500.0,Tienda,Daviplata,Completada,S003,Soledad,Soledad,Atlántico,E001,Laura,Asesora
V11222,2025-11-15 13:30,C020,Gabriela Silva,Nuevo,P001,Torta de chocolate,Tortas,Chocolate,1,42000,22000,0.2,33600.0,WhatsApp,Transferencia,Completada,S001,Centro,Barranquilla,Atlántico,E003,Mateo,Asesor
V11112,2025-05-29 15:15,C022,Alejandro Gomez,Recurrente,P013,Croissant,Panadería,Tradicional,2,6500,2800,0.1,11700.0,WhatsApp,Tarjeta,Completada,S003,Soledad,Soledad,Atlántico,E004,Sofia,Asesora
V10250,2025-06-12 08:20,C011,Miguel Mendoza,Recurrente,P014,Roll de canela,Panadería,Canela,1,7500,3100,0.0,7500.0,Instagram,Transferencia,Completada,S002,NORTE,Barranquilla,Atlántico,E002,Camila,Asesora
V10918,2025-12-31 16:30,C002,Carlos Perez,Nuevo,P005,Tres leches,Tortas,Leches,1,40000,21000,0.0,40000.0,WhatsApp,Efectivo,completada,S002,Norte,Barranquilla,Atlántico,E003,Mateo,Asesor
V10352,2025-12-25 14:45,C006,Sofia Ramirez,Recurrente,P004,Red velvet,Tortas,Red velvet,4,45000,24000,0.1,162000.0,Tienda,Efectivo,Completada,S001,Centro,Barranquilla,Atlántico,E002,Camila,Asesora
V10807,2025-06-16 14:15,C021,Natalia Perez,Nuevo,P013,Croissant,Panadería,Tradicional,3,6500,2800,0.0,19500.0,tienda,Nequi, completada ,S002,Norte,Barranquilla,Atlántico,E004,Sofia,Asesora
V10322,2025-10-24 11:30,C002,Carlos Perez,Nuevo,P013,Croissant,Panadería,Tradicional,1,6500,2800,0.2,5200.0,WhatsApp,Tarjeta,Completada,S002,Norte,Barranquilla,Atlántico,E003,Mateo,Asesor
V10345,2025-03-12 17:45,C014,Sara Moreno,Recurrente,P010,Brownie con nueces,Repostería,Nueces,4,8500,4000,0.0,34000.0,Instagram,Daviplata,Completada,S003,soledad,Soledad,Atlántico,E003,Mateo,Asesor
V10301,2025-10-20 17:10,C030,Samuel Jimenez,Nuevo,P004,Red velvet,Tortas,Red velvet,1,45000,24000,0.0,45000.0,Tienda,Transferencia,Completada,S002,Norte,Barranquilla,Atlántico,E005,Daniel,Asesor
V10045,2025-05-08 15:45,C025,Lucia Ramirez,nuevo,P011,Galleta chispas,Galletas,Chocolate,2,4500,1900,0.0,9000.0,Instagram,Nequi,Completada,S001,Centro,Barranquilla,Atlántico,E003,Mateo,Asesor
V10992,2025-01-21 18:15,C010,Camila Castro,Recurrente,P019,Caja desayuno,Combos,Desayuno,1,32000,17000,0.15,27200.0,WhatsApp,, completada ,S001,Centro,Barranquilla,Atlántico,E004,Sofia,Asesora
V10829,2025/06/14 17:00,C005,Laura Hernandez,Recurrente,P005,Tres leches,Tortas,Leches,2,40000,21000,0.2,64000.0,Tienda,Efectivo,Completada,S002,norte,Barranquilla,Atlántico,E005,Daniel,Asesor
V10510,2025-12-20 08:00,C002,Carlos Perez,Recurrente,P005,Tres leches,Tortas,Leches,1,40000,21000,0.0,40000.0,WhatsApp,Tarjeta,Completada,S002,Norte,Barranquilla,Atlántico,E001,Laura,Asesora
V10253,26/08/2025 15:50,C003,MARIA GOMEZ,Nuevo,P001,Torta de chocolate,Tortas,Chocolate,2,42000,22000,0.0,84000.0,Instagram,nequi ,Completada,S002,Norte,Barranquilla,Atlántico,E002,Camila,Asesora
V10780,2025-02-13 12:00,C026,Ricardo Diaz,NUEVO,P011,Galleta chispas,Galletas,Chocolate,2,4500,1900,0.0,9000.0,Domicilio,Tarjeta,Completada,S003,Soledad,Soledad,Atlántico,E002,Camila,Asesora
V10837,16/11/2025 12:10,C019,Felipe Ortiz,Recurrente,P006,Cupcake chocolate,Cupcakes,Chocolate,2,8500,4200,0.0,17000.0,Tienda,Tarjeta,Completada,S004,Riomar,Barranquilla,Atlántico,E005,Daniel,Asesor
V10460,2025-02-20 15:45,C014,Sara Moreno,Recurrente,P013,Croissant,Panadería,Tradicional,1,6500,2800,0.0,6500.0,Tienda,Nequi,Completada,S001, Centro ,Barranquilla,Atlántico,E003,Mateo,Asesor
V10091,2025-05-26 19:50,C026,Ricardo Diaz,Nuevo,P002,Torta de vainilla,tortas,Vainilla,2,38000,19500,0.0,76000.0,Tienda,Nequi,Completada,S003,Soledad,Soledad,Atlántico,E004,Sofia,Asesora
V10430,2025-09-11 12:30,C014,Sara Moreno,Recurrente,P019,Caja desayuno,Combos,Desayuno,2,32000,17000,0.0,64000.0,Domicilio,,Completada,S002,Norte,Barranquilla,Atlántico,E003,Mateo,Asesor
V11251,2025-11-13 14:20,C028,Tomas Castro,Corporativo,P017,Macaron caja x6,Macarons,Variados,4,22000,11000,0.1,79200.0,DOMICILIO,Transferencia,Completada,S003,Soledad,Soledad,Atlántico,E002,Camila,Asesora
V10083,2025-10-16 14:50,C015,Diego Suarez,Recurrente,P001,Torta de chocolate,Tortas,Chocolate,4,42000,22000,0.0,168000.0,Instagram,Daviplata,Cancelada,S003,Soledad,Soledad,Atlántico,E004,Sofia,Asesora
V10449,2025-09-20 15:50,C020,Gabriela Silva,CORPORATIVO,P011,Galleta chispas,Galletas,Chocolate,8,4500,1900,0.15,30600.0,Tienda,Efectivo,Completada,S002,Norte,Barranquilla,Atlántico,E005,Daniel,Asesor
V11009,2025-12-14 14:40,C020,Gabriela Silva,Nuevo,P002,Torta de vainilla,Tortas,Vainilla,1,38000,19500,0.0,38000.0,Tienda,Tarjeta,Cancelada,S001,Centro,Barranquilla,Atlántico,E004,Sofia,Asesora
V11193,2025-10-31 18:30,C014,Sara Moreno,Nuevo,P006,Cupcake chocolate,Cupcakes,Chocolate,3,8500,4200,0.0,25500.0,Web,Tarjeta,completada,S002,Norte,Barranquilla,Atlántico,E001,Laura,Asesora
V10215,2025-06-02 13:15,C028,Tomas Castro,Recurrente,P012,Galleta avena,Galletas,Avena,1,4000,1700,0.0,4000.0,Tienda,Tarjeta,Completada,S002,Norte,Barranquilla,Atlántico,E001,Laura,Asesora
V10672,10/07/2025 09:30,C026,Ricardo Diaz,Nuevo,P019,Caja desayuno,Combos,Desayuno,8,32000,17000,0.0,256000.0,Instagram,Transferencia,Completada,S003,Soledad,Soledad,Atlántico,E005,Daniel,Asesor
V10240,2025-03-21 14:40,C030,,Nuevo,P014,Roll de canela,Panadería,Canela,1,7500,3100,0.0,7500.0,Delivery,Transferencia,Completada,S001,centro,Barranquilla,Atlántico,E005,Daniel,Asesor
V10988,2025-10-02 19:00,C024,Mateo Hernandez,Nuevo,P011,Galleta chispas,galletas,Chocolate,1,4500,1900,0.0,4500.0,Tienda,Nequi,Completada,S002,Norte,Barranquilla,Atlántico,E005,Daniel,Asesor
V10377,2025-07-27 17:20,C028,Tomas Castro,Nuevo,P012,Galleta avena,Galletas,Avena,2,4000,1700,0.15,6800.0,Instagram,Nequi,Completada,S001,Centro,Barranquilla,Atlántico,E006,Valentina,Asesora
V10856,2025-12-20 12:45,C015,diego suarez,Recurrente,P015,Tarta de manzana,Tartas,Manzana,1,18000,9000,0.0,18000.0,Web,Daviplata,Completada,S002,Norte,Barranquilla,Atlántico,E004,Sofia,Asesora
V10662,2025-05-10 16:10,C022,Alejandro Gomez,Nuevo,P017,Macaron caja x6,Macarons,Variados,1,22000,11000,0.0,22000.0,,nequi ,Completada,S002, Norte ,Barranquilla,Atlántico,E002,Camila,Asesora
V10767,2025-05-23 17:50,C007,Andres Torres,Recurrente,P018,Macaron caja x12,Macarons,Variados,5,40000,19500,0.0,200000.0,Domicilio,Efectivo,Completada,S001,Centro,Barranquilla,Atlántico,E004,Sofia,Asesora
V11179,2025-08-08 11:45,C009,Daniel Rojas,Nuevo,P005,Tres  leches,Tortas,Leches,2,40000,21000,0.0,80000.0,Domicilio,Tarjeta,Completada,S004,Riomar,Barranquilla,Atlántico,E005,Daniel,Asesor
V10307,2025-01-08 13:50,C026,Ricardo Diaz,Nuevo,P001,Torta de chocolate,Tortas,Chocolate,2,42000,22000,0.0,84000.0,Tienda,Tarjeta,Completada,S002,Norte,Barranquilla,Atlántico,E005,Daniel,Asesor
V10231,2025-03-03 16:10,C013,Nicolas Vargas,Nuevo,P010,Brownie con nueces,Repostería,Nueces,3,8500,4000,,25500.0,Tienda,,Completada,S004,Riomar,Barranquilla,Atlántico,E004,Sofia,Asesora
V11231,2025-12-15 09:00,C005,Laura Hernandez,Recurrente,P007,Cupcake vainilla,Cup cake,Vainilla,1,8000,3800,0.0,8000.0,WhatsApp,Daviplata,Completada,S004,Riomar,Barranquilla,Atlántico,E005,Daniel,Asesor
V10919,2025/03/19 10:50,C019,Felipe Ortiz,Nuevo,P012,Galleta avena,Galletas,Avena,5,4000,1700,0.0,$20.000,Tienda,Efectivo,Completada,S002,Norte,Barranquilla,Atlántico,E002,Camila,Asesora
V11155,2025-06-19 19:40,C013,Nicolas Vargas,Recurrente,P011,Galleta chispas,Galletas,Chocolate,4,4500,1900,0.0,18000.0,Web,Tarjeta,Completada,S003,Soledad,Soledad,Atlántico,E002,Camila,Asesora
V10095,2025-03-13 14:50,C016,Isabella Romero,Nuevo,P014,Roll de canela, Panadería ,Canela,2,7500,3100,0.0,15000.0,WhatsApp,Nequi,Completada,S001,,Barranquilla,Atlántico,E005,Daniel,Asesor
V10258,2025-07-19 17:45,C001,Ana Rodriguez,Recurrente,P011,Galleta chispas,Galletas,Chocolate,3,4500,1900,0.15,11475.0,WhatsApp,Transferencia,Completada,S004,Riomar,Barranquilla,Atlántico,E005,Daniel,Asesor
V10236,2025-12-16 16:20,C027,Carolina Rojas,Nuevo,P014,Roll de canela,Panadería,Canela,3,7500,3100,0.0,22500.0,Tienda,Transferencia,Completada,S001,Centro,Barranquilla,Atlántico,E006,Valentina,Asesora
V10493,2025-02-03 13:00,C029,Manuela Mendoza,Recurrente,P006,Cupcake chocolate,Cupcakes,Chocolate,3,8500,4200,0.0,25500.0,Tienda,Tarjeta,Completado,S001,Centro,Barranquilla,Atlántico,E005,Daniel,Asesor
V10659,2025-12-04 15:30,C013,Nicolas Vargas,Nuevo,P010,Brownie con nueces,Repostería,Nueces,4,8500,4000,0.0,34000.0,WhatsApp,Daviplata,Completada,S002,Norte,Barranquilla,Atlántico,E002,Camila,Asesora
V10625,09-19-2025 13:15,C014,Sara Moreno,Nuevo,P012,Galleta avena,Galletas,Avena,4,4000,1700,0.0,16000.0,Instagram,DAVIPLATA,Completada,S001,Centro,Barranquilla,Atlántico,E003,Mateo,Asesor
V10283,2025-07-19 20:20,C010,Camila Castro,Corporativo,P012,Galleta avena,Galletas,Avena,3,4000,1700,0.1,10800.0,Web,Transferencia,Completada,S003,Soledad,Soledad,Atlántico,E006,Valentina,Asesora
V11214,2025-05-01 14:45,C001,Ana Rodriguez,Corporativo,P013,Croissant,Panadería,Tradicional,4,6500,2800,0.2,20800.0,domicilio,Nequi,Completada,S002,Norte,Barranquilla,Atlántico,E002,Camila,Asesora
V10169,2025-02-06 10:00,C003,Maria Gomez,Recurrente,P005,Tres leches,Tortas,Leches,1,40000,21000,0.1,36000.0,Tienda,Nequi,Completada,S001,Centro,Barranquilla,Atlántico,E005,Daniel,Asesor
V10111,2025-01-27 16:20,C006,Sofia Ramirez,Recurrente,P019,Caja desayuno,Combos,Desayuno,3,32000,17000,,96000.0,Web,Tarjeta,Completada,S002,Norte,Barranquilla,Atlántico,E001,Laura,Asesora
V10973,05-18-2025 09:50,C011,Miguel Mendoza,Nuevo,P014,Roll de canela, Panadería ,Canela,1,7500,3100,0.0,$7.500,Tienda,Tarjeta,Completada,S002,Norte,Barranquilla,Atlántico,E001,Laura,Asesora
V10872,2025-08-26 14:50,C021,Natalia Perez,Nuevo,P001,Torta de chocolate,,Chocolate,4,42000,22000,0.05,159600.0,Domicilio,Tarjeta,Completada,S001,,Barranquilla,Atlántico,E006,,Asesora
V10586,17/03/2025 11:10,C010,Camila Castro,nuevo,P020,Caja regalo dulce,Combos,Regalo,4,52000,28500,0.0,208000.0,WhatsApp,Nequi,Completada,S002,Norte,Barranquilla,Atlántico,E003,Mateo,Asesor
V11028,2025-06-19 14:50,C030,Samuel Jimenez,Recurrente ,P013,Croissant,Panadería,Tradicional,1,6500,2800,0.0,6500.0,Tienda,Tarjeta,Completada,S002,Norte,Barranquilla,Atlántico,E003,Mateo,Asesor
V10873,2025-07-18 10:10,C015,Diego Suarez,Corporativo,P015,Tarta de manzana,Tartas,Manzana,4,18000,9000,0.0,72000.0,DOMICILIO,Transferencia,Completada,S003,Soledad,Soledad,Atlántico,E001,Laura,Asesora
V10468,2025-07-28 13:45,C002,Carlos Perez,Recurrente,P011,Galleta chispas,Galletas,Chocolate,1,4500,1900,0.0,4500.0,Tienda,Efectivo,Completada,S003,Soledad,Soledad,Atlántico,E001,Laura,Asesora
V10814,07-02-2025 17:50,C023,Juliana Torres,,P001,Torta de chocolate,Tortas,Chocolate,4,42000,22000,0.0,168000.0,Domicilio,Tarjeta,Completada,S001,Centro,Barranquilla,Atlántico,E005,Daniel,Asesor
V10756,2025-11-05 12:50,C008,Valentina Diaz,Recurrente,P016,Tarta de limón,Tartas,Limón,8,18000,8800,0.0,144000.0,WhatsApp,Efectivo,Completada,S002,Norte,Barranquilla,Atlántico,E006,Valentina,Asesora
V10008,2025-07-11 10:10,C018,Mariana Navarro,Corporativo,P001,Torta de chocolate,Tortas,Chocolate,5,42000,22000,,178500.0,Instagram,,Completada,S003,,Soledad,Atlántico,E001,Laura,Asesora
V10652,2025-10-27 16:15,C024,Mateo Hernandez,Recurrente,P016,Tarta de limón,Tartas,Limón,3,18000,8800,0.0,54000.0,WhatsApp,Transferencia,Completada,S003,Soledad,Soledad,Atlántico,E003,Mateo,Asesor
V10225,2025-11-26 17:00,C027,Carolina Rojas,Nuevo,P008,Cupcake red velvet,Cupcakes,Red velvet,2,9500,4800,0.0,"19000,0",Web,Transferencia,Completada,S002,Norte,Barranquilla,Atlántico,E001,Laura,Asesora
V10230,2025-10-15 17:15,C019,Felipe Ortiz,Corporativo,P001,Torta de chocolate,Tortas,Chocolate,6,42000,22000,0.1,226800.0,Delivery,Tarjeta,Completada,S002,Norte,Barranquilla,Atlántico,E003,Mateo,Asesor
V10495,2025-01-22 13:10,C020,Gabriela Silva,Nuevo,P006,Cupcake chocolate,Cupcakes,Chocolate,2,8500,4200,0.0,17000.0,WhatsApp,Tarjeta,Completada,S002,Norte,Barranquilla,Atlántico,E003,Mateo,Asesor
V10452,2025-01-17 09:30,C011,Miguel Mendoza,Nuevo,P011,Galleta chispas,Galletas,Chocolate,2,4500,1900,0.0,9000.0,Tienda,Tarjeta,Completada,S004,Riomar,Barranquilla,Atlántico,E002,Camila,Asesora
V10102,05-09-2025 12:40,C018,Mariana Navarro,Nuevo,P010,Brownie con nueces,Repostería,Nueces,2,8500,4000,0.0,17000.0,Instagram,,Completada,S001,Centro,,Atlántico,E005,Daniel,Asesor
V10263,2025-03-10 17:10,C025,Lucia Ramirez,Nuevo,P007,Cupcake vainilla,Cupcakes,Vainilla,4,8000,3800,0.0,32000.0,Tienda,Nequi,Completada,S001,Centro,Barranquilla,Atlántico,E005,Daniel,Asesor
V10976,2025-08-31 16:15,C030,Samuel Jimenez,Nuevo,P011,Galleta chispas,Galletas,Chocolate,1,4500,1900,0.0,4500.0,Web,Tarjeta,Completada,S002,Norte,Barranquilla,Atlántico,E006,Valentina,Asesora
V11007,2025-12-25 12:20,C003,Maria Gomez,Recurrente,P012,Galleta avena,galletas,Avena,1,4000,1700,0.0,4000.0,WhatsApp,,Completada,S004,Riomar,Barranquilla,Atlántico,E001,Laura,Asesora
V10554,2025-03-20 13:10,C026,Ricardo Diaz,Nuevo,P007,Cupcake vainilla,Cupcakes,Vainilla,1,8000,3800,0.05,7600.0,Instagram,Efectivo,Completada,S002,Norte,Barranquilla,Atlántico,E003,Mateo,Asesor
V10452,2025-05-17 14:45,C025,Lucia Ramirez,Nuevo,P011,Galleta chispas,Galletas,Chocolate,2,4500,1900,0.0,9000.0,Tienda,Nequi,Completado,S002,norte,Barranquilla,Atlántico,E004,Sofia,Asesora
V10759,2025-05-05 14:50,C007,Andres Torres,Nuevo,P008,Cupcake red velvet,Cupcakes,Red velvet,1,9500,4800,0.0,9500.0,Instagram,Transferencia,Completada,S003,soledad,Soledad,Atlántico,E003,Mateo,Asesor
V10594,2025-11-25 13:30,C025,Lucia Ramirez,Nuevo,P017,Macaron caja x6,Macarons,Variados,1,22000,11000,0.0,22000.0,WhatsApp,,Completada,S001,Centro,Barranquilla,Atlántico,E006,,Asesora
V10562,2025-06-30 18:30,C014,Sara Moreno,Recurrente,P019,Caja desayuno,Combos,Desayuno, 1 ,32000,17000,0.0,32000.0,Domicilio,Tarjeta,Completada,S004,Riomar,Barranquilla,Atlántico,E003,Mateo,Asesor
V10126,2025-07-13 17:30,C022,Alejandro Gomez,Corporativo,P006,Cupcake chocolate,Cup cake,Chocolate,4,8500,4200,0.2,27200.0,Instagram,Tarjeta,Cancelada,S002,Norte,Barranquilla,Atlántico,E004,Sofia,Asesora
V10516,2025-01-11 12:20,C029,Manuela Mendoza,Nuevo,P009,Brownie clásico,Repostería,Chocolate,1,7000,3200,0.1,6300.0,WhatsApp,Tarjeta,completada,S002,Norte,Barranquilla,Atlántico,E006,,Asesora
V10424,2025-07-31 15:40,C011,Miguel Mendoza,RECURRENTE,P008,Cupcake red velvet,Cupcakes,Red velvet,4,9500,4800,0.0,38000.0,Domicilio,Nequi,Completada,S004,Riomar,Barranquilla,Atlántico,E004,Sofia,Asesora
V10950,2025-05-22 12:10,C019,Felipe Ortiz,Nuevo,P015,Tarta de manzana,Tartas,Manzana,1,18000,9000,0.0,18000.0,Tienda,Nequi,Completada,S004,RIOMAR,Barranquilla,Atlántico,E003,Mateo,Asesor
V10144,2025-03-30 16:45,C023,Juliana Torres,recurrente,P008,Cupcake red velvet,Cupcakes,Red velvet,5,9500,4800,0.0,47500.0,Instagram,transferencia,Completada,S004,Riomar,Barranquilla,Atlántico,E004,Sofia,Asesora
V11245,2025-03-29 17:00,C029,Manuela Mendoza,Nuevo,P006,Cupcake chocolate,Cupcakes,Chocolate,3,8500,4200,0.0,25500.0,WhatsApp,Transferencia,Completada,S002,,,Atlántico,E002,Camila,Asesora
V11158,2025-07-24 08:30,C011,Miguel Mendoza,Recurrente,P006,Cupcake chocolate,Cupcakes,Chocolate,1,8500,4200,0.0,8500.0,WhatsApp,Tarjeta,Completada,S002,Norte,Barranquilla,Atlántico,E002,Camila,Asesora
V10335,2025-03-02 19:30,C006,Sofia Ramirez,Nuevo,P007,Cupcake vainilla,Cupcakes,Vainilla,1,8000,3800,0.15,6800.0,Instagram,Transferencia,Completada,S001,Centro,Barranquilla,Atlántico,E005,Daniel,Asesor
V10074,2025-07-14 18:45,C008,Valentina Diaz,Recurrente,P011,Galleta chispas,Galletas,Chocolate,4,4500,1900,0.0,$18.000,Web,Efectivo,Completada,S002, Norte ,Barranquilla,Atlántico,E005,Daniel,Asesor
V10962,2025-08-10 11:15,C003,Maria Gomez,Recurrente,P005,Tres leches,Tortas,Leches,1,40000,21000,0.1,36000.0,WhatsApp,Tarjeta,Completada,S001,CENTRO,,Atlántico,E002,Camila,Asesora
V10905,2025-04-20 15:30,C028,Tomas Castro,Nuevo,P006,Cupcake chocolate,Cupcakes,Chocolate,3,8500,4200,0.0,"25500,0",WhatsApp,Nequi,Completada,S001,Centro,Barranquilla,Atlántico,E002,Camila,Asesora
V10124,2025-08-01 10:45,C002,Carlos Perez,Recurrente,P012,Galleta avena,Galletas,Avena,2,4000,1700,,8000.0,Tienda,Efectivo,completada,S002,Norte,Barranquilla,Atlántico,E003,Mateo,Asesor
V10342,2025-12-05 16:45,C018,Mariana Navarro,Nuevo,P013,Croissant,Panadería,Tradicional,2,6500,2800,0.0,13000.0,whatsapp,Tarjeta,Completada,S001,Centro,Barranquilla,Atlántico,E006,Valentina,Asesora
V10577,2025-03-08 10:50,C019,FELIPE ORTIZ,Nuevo,P004,Red velvet,,Red velvet,8,45000,24000,0.0,360000.0,Tienda,Nequi,Completada,S002,Norte,Barranquilla,Atlántico,E005,Daniel,Asesor
V10390,2025-01-04 13:50,C030,Samuel Jimenez,Nuevo,P011,Galleta chispas,Galletas,Chocolate,1,4500,1900,0.0,4500.0,WhatsApp,Transferencia,Completada,S002,Norte,Barranquilla,Atlántico,E001,Laura,Asesora
V10783,2025-04-17 14:45,C006,Sofia Ramirez,Nuevo,P016,Tarta de limón,Tartas,Limón,1,18000,8800,0.0,18000.0,Domicilio,Tarjeta,Completada,S001,Centro,,Atlántico,E001,Laura,Asesora
V10574,2025-12-18 15:45,C003,Maria Gomez,Nuevo,P002,Torta de vainilla,Tortas,Vainilla,1,38000,19500,0.0,38000.0,WhatsApp,Transferencia,Completada,S002, Norte ,Barranquilla,Atlántico,E004,Sofia,Asesora
V10854,2025-12-12 15:10,C023,Juliana Torres,Nuevo,P017,Macaron caja x6,Macarons,Variados,8,22000,11000,0.0,176000.0,,Tarjeta,Completada,S003,soledad,Soledad,Atlántico,E005,Daniel,Asesor
V10365,2025-04-14 19:20,C026,Ricardo Diaz,Recurrente,P013,Croissant,Panadería,Tradicional,3,6500,2800,0.0,19500.0,WhatsApp,Efectivo,Completada,S002,Norte,Barranquilla,Atlántico,E001,Laura,Asesora
V10915,2025-07-20 18:15,C016,Isabella Romero,Nuevo,P015,Tarta de manzana,Tartas,Manzana,2,18000,9000,0.0,36000.0,Instagram,Transferencia,Completada,S004,Riomar,Barranquilla,Atlántico,E006,Valentina,Asesora
V10144,2025-06-27 16:50,C014,Sara Moreno,Nuevo,P017,Macaron caja x6,Macarons,Variados,1,22000,11000,0.0,22000.0,instagram,Transferencia,Cancelado,S001,Centro,Barranquilla,Atlántico,E004,Sofia,Asesora
V10318,2025-01-21 12:30,C017,Sebastian Ruiz,Recurrente,P020,Caja regalo dulce,Combos,Regalo,6,52000,28500,0.0,312000.0,Tienda,Transferencia,Completada,S002,Norte,Barranquilla,Atlántico,E005,Daniel,Asesor
V11114,2025-08-29 16:15,C017,Sebastian Ruiz,Nuevo,P020,Caja regalo dulce,Combos,Regalo,2,52000,28500,0.0,104000.0,tienda,,Completada,S004,Riomar,Barranquilla,Atlántico,E002,Camila,Asesora
V11072,2025-09-16 15:20,C024,Mateo Hernandez,Recurrente,P006,Cupcake chocolate,Cupcakes,Chocolate,2,8500,4200,0.0,17000.0,Domicilio,Daviplata,Completada,S001,Centro,Barranquilla,Atlántico,E006,Valentina,Asesora
V11075,2025-05-08 14:15,C030,Samuel Jimenez,Recurrente,P012,Galleta avena,Galletas,Avena,1,4000,1700,0.05,3800.0,WhatsApp,Tarjeta,Completada,S003,Soledad,Soledad,Atlántico,E003,Mateo,Asesor
V10850,2025-08-10 16:50,C008,Valentina Diaz,Nuevo,P012,Galleta avena,Galletas,Avena,3,4000,1700,0.1,10800.0,WhatsApp,transferencia,Completada,S003,Soledad,Soledad,Atlántico,E003,Mateo,Asesor
V11008,2025-10-30 18:00,C022,Alejandro Gomez,Nuevo,P012,Galleta avena,Galletas,Avena,1,4000,1700,0.0,4000.0,Instagram,Tarjeta,Completada,S002,Norte,Barranquilla,Atlántico,E005,Daniel,Asesor
V11131,2025-01-31 16:20,C013,Nicolas Vargas,Recurrente,P019,Caja desayuno,Combos,Desayuno,2,32000,17000,0.0,64000.0,Tienda,Nequi,Completada,S001,Centro,Barranquilla,Atlántico,E006,Valentina,Asesora
V10792,2025-01-25 18:20,C006,Sofia Ramirez,Nuevo,P011,Galleta chispas,Galletas,Chocolate,2,4500,1900,0.0,9000.0,Domicilio,Tarjeta,Completada,S003,Soledad,Soledad,Atlántico,E006,Valentina,Asesora
V10987,2025-11-05 17:15,C003,Maria Gomez,Nuevo,P008,Cupcake red velvet,Cup cake,Red velvet,1,9500,4800,0.0,9500.0,Tienda,Efectivo,Completada,S002,Norte,Barranquilla,Atlántico,E005,Daniel,Asesor
V10675,2025-06-24 19:30,C020,Gabriela Silva,Nuevo,P017,Macaron caja x6,Macarons,Variados,1,$22.000,11000,0.05,20900.0,Web,Nequi,Completado,S003,Soledad,Soledad,Atlántico,E005,Daniel,Asesor
V10592,2025-02-14 18:15,C001,Ana Rodriguez,Nuevo,P011,Galleta chispas,Galletas,Chocolate,4,4500,1900,0.05,17100.0,WhatsApp,Transfer,Completada,S001,Centro,Barranquilla,Atlántico,E003,Mateo,Asesor
V10238,2025-01-28 14:20,C009,Daniel Rojas,Nuevo,P005,Tres leches,Tortas,Leches,4,40000,21000,0.0,160000.0,Domicilio,Transferencia,Completada,S001,Centro,Barranquilla,Atlántico,E006,Valentina,Asesora
V10488,2025-06-08 12:20,C010,Camila Castro,Nuevo,P012,Galleta avena,Galleta,Avena,1,4000,1700,0.05,3800.0,Instagram,TRANSFERENCIA,Completada,S002,Norte,Barranquilla,Atlántico,E001,Laura,Asesora
V11055,2025-12-26 17:50,C010,Camila Castro,Nuevo,P009,Brownie clásico,REPOSTERÍA,Chocolate,1,7000,3200,0.0,7000.0,Tienda,Tarjeta,Cancelada,S003,Soledad,Soledad,Atlántico,E003,Mateo,Asesor
V10073,2025-04-27 10:10,C027,CAROLINA ROJAS,Nuevo,P016,Tarta de limón,Tartas,Limón,1,18000,8800,0.0,18000.0,Tienda,Tarjeta,Completada,S002,Norte,Barranquilla,Atlántico,E001,Laura,Asesora
V10035,2025-10-16 17:45,C003,Maria Gomez,Recurrente,P010,Brownie con nueces,Repostería,Nueces,1,8500,4000,0.0,8500.0,WhatsApp,Efectivo,Completada,S003,Soledad,Soledad,Atlántico,E003,Mateo,Asesor
V10842,2025-03-07 17:40,C004,Juan Martinez,Nuevo,P016,Tarta de limón,Tartas,Limón,1,$18.000,8800,0.0,$18.000,Tienda,Transferencia,Completada,S004,Riomar,Barranquilla,Atlántico,E005,Daniel,Asesor
V10525,2025-12-28 18:00,C023,Juliana Torres,Recurrente,P011,Galleta chispas,Galletas,Chocolate,1,4500,1900,0.1,4050.0,Instagram,Daviplata,Completada,S003,Soledad,Soledad,Atlántico,E001,Laura,Asesora
V11067,2025-12-23 16:10,C020,Gabriela Silva,Nuevo,P001,Torta de chocolate,Tortas,Chocolate,2,42000,22000,0.2,67200.0,Domicilio,Tarjeta,Completada,S002,Norte,Barranquilla,Atlántico,E001,Laura,Asesora
V10702,2025-10-29 11:50,C007,Andres Torres,Recurrente ,P020,Caja regalo dulce,Combos,Regalo,4,52000,28500,0.0,208000.0,Web,Tarjeta,Completada,S003,,Soledad,Atlántico,E004,Sofia,Asesora
V11198,2025-07-06 17:15,C001,Ana Rodriguez,Nuevo,P010,Brownie con nueces,REPOSTERÍA,Nueces,1,8500,4000,0.0,8500.0,Web,Transfer,Completada,S004,Riomar,Barranquilla,Atlántico,E003,Mateo,Asesor
V10629,2025-10-23 18:00,C001,Ana Rodriguez,Recurrente,P011,Galleta chispas,Galletas,Chocolate,4,4500,1900,0.0,18000.0,Domicilio,Daviplata,Completada,S001,Centro,Barranquilla,Atlántico,E003,Mateo,Asesor
V10132,2025-10-13 12:30,C013,Nicolas Vargas,Nuevo,P003,Cheesecake frutos rojos,Tortas,Frutos rojos,1,48000,26000,0.0,48000.0,Instagram,Daviplata,Completado,S002,Norte,Barranquilla,Atlántico,E004,Sofia,Asesora
V10235,2025-04-18 16:10,C010,Camila Castro,Recurrente,P001,Torta de chocolate,Tortas,Chocolate,5,42000,22000,,210000.0,Tienda,Nequi,Completada,S003,Soledad,Soledad,Atlántico,E003,Mateo,Asesor
V11219,06/04/2025 15:10,C020,Gabriela Silva,Recurrente,P004,Red velvet,Tortas,Red velvet,1,45000,24000,0.0,45000.0,WhatsApp,Nequi,Cancelada,S002,norte,Barranquilla,Atlántico,E006,Valentina,Asesora
V11022,2025-01-20 15:50,C004, Juan Martinez ,Nuevo,P006,Cupcake chocolate,Cupcakes,Chocolate,5,8500,4200,0.0,42500.0,tienda,Nequi,Completada,S001,Centro,Barranquilla,Atlántico,E005,Daniel,Asesor
V10283,2025-10-04 08:50,C003,Maria Gomez,Nuevo,P008,Cupcake red velvet,Cupcakes,Red velvet,1,9500,4800,0.1,8550.0,Tienda ,Tarjeta,Completada,S001,Centro,Barranquilla,Atlántico,E004,Sofia,Asesora
V10469,2025-01-27 15:10,C025,Lucia Ramirez,Recurrente,P014,Roll de canela,Panadería,Canela,1,7500,3100,0.0,7500.0,,transferencia,Completada,S001,Centro,Barranquilla,Atlántico,E004,Sofia,Asesora
V10508,2025-10-08 10:00,C023,Juliana Torres,Corporativo,P014,Roll de canela,panaderia,Canela,6,7500,3100,0.1,40500.0,Domicilio,Tarjeta,Completada,S003,Soledad,Soledad,Atlántico,E006,Valentina,Asesora
V11212,2025-12-20 16:00,C021,Natalia Perez,Nuevo,P012,Galleta avena,Galletas,Avena,2,4000,1700,0.2,6400.0,tienda,Transferencia,Completada,S002,Norte,Barranquilla,Atlántico,E001,Laura,Asesora
V10865,2025-02-01 12:30,C007,Andres Torres,Recurrente,P008,Cupcake red velvet,Cupcakes,Red velvet,2,9500,4800,0.0,19000.0,Tienda,Tarjeta,Completada,S003,Soledad,Soledad,Atlántico,E001,Laura,Asesora
V10760,2025-08-19 13:15,C019,Felipe Ortiz,Nuevo,P011,Galleta chispas,Galletas,Chocolate,1,4500,1900,0.15,3825.0,Tienda,Transferencia,Completada,S003,Soledad,Soledad,Atlántico,E005,Daniel,Asesor
V10864,2025-03-16 15:30,C011,Miguel Mendoza,Recurrente,P012,Galleta avena,Galletas,Avena,1,4000,1700,0.0,4000.0,Domicilio,Tarjeta,Completada,S003,Soledad,Soledad,Atlántico,E006,Valentina,Asesora
V10539,2025-04-25 18:45,C010,Camila Castro,Nuevo,P011,Galleta chispas,Galletas,Chocolate,1,4500,1900,0.0,4500.0,Web,,Completada,S001,Centro,Barranquilla,Atlántico,E005,Daniel,Asesor
V10374,2025-06-17 17:00,C008,Valentina Diaz,Recurrente,P002,Torta de vainilla,Tortas,Vainilla,2,38000,19500,0.05,72200.0,Tienda,Transferencia,Completada,S002,Norte,Barranquilla,Atlántico,E004,Sofia,Asesora
V10306,2025-12-17 12:40,C003,Maria Gomez,NUEVO,P007,Cupcake vainilla,Cupcakes,Vainilla,1,8000,3800,0.0,8000.0,whatsapp,Tarjeta,Completada,S004,Riomar,Barranquilla,Atlántico,E005,Daniel,Asesor
V10270,2025-10-02 13:20,C027,Carolina Rojas,Nuevo,P004,Red velvet,,Red velvet,1,45000,24000,0.0,45000.0,WhatsApp,Nequi,Completada,S001,Centro,Barranquilla,Atlántico,E005,Daniel,Asesor
V10999,2025-02-11 10:10,C027,Carolina Rojas,Recurrente ,P009,Brownie clásico,Repostería,Chocolate,3,7000,3200,0.0,21000.0,Domicilio,Efectivo,Completada,S003,Soledad,Soledad,Atlántico,E006,Valentina,Asesora
V11134,01-06-2025 15:15,C024,Mateo Hernandez,Recurrente,P007,Cupcake vainilla,Cupcakes,Vainilla,1,8000,3800,0.1,7200.0,Tienda,Tarjeta,Completada,S003,Soledad,Soledad,Atlántico,E006,Valentina,Asesora
V11077,2025-06-03 12:20,C027,Carolina Rojas,Nuevo,P017,Macaron caja x6,Macarons,Variados, 4 ,22000,11000,,88000.0,,Tarjeta,Devuelta,S001,Centro,Barranquilla,Atlántico,E006,Valentina,Asesora
V10699,2025-05-20 08:15,C027,Carolina Rojas,Recurrente,P002,Torta de vainilla,Tortas,Vainilla,2,38000,19500,0.0,76000.0,Tienda,Nequi,Completada,S003,Soledad,Soledad,Atlántico,E001,Laura,Asesora
V11200,2025-03-09 11:15,C018,Mariana Navarro,Nuevo,P015,Tarta de manzana,Tartas,Manzana,1,18000,9000,0.0,18000.0,Domicilio,Transferencia,Devuelta,S001,centro,Barranquilla,Atlántico,E002,Camila,Asesora
V10505,2025-12-22 15:10,C015,Diego Suarez,Nuevo,P006,Cupcake chocolate,Cupcakes,Chocolate,3,8500,4200,0.05,24225.0,Domicilio,Tarjeta,Completada,S003,Soledad,Soledad,Atlántico,E001,Laura,Asesora
V10267,2025-12-02 16:00,C023,Juliana Torres,Corporativo,P009,brownie clasico,Repostería,Chocolate,4,7000,3200,0.2,22400.0,Instagram,Transferencia,Completada,S002,Norte,Barranquilla,Atlántico,E003,Mateo,Asesor
V10259,2025-05-05 19:00,C019,Felipe Ortiz,Recurrente,P005,Tres leches,,Leches,1,40000,21000,0.1,36000.0,WHATSAPP,Nequi,Completada,S001,Centro,Barranquilla,Atlántico,E006,Valentina,Asesora
V11000,2025-01-02 18:15,C014,Sara Moreno,Recurrente,P014,Roll de canela,Panadería,Canela,1,7500,3100,0.0,7500.0,Tienda,Nequi,Completada,S004,Riomar,Barranquilla,Atlántico,E004,Sofia,Asesora
V10885,2025-11-11 15:10,C022,Alejandro Gomez,Recurrente,P009,Brownie clásico,Repostería,Chocolate,1,7000,3200,0.0,7000.0,Tienda,Efectivo,Completado,S002,Norte,Barranquilla,Atlántico,E004,Sofia,Asesora
V10135,2025-08-27 13:20,C012,Paula Jimenez,Nuevo,P006,Cupcake chocolate,Cupcakes,Chocolate,1,8500,4200,0.0,8500.0,Domicilio,Transferencia,Completada,S002,NORTE,Barranquilla,Atlántico,E003,Mateo,Asesor
V10010,2025-06-09 13:20,C022,Alejandro Gomez,Recurrente,P014,Roll de canela,Panadería,Canela,2,7500,3100,0.0,15000.0,WhatsApp,Efectivo,Completada,S002,Norte,Barranquilla,Atlántico,E001,Laura,Asesora
V10138,2025-11-19 16:00,C023,Juliana Torres,Nuevo,P001,Torta de chocolate,Tortas,Chocolate,1,42000,22000,0.0,42000.0,WhatsApp,Efectivo,Completada,S001,Centro,Barranquilla,Atlántico,E001,Laura,Asesora
V10210,2025-04-22 15:30,C022,Alejandro Gomez,Recurrente,P011,Galleta chispas,Galletas,Chocolate,2,4500,1900,0.0,9000.0,Instagram,Efectivo,Cancelada,S002,,Barranquilla,Atlántico,E003,Mateo,Asesor
V10750,2025-03-09 20:45,C028,Tomas Castro,Nuevo,P003,Cheesecake frutos rojos,Tortas,Frutos rojos,1,48000,26000,0.0,48000.0,Tienda,Efectivo,Completada,S002,NORTE,Barranquilla,Atlántico,E005,Daniel,Asesor
V10787,2025/03/31 14:40,C005,Laura Hernandez,Recurrente,P014,Roll de canela,Panadería,Canela,3,7500,3100,0.1,20250.0,Tienda,Nequi,Completada,S004,Riomar,Barranquilla,Atlántico,E003,Mateo,Asesor
V11100,2025-11-25 13:45,C025,Lucia Ramirez,Recurrente,P012,Galleta avena,Galletas,Avena,3,4000,1700,0.2,9600.0,Tienda,Transferencia,Cancelada,S003,Soledad,Soledad,Atlántico,E005,Daniel,Asesor
V10109,2025-07-21 08:40,C024, Mateo Hernandez ,,P008,Cupcake red velvet,Cupcakes,Red velvet,2,9500,4800,0.0,19000.0,WhatsApp,Transferencia,Completada,S004,Riomar,Barranquilla,Atlántico,E006,Valentina,Asesora
V10445,2025-12-20 17:10,C020,Gabriela Silva,Recurrente,P013,Croissant,Panadería,Tradicional,3,6500,2800,0.0,19500.0,Domicilio,Transferencia,Completada,S004,Riomar,Barranquilla,Atlántico,E005,Daniel,Asesor
V10673,2025-07-16 14:45,C003,Maria Gomez,Nuevo,P014,Roll de canela,Panadería,Canela,4,7500,3100,0.0,30000.0,WhatsApp,Efectivo,Completada,S002,Norte,Barranquilla,Atlántico,E005,Daniel,Asesor
V10892,2025-01-07 12:50,C022,Alejandro Gomez,Nuevo,P001,Torta de chocolate,Tortas,Chocolate,2,42000,22000,0.0,84000.0,Tienda,NEQUI,Completada,S001,Centro,Barranquilla,Atlántico,E004,Sofia,Asesora
V10874,2025-07-10 17:20,C014,Sara Moreno,Recurrente,P015,Tarta de manzana,Tartas,Manzana,1,18000,9000,0.2,14400.0,Tienda,,Completada,S001,Centro,Barranquilla,Atlántico,E001,Laura,Asesora
V10458,2025-09-17 20:20,C002,Carlos Perez,Recurrente,P013,Croissant,Panadería,Tradicional,6,6500,2800,0.15,33150.0,WhatsApp,Transferencia,Cancelada,S002,Norte,Barranquilla,Atlántico,E003,Mateo,Asesor
V10110,2025-02-26 19:20,C019,Felipe Ortiz,Nuevo,P019,Caja desayuno,Combos,Desayuno,5,32000,17000,0.0,160000.0,Domicilio,Transferencia,Completada,S004,Riomar,Barranquilla,Atlántico,E006,Valentina,Asesora
V11130,2025-10-05 14:20,C020,Gabriela Silva,RECURRENTE,P006,Cupcake chocolate,Cupcakes,Chocolate,6,8500,4200,0.0,51000.0,Domicilio,Tarjeta,Completada,S002,Norte,Barranquilla,Atlántico,E003,Mateo,Asesor
V10915,2025-10-30 14:50,C024,Mateo Hernandez,Nuevo,P015,Tarta de manzana,Tartas,Manzana,3,18000,9000,0.0,54000.0,WhatsApp,Efectivo,Completada,S003,Soledad,Soledad,Atlántico,E003,Mateo,Asesor
V10181,2025-02-13 13:40,C017,Sebastian Ruiz,Nuevo,P007,Cupcake vainilla,Cupcakes,Vainilla,3,8000,3800,0.0,24000.0,Tienda,Transferencia,Cancelada,S002,Norte,Barranquilla,Atlántico,E004,Sofia,Asesora
V11047,2025-02-24 14:20,C001,Ana Rodriguez,Recurrente,P005,Tres leches,Tortas,Leches,1,40000,21000,0.05,38000.0,Tienda,Efectivo,Completada,S001,Centro,Barranquilla,Atlántico,E003,Mateo,Asesor
V10334,2025-02-22 13:50,C022,Alejandro Gomez,Recurrente,P003,Cheesecake frutos rojos,Tortas,Frutos rojos,1,48000,26000,0.1,43200.0,Web,Transferencia,completada,S002,Norte,Barranquilla,Atlántico,E006,Valentina,Asesora
V10265,2025-05-22 13:40,C013,Nicolas Vargas,Recurrente,P013,Croissant,Panadería,Tradicional,1,6500,2800,0.0,6500.0,WEB,Transferencia,Completada,S004,Riomar,Barranquilla,Atlántico,E006,Valentina,Asesora
V10236,2025-06-14 13:10,C026,Ricardo Diaz,Corporativo,P002,Torta de vainilla,torta,Vainilla,6,38000,19500,0.2,182400.0,,Transferencia,Completada,S002,Norte,Barranquilla,Atlántico,E001,Laura,Asesora
V10904,2025-05-07 14:45,C008,Valentina Diaz,Nuevo,P020,Caja regalo dulce,Combos,Regalo,2,52000,28500,0.0,104000.0,Domicilio,Daviplata,Completada,S004,Riomar,Barranquilla,Atlántico,E004,Sofia,Asesora
V11271,2025-10-19 13:15,C026,Ricardo Diaz,Corporativo,P014,Roll de canela,Panadería,Canela,3,7500,3100,0.0,22500.0,WhatsApp,Tarjeta,Completada,S001,Centro,Barranquilla,Atlántico,E002,Camila,Asesora
V11174,2025/12/10 17:40,C019,Felipe Ortiz,Nuevo,P009,Brownie clásico,Repostería,Chocolate,3,7000,3200,0.15,17850.0,Domicilio,Transferencia,Completada,S004,Riomar,Barranquilla,Atlántico,E002,Camila,Asesora
V11201,2025-12-05 15:10,C010,CAMILA CASTRO,Nuevo,P011,Galleta chispas,Galletas,Chocolate,1,4500,1900,0.0,4500.0,WhatsApp,Nequi,Completada,S003,Soledad,Soledad,Atlántico,E004,Sofia,Asesora
V10149,2025-11-11 17:15,C015,Diego Suarez,Recurrente,P012,Galleta avena,Galletas,Avena,1,4000,1700,0.0,4000.0,Web,Tarjeta, completada ,S004,Riomar,Barranquilla,Atlántico,E003,Mateo,Asesor
V11237,2025-05-08 12:50,C022,Alejandro Gomez,Nuevo,P009,Brownie clásico,Repostería,Chocolate,1,7000,3200,0.0,$7.000,Domicilio,Daviplata,Completada,S002,Norte,Barranquilla,Atlántico,E004,Sofia,Asesora
V10471,2025-07-11 17:30,C006,Sofia Ramirez,Recurrente,P012,Galleta avena,galletas,Avena,2,4000,1700,0.0,8000.0,whatsapp,Daviplata,Completada,S002,Norte,Barranquilla,Atlántico,E006,Valentina,Asesora
V10411,2025-08-12 14:20,C021,Natalia Perez,Recurrente,P014,Roll de canela,Panadería,Canela,3,7500,3100,0.0,22500.0,Domicilio,Transferencia,Completada,S001,Centro,Barranquilla,Atlántico,E005,Daniel,Asesor
V10498,2025-05-25 12:20,C026,Ricardo Diaz,Corporativo,P009,Brownie clásico,Repostería,Chocolate, 6 ,7000,3200,0.15,35700.0,WhatsApp,Transferencia,Completada,S004,Riomar,Barranquilla,Atlántico,E005,Daniel,Asesor
V10691,2025-04-18 12:30,C009,Daniel Rojas,Recurrente,P005,Tres leches,Tortas,Leches,2,40000,21000,0.15,68000.0,Tienda,Tarjeta,Completada,S002,Norte,Barranquilla,Atlántico,E005,Daniel,Asesor
V10002,2025-10-10 18:10,C021,Natalia Perez,Recurrente,P011,Galleta chispas,Galletas,Chocolate,4,4500,1900,0.1,16200.0,WhatsApp,Nequi,Completada,S002,Norte,Barranquilla,Atlántico,E004,Sofia,Asesora
V10677,2025-10-19 18:20,C027,Carolina Rojas,Nuevo,P011,Galleta chispas,Galletas,Chocolate,1,4500,1900,0.0,4500.0,WhatsApp,Transferencia,Cancelada,S003,SOLEDAD,Soledad,Atlántico,E004,Sofia,Asesora
V10382,2025-04-07 15:50,C028,Tomas Castro,Recurrente,P015,Tarta de manzana,Tartas,Manzana,4,18000,9000,0.0,72000.0,WhatsApp,Tarjeta,Completado,S001,Centro,Barranquilla,Atlántico,E004,Sofia,Asesora
V10261,2025-11-07 18:00,C016,Isabella Romero,Recurrente,P013,Croissant,Panadería,Tradicional,2,6500,2800,0.0,13000.0,Domicilio,Transferencia, completada ,S001,Centro,Barranquilla,Atlántico,E006,Valentina,Asesora
V10001,2025-08-25 14:10,C030,Samuel Jimenez,Recurrente,P005,Tres leches,Tortas,Leches,2,40000,21000,0.0,80000.0,Instagram,Nequi,Completada,S002,Norte,Barranquilla,Atlántico,E002,Camila,Asesora
V10179,2025-07-08 08:45,C016,Isabella Romero,,P003,Cheesecake frutos rojos,,Frutos rojos,4,48000,26000,0.2,153600.0,Tienda,Daviplata,Completada,S002,Norte,Barranquilla,Atlántico,E006,Valentina,Asesora
V10451,2025-11-07 16:15,C026,RICARDO DIAZ, Nuevo ,P012,Galleta avena,Galletas,Avena,10,4000,1700,0.05,"38000,0",Tienda,Tarjeta,Completada,S002,Norte,Barranquilla,Atlántico,E005,Daniel,Asesor
V10679,2025-11-13 10:30,C008,Valentina Diaz,NUEVO,P002,Torta de vainilla,Tortas,Vainilla,1,38000,19500,0.0,38000.0,Instagram,Nequi ,Completada,S003,Soledad,Soledad,Atlántico,E003,Mateo,Asesor
V10033,2025-01-04 12:20,C010,Camila Castro,,P009,Brownie clásico,Repostería,Chocolate,4,7000,3200,0.0,28000.0,,Tarjeta,Completada,S004,Riomar,Barranquilla,Atlántico,E003,Mateo,Asesor
V10447,2025-08-31 12:45,C004,juan martinez,Nuevo,P006,Cupcake chocolate,Cupcakes,Chocolate,1,8500,4200,0.0,8500.0,Web,Daviplata,Completada,S002,Norte,Barranquilla,Atlántico,E001,Laura,Asesora
V10194,2025-08-20 10:10,C028,Tomas Castro,Nuevo,P016,Tarta de limón,Tartas,Limón,1,18000,8800,0.0,18000.0,tienda,Efectivo,completada,S001,Centro,Barranquilla,Atlántico,E003,Mateo,Asesor
V10107,2025-05-24 17:20,C020,Gabriela Silva,Recurrente,P010,Brownie con nueces, Repostería ,Nueces,1,8500,4000,0.0,8500.0,Domicilio,Tarjeta,Completada,S004,Riomar,Barranquilla,Atlántico,E005,Daniel,Asesor
V11026,2025-01-09 11:50,C009,Daniel Rojas,Corporativo,P015,Tarta de manzana,Tartas,Manzana,3,18000,9000,0.15,45900.0,Tienda,Nequi,Completada,S004,Riomar,Barranquilla,Atlántico,E005,Daniel,Asesor
V10786,09-23-2025 17:45,C023,JULIANA TORRES,Nuevo,P012,Galleta avena,Galletas,Avena,1,4000,1700,0.0,4000.0,Instagram,Tarjeta,Completada,S001,Centro,Barranquilla,Atlántico,E002,Camila,Asesora
V10692,2025-10-11 08:20,C001,Ana Rodriguez,Nuevo,P009,Brownie clásico, Repostería ,Chocolate,1,7000,3200,0.0,7000.0,Domicilio,Efectivo,Completada,S003,Soledad,Soledad,Atlántico,E001,Laura,Asesora
V11154,2025-02-10 17:30,C012,Paula Jimenez,Recurrente,P006,Cupcake chocolate,Cupcakes,Chocolate,2,8500,4200,0.0,17000.0,WhatsApp,Tarjeta,Completada,S003,Soledad,Soledad,Atlántico,E004,Sofia,Asesora
V10924,2025-02-03 11:20,C030,Samuel Jimenez,Recurrente,P011,Galleta chispas,Galletas,Chocolate,2,4500,1900,0.0,9000.0,Web,Tarjeta,Completada,S003,Soledad,Soledad,Atlántico,E004,Sofia,Asesora
V10767,04/04/2025 14:15,C011,Miguel Mendoza,Recurrente,P010,Brownie con nueces,Repostería,Nueces,2,8500,4000,0.0,17000.0,WhatsApp,Tarjeta, completada ,S002,Norte,Barranquilla,Atlántico,E002,Camila,Asesora
V11184,2025-04-17 13:00,C022,Alejandro Gomez,Recurrente,P012,Galleta avena,Galletas,Avena,5,4000,1700,0.0,20000.0,Ig,Tarjeta,Completada,S004,Riomar,Barranquilla,Atlántico,E005,Daniel,Asesor
V10478,2025-04-10 18:30,C019,Felipe Ortiz,Recurrente,P019,Caja desayuno,Combos,Desayuno,2,32000,17000,0.0,64000.0,Tienda,Transferencia,Completada,S003,Soledad,,Atlántico,E002,Camila,Asesora
V11267,2025-10-01 14:15,C002,Carlos Perez, Nuevo ,P004,Red velvet,Tortas,Red velvet,1,45000,24000,0.0,45000.0,WhatsApp,Efectivo,Completada,S004,Riomar,Barranquilla,Atlántico,E001,Laura,Asesora
V10716,2025-12-07 15:10,C010,CAMILA CASTRO,Recurrente,P009,Brownie clásico,Repostería,Chocolate,1,7000,3200,0.0,7000.0,WhatsApp,Tarjeta,Completada,S002,Norte,Barranquilla,Atlántico,E005,Daniel,Asesor
V11259,2025/05/13 09:50,C015,Diego Suarez,Nuevo,P007,Cupcake vainilla,Cupcakes,Vainilla,3,8000,3800,0.05,22800.0,Tienda,Tarjeta,Completada,S003,Soledad,Soledad,Atlántico,E004,Sofia,Asesora
V10297,2025-08-15 13:15,C015,Diego Suarez,Nuevo,P014,Roll de canela,Panadería,Canela,3,7500,3100,0.0,22500.0,Tienda,Tarjeta,Completada,S003,Soledad,Soledad,Atlántico,E003,Mateo,Asesor
V10255,2025-01-22 16:30,C017,Sebastian Ruiz,Recurrente,P014,Roll de canela,Panadería,Canela,1,7500,3100,0.15,6375.0,WhatsApp,Transferencia,Completada,S003,Soledad,Soledad,Atlántico,E006,Valentina,Asesora
V10360,2025-08-24 14:10,C010,Camila Castro,Recurrente,P008,Cupcake red velvet,Cupcakes,Red velvet,1,9500,4800,0.2,7600.0,Tienda,Tarjeta,Completada,S003,Soledad,Soledad,Atlántico,E006,Valentina,Asesora
V10260,2025-12-05 17:15,C003,Maria Gomez,Nuevo,P006,Cupcake chocolate,Cupcakes,Chocolate,2,8500,4200,0.2,13600.0,WhatsApp,Transferencia,COMPLETADA,S004,Riomar,Barranquilla,Atlántico,E005,Daniel,Asesor
V10755,2025-08-23 14:20,C028, Tomas Castro ,Nuevo,P009,Brownie clásico,Repostería,Chocolate,2,7000,3200,0.05,13300.0,Web,Tarjeta,Completada,S002,Norte,Barranquilla,Atlántico,E006,Valentina,Asesora
V10722,2025-08-16 16:40,C002,Carlos Perez,Nuevo,P006,Cupcake chocolate,Cupcakes,Chocolate,4,8500,4200,0.0,34000.0,Tienda,Nequi,Completada,S003,Soledad,Soledad,Atlántico,E006,Valentina,Asesora
V10978,2025-05-29 18:00,C002,Carlos Perez,Nuevo,P011,Galleta chispas,Galletas,Chocolate,3,4500,1900,0.0,13500.0,Web,Tarjeta,Completada,S004,Riomar,Barranquilla,Atlántico,E006,,Asesora
V10346,26/04/2025 09:00,C020,Gabriela Silva,Nuevo,P002,Torta de vainilla,tortas,Vainilla,2,38000,19500,0.0,76000.0,Web,Nequi,Completada,S001,Centro,Barranquilla,Atlántico,E005,Daniel,Asesor
V10455,2025-09-22 09:15,C012,Paula Jimenez,Corporativo,P011,Galleta chispas,Galletas,Chocolate,3,$4.500,1900,0.1,12150.0,Web,Transferencia,Completada,S003,Soledad,Soledad,Atlántico,E005,Daniel,Asesor
V10491,2025-07-12 16:40,C006,Sofia Ramirez,Recurrente,P016,Tarta de limón,Tartas,Limón,1,18000,8800,0.0,18000.0,Tienda,Tarjeta,Completada,S001,Centro,Barranquilla,Atlántico,E001,Laura,Asesora
V11023,2025-07-21 18:45,C012,,Recurrente,P001,torta de chocolate,Tortas,Chocolate,2,42000,22000,0.0,84000.0,Tienda,Tarjeta,Completado,S001,Centro,Barranquilla,Atlántico,E002,Camila,Asesora
V10587,2025-07-02 15:45,C011,Miguel Mendoza,Nuevo,P007,Cupcake vainilla,Cupcakes,Vainilla,5,8000,3800,0.0,40000.0,Domicilio,Nequi,Completada,S001,Centro,Barranquilla,Atlántico,E002,Camila,Asesora
V10698,2025-07-30 14:50,C001,Ana Rodriguez,Nuevo,P012,Galleta avena,Galletas,Avena,2,4000,1700,0.15,6800.0,Domicilio,Nequi,Completada,S003,Soledad,Soledad,Atlántico,E004,Sofia,Asesora
V11054,2025-10-30 17:00,C008,Valentina Diaz,Nuevo,P002,Torta de vainilla,Tortas,Vainilla,4,38000,19500,0.15,$129.200,WhatsApp,daviplata,Completada,S001,Centro,Barranquilla,Atlántico,E002,Camila,Asesora
V10563,2025-09-05 18:50,C007,Andres Torres,Nuevo,P015,Tarta de manzana,Tartas,Manzana,2,18000,9000,0.0,"36000,0",WhatsApp,DaviPlata,Cancelada,S002,Norte,Barranquilla,Atlántico,E005,Daniel,Asesor
V10183,2025-02-16 15:10,C012,,Nuevo,P009,Brownie clásico,Repostería,Chocolate,1,7000,3200,0.2,5600.0,Tienda,Nequi,Completada,S003,SOLEDAD,Soledad,Atlántico,E004,Sofia,Asesora
V10906,2025-12-11 12:10,C026,Ricardo Diaz,Recurrente,P017,Macaron caja x6,Macarons,Variados,1,22000,$11.000,0.0,22000.0,Tienda,Transferencia,Completada,S002,Norte,Barranquilla,Atlántico,E005,Daniel,Asesor
V10740,2025-03-04 15:15,C015,Diego Suarez,Nuevo,P004,Red velvet,Tortas,Red velvet,4,45000,24000,0.0,180000.0,Instagram,Tarjeta,Completada,S004,Riomar,Barranquilla,Atlántico,E003,Mateo,Asesor
V10864,06-13-2025 09:20,C025,Lucia Ramirez,recurrente,P011,Galleta chispas,Galletas,Chocolate,1,4500,1900,0.2,3600.0,WhatsApp,Tarjeta,Completada,S002,Norte,Barranquilla,Atlántico,E005,Daniel,Asesor
V11230,2025-05-02 15:40,C030,samuel jimenez,Corporativo,P002,Torta de vainilla,Tortas,Vainilla,3,38000,19500,0.0,114000.0,En tienda,Tarjeta,Completada,S001,Centro,Barranquilla,Atlántico,E006,Valentina,Asesora
V10056,17/08/2025 14:45,C012,Paula Jimenez,Nuevo,P005,Tres leches,Tortas,Leches,3,40000,21000,0.0,120000.0,WhatsApp,Daviplata,Cancelada,S002,Norte,Barranquilla,Atlántico,E001,Laura,Asesora
V10320,2025-09-26 15:15,C024,Mateo Hernandez,recurrente,P014,Roll de canela, Panadería ,Canela,2,7500,3100,0.0,15000.0,Domicilio,Tarjeta,Completado,S003,Soledad,Soledad,Atlántico,E002,Camila,Asesora
V10476,2025-08-25 16:20,C007,Andres Torres,Nuevo,P007,Cupcake vainilla,CUPCAKES,Vainilla,1,$8.000,3800,0.0,8000.0,Tienda,Tarjeta,Completada,S002,Norte,Barranquilla,Atlántico,E002,Camila,Asesora
V10019,2025-08-15 12:15,C014,Sara Moreno,RECURRENTE,P009,Brownie clásico,Repostería,Chocolate, 1 ,7000,3200,0.05,6650.0,Domicilio,Nequi,Completada,S002,Norte,Barranquilla,Atlántico,E001,Laura,Asesora
V10170,2025-07-16 17:00,C014,Sara Moreno,Nuevo,P012,Galleta avena,Galletas,Avena,1,4000,1700,0.0,4000.0,Tienda,Efectivo,Completada,S002,NORTE,Barranquilla,Atlántico,E006,Valentina,Asesora
V11004,14/06/2025 09:40,C014,Sara Moreno,Recurrente,P009,Brownie clásico,Repostería,Chocolate,4,7000,3200,0.0,28000.0,WhatsApp,Nequi,Completada,S001,Centro,Barranquilla,Atlántico,E002,Camila,Asesora
V11126,2025-04-20 16:00,C030,Samuel Jimenez,Nuevo,P013,Croissant,panaderia,Tradicional,4,6500,2800,0.0,26000.0,Domicilio,Transferencia,Completada,S004,Riomar,Barranquilla,Atlántico,E004,Sofia,Asesora
V10441,2025-08-28 15:10,C030,Samuel Jimenez,Recurrente,P014,Roll de canela,Panadería,Canela,1,7500,3100,0.0,7500.0,Domicilio,Nequi,Completada,S002,NORTE,Barranquilla,Atlántico,E001,Laura,Asesora
V11191,2025-11-09 19:40,C003,Maria Gomez,Nuevo,P009,brownie clasico,Repostería,Chocolate,1,7000,3200,0.0,7000.0,Tienda,Tarjeta,Completada,S001,Centro,Barranquilla,Atlántico,E001,Laura,Asesora
V10764,2025-04-26 18:20,C008,Valentina Diaz,Nuevo,P011,Galleta chispas,Galletas,Chocolate,2,4500,1900,0.2,7200.0,Web,Efectivo,completada,S002,norte,Barranquilla,Atlántico,E006,Valentina,Asesora
V10073,2025-02-28 18:30,C016,Isabella Romero,,P007,Cupcake vainilla,Cup cake,Vainilla,1,8000,3800,0.0,8000.0,Instagram,Transferencia,Completada,S003,Soledad,Soledad,Atlántico,E004,Sofia,Asesora
V11168,2025-07-11 14:20,C012,Paula Jimenez,Recurrente,P007,Cupcake vainilla,Cupcakes,Vainilla,4,8000,3800,0.1,"28800,0",Instagram,Daviplata,Completada,S004,Riomar,Barranquilla,Atlántico,E005,Daniel,Asesor
V10219,2025-08-16 13:15,C018,Mariana Navarro,Nuevo,P015,Tarta de manzana,Tartas,Manzana,3,18000,9000,0.2,43200.0,Tienda,Nequi,Completada,S002,Norte,Barranquilla,Atlántico,E004,Sofia,Asesora
V10837,2025-07-27 12:20,C014,Sara Moreno,Nuevo,P014,Roll de canela,Panadería,Canela,2,7500,3100,0.0,$15.000,Domicilio,Transferencia,Completada,S002,Norte,Barranquilla,Atlántico,E006,Valentina,Asesora
V10876,2025-01-12 14:15,C016,Isabella Romero,Nuevo,P017,Macaron caja x6,Macarons,Variados,2,22000,11000,0.0,44000.0,Tienda,Tarjeta,Completada,S003,Soledad,Soledad,Atlántico,E001,Laura,Asesora
V11226,2025-11-24 09:45,C013,Nicolas Vargas,Recurrente,P006,Cupcake chocolate,Cupcakes,Chocolate,1,8500,4200,0.0,8500.0,Tienda,Nequi,Completada,S002,Norte,Barranquilla,Atlántico,E003,Mateo,Asesor
V10519,09-17-2025 19:20,C024,Mateo Hernandez,Nuevo,P013,Croissant,Panadería,Tradicional,1,6500,2800,0.0,6500.0,Tienda,Tarjeta,Completada,S001,Centro,Barranquilla,Atlántico,E003,Mateo,Asesor
V10878,2025-03-26 17:00,C025,Lucia Ramirez,Nuevo,P009,Brownie  clásico,Repostería,Chocolate,2,7000,3200,0.0,14000.0,Domicilio,Nequi,Completada,S001,Centro,Barranquilla,Atlántico,E002,Camila,Asesora
V11207,2025-09-15 16:40,C016,Isabella Romero,Recurrente,P004,Red velvet,Tortas,Red velvet,2,$45.000,24000,0.1,81000.0,Tienda,Tarjeta,Completada,S004,Riomar,Barranquilla,Atlántico,E001,Laura,Asesora
V10413,2025-06-03 16:15,C018,Mariana Navarro,Nuevo,P005,Tres leches,Tortas,Leches,1,40000,21000,0.0,40000.0,Tienda,Transferencia,Completada,S002,Norte,Barranquilla,Atlántico,E005,Daniel,Asesor
V10220,2025-02-23 14:45,C020,Gabriela Silva,Nuevo,P016,Tarta de limón,Tartas,Limón,1,18000,8800,0.15,15300.0,Tienda,Tarjeta,Completada,S002,Norte,Barranquilla,Atlántico,E003,Mateo,Asesor
V10845,2025-09-09 11:20,C019,Felipe Ortiz,Nuevo,P002,Torta de vainilla,Tortas,Vainilla,1,38000,19500,0.15,32300.0,Tienda,Tarjeta,Completada,S004,Riomar,Barranquilla,Atlántico,E006,Valentina,Asesora
V10294,2025-03-08 16:30,C002,Carlos Perez,Nuevo,P009,Brownie clásico,Repostería,Chocolate,2,7000,3200,0.0,14000.0,Tienda,Transferencia,completada,S001,Centro,Barranquilla,Atlántico,E001,Laura,Asesora
V10512,06-15-2025 08:40,C007,Andres Torres,Recurrente,P008,Cupcake red velvet,Cupcakes,Red velvet,5,9500,4800,0.0,47500.0,Whats app,Tarjeta,Completada,S002,Norte,Barranquilla,Atlántico,E001,Laura,Asesora
V10001,21/03/2025 15:45,C025,Lucia Ramirez,Nuevo,P013,Croissant,Panadería,Tradicional,1,6500,2800,0.0,6500.0,Tienda,Nequi,Completada,S001,Centro,Barranquilla,Atlántico,E001,Laura,Asesora
V10004,2025-10-18 13:45,C011,Miguel Mendoza,nuevo,P002,Torta de vainilla,Tortas,Vainilla,2,38000,19500,0.1,68400.0,Domicilio,Transferencia,Completada,S004, Rio Mar,Barranquilla,Atlántico,E005,Daniel,Asesor
V10249,2025-10-24 13:30,C019,Felipe Ortiz,Nuevo,P003,Cheesecake frutos rojos,Tortas,Frutos rojos,1,48000,26000,0.0,48000.0,Tienda,Nequi ,Completada,S002,Norte,Barranquilla,Atlántico,E002,Camila,Asesora
V11031,2025-01-21 18:10,C026,Ricardo Diaz,Nuevo,P012,Galleta avena,Galletas,Avena,2,4000,1700,0.1,7200.0,Instagram,nequi ,Completada,S001, Centro ,Barranquilla,Atlántico,E003,Mateo,Asesor
V11214,2025-09-06 15:30,C030,Samuel Jimenez,recurrente,P007,Cupcake vainilla,Cupcakes,Vainilla,3,8000,3800,0.0,24000.0,Web,Efectivo,Completada,S004,Riomar,Barranquilla,Atlántico,E005,Daniel,Asesor
V10550,2025-03-05 12:50,C012,Paula Jimenez,Corporativo,P005,Tres leches,tortas,Leches,3,40000,21000,0.0,120000.0,Tienda,Efectivo,Completada,S002, Norte ,Barranquilla,Atlántico,E006,Valentina,Asesora
V10291,2025-12-29 15:20,C020,Gabriela Silva,Nuevo,P017,Macaron caja x6,Macarons,Variados,1,22000,11000,0.0,22000.0,Tienda,Tarjeta,Cancelada,S001,Centro,Barranquilla,Atlántico,E002,Camila,Asesora
V11269,2025-04-08 15:10,C002,Carlos Perez,Recurrente,P019,Caja desayuno,Combos,Desayuno,1,32000,17000,0.0,32000.0,Tienda,Tarjeta,Completada,S003,Soledad,Soledad,Atlántico,E006,Valentina,Asesora
V10174,2025-11-24 15:10,C020,Gabriela Silva,Nuevo,P006,Cupcake chocolate,Cupcakes,Chocolate,1,8500,4200,0.0,8500.0,Tienda,Daviplata,Completada,S002,Norte,Barranquilla,Atlántico,E003,Mateo,Asesor
V10616,2025-05-14 10:45,C006, Sofia Ramirez ,Corporativo,P010,Brownie con nueces,Repostería,Nueces,3,8500,4000,0.2,20400.0,Tienda,Efectivo,Completada,S004,Riomar,Barranquilla,Atlántico,E001,Laura,Asesora
V10022,2025-03-23 18:20,C004,Juan Martinez,Nuevo,P011,Galleta chispas,Galletas,Chocolate,1,4500,1900,0.0,4500.0,WhatsApp,Tarjeta,Completada,S003,Soledad,Soledad,Atlántico,E001,Laura,Asesora
V10931,2025-07-04 13:45,C026,Ricardo Diaz,Recurrente,P011,Galleta chispas,galletas,Chocolate,1,4500,1900,0.0,4500.0,Tienda,Nequi,Completada,S003,Soledad,Soledad,Atlántico,E005,Daniel,Asesor
V10793,2025-10-23 20:15,C007,Andres Torres,Nuevo,P011,Galleta chispas,Galletas,Chocolate,1,4500,1900,0.0,4500.0,Whats app,Nequi,Completada,S002,Norte,Barranquilla,Atlántico,E003,Mateo,Asesor
V10777,2025-08-16 15:10,C028,Tomas Castro,Recurrente,P004,Red velvet,Tortas,Red velvet,1,45000,24000,0.2,36000.0,WHATSAPP,Tarjeta,Completada,S004,Riomar,Barranquilla,Atlántico,E002,Camila,Asesora
V10527,2025-09-30 17:15,C013,Nicolas Vargas,Recurrente,P007,Cupcake vainilla,Cupcakes,Vainilla,3,8000,3800,0.0,24000.0,Web,Daviplata,Completada,S003,Soledad,Soledad,Atlántico,E003,Mateo,Asesor
V10680,2025-08-01 14:30,C014,Sara Moreno,Recurrente ,P014,ROLL DE CANELA,Panadería,Canela,1,7500,3100,0.0,7500.0,Tienda,Nequi,Completada,S001,Centro,Barranquilla,Atlántico,E005,Daniel,Asesor
V10585,2025-05-03 11:00,C018,Mariana Navarro,Nuevo,P004,Red velvet,Tortas,Red velvet,1,45000,24000,0.1,40500.0,Tienda,Daviplata,Completada,S002,Norte,Barranquilla,Atlántico,E005,Daniel,Asesor
V10574,2025-10-27 12:50,C029,Manuela Mendoza,Nuevo,P009,Brownie clásico,Repostería,Chocolate,2,7000,3200,0.0,14000.0,Instagram,Efectivo,Completada,S002,NORTE,Barranquilla,Atlántico,E001,Laura,Asesora
V10758,2025-11-07 09:45,C018,Mariana Navarro,Recurrente,P008,Cupcake red velvet,Cupcakes,Red velvet,2,9500,4800,0.0,19000.0,Domicilio,Efectivo,Completada,S003,Soledad,Soledad,Atlántico,E006,Valentina,Asesora
V10514,2025-10-02 20:15,C030,Samuel Jimenez,Recurrente,P011,Galleta chispas,Galletas,Chocolate,1,4500,$1.900,0.0,$4.500,Domicilio,Transferencia,Completada,S003,Soledad,Soledad,Atlántico,E003,Mateo,Asesor
V10778,2025-09-09 18:10,C011,Miguel Mendoza,recurrente,P019,Caja desayuno,Combos,Desayuno,3,32000,17000,0.0,96000.0,WhatsApp,Daviplata,Completada,S002,Norte,Barranquilla,Atlántico,E005,Daniel,Asesor
V10207,2025-01-17 13:50,C030,Samuel Jimenez,Nuevo,P017,Macaron caja x6,Macarons,Variados,1,22000,11000,0.0,22000.0,WhatsApp,Transferencia,completada,S002, Norte ,Barranquilla,Atlántico,E005,Daniel,Asesor
V10020,2025-06-07 18:45,C030,Samuel Jimenez,Recurrente,P014,Roll de canela,Panadería,Canela,4,7500,3100,0.0,30000.0,Domicilio,Tarjeta,Completada,S002,Norte,Barranquilla,Atlántico,E005,Daniel,Asesor
V10273,2025-04-04 09:40,C030,Samuel Jimenez,Recurrente,P015,Tarta de manzana,Tartas,Manzana,1,18000,9000,0.0,18000.0,Web,Efectivo,Completada,S004,Riomar,Barranquilla,Atlántico,E004,Sofia,Asesora
V10470,2025-01-15 11:20,C008,Valentina Diaz,Recurrente,P009,brownie clasico,reposteria,Chocolate,1,7000,3200,0.1,6300.0,Whats app,Transferencia,Completada,S002,Norte,Barranquilla,Atlántico,E002,Camila,Asesora
V10040,2025-08-12 15:45,C019,Felipe Ortiz,Nuevo,P011,Galleta chispas,Galletas,Chocolate,4,4500,1900,0.0,18000.0,Domicilio,Efectivo,Completada,S004,Riomar,Barranquilla,Atlántico,E003,Mateo,Asesor
V10088,2025-12-26 17:20,C024,Mateo Hernandez,Corporativo,P009,Brownie clásico,Repostería,Chocolate,5,7000,3200,0.1,31500.0,Instagram,Tarjeta,Cancelada,S004,Riomar,Barranquilla,Atlántico,E002,Camila,Asesora
V10284,2025-06-03 17:45,C014,Sara Moreno,Recurrente,P011,Galleta chispas,Galletas,Chocolate,2,4500,1900,0.2,7200.0,Web,transferencia,completada,S001,Centro,Barranquilla,Atlántico,E004,Sofia,Asesora
V10046,2025-10-19 16:50,C020,Gabriela Silva,Corporativo,P017,Macaron caja x6,Macarons,Variados,4,$22.000,11000,0.1,79200.0,Instagram,Tarjeta, completada ,S003,Soledad,Soledad,Atlántico,E003,Mateo,Asesor
V10738,2025-12-10 17:40,C025,Lucia Ramirez,nuevo,P012,Galleta avena,Galletas,Avena,1,4000,1700,0.0,4000.0,Web,Efectivo,Completada,S002,Norte,Barranquilla,Atlántico,E005,Daniel,Asesor
V10172,2025-11-01 20:10,C029,Manuela Mendoza,Corporativo,P006,Cupcake chocolate,Cupcakes,Chocolate,8,8500,4200,0.2,54400.0,Tienda,Nequi, completada ,S001,Centro,Barranquilla,Atlántico,E001,Laura,Asesora
V10095,2025-05-31 16:45,C003,Maria Gomez,Nuevo,P014,Roll de canela,Panadería,Canela,1,7500,3100,0.2,6000.0,WhatsApp,Nequi,Completada,S002,Norte,Barranquilla,Atlántico,E003,Mateo,Asesor
V10863,2025-09-08 15:30,C029,Manuela Mendoza,Nuevo,P004,Red velvet,Tortas,Red velvet,2,45000,24000,0.0,90000.0,Tienda,Nequi,Completada,S002,Norte,Barranquilla,Atlántico,E001,Laura,Asesora
V10926,12-25-2025 14:30,C016,Isabella Romero,Recurrente,P006,Cupcake chocolate,Cupcakes,Chocolate,2,8500,4200,0.0,17000.0,TIENDA,Nequi,Completada,S002,Norte,Barranquilla,Atlántico,E003,Mateo,Asesor
V10062,2025-10-26 10:40,C015,Diego Suarez,Recurrente,P001,Torta de chocolate,Tortas,Chocolate,2,42000,22000,0.0,84000.0,Instagram,Nequi,Completada,S001,Centro,Barranquilla,Atlántico,E005,Daniel,Asesor
V11121,2025-07-04 13:40,C011,Miguel Mendoza,Nuevo,P011,Galleta chispas,Galletas,Chocolate,1,4500,1900,0.05,"4275,0",Whats app,Tarjeta,Completada,S002,Norte,Barranquilla,Atlántico,E001,Laura,Asesora
V10969,2025-12-19 16:40,C026,ricardo diaz,Nuevo,P011,Galleta chispas,Galletas,Chocolate,3,4500,$1.900,0.0,13500.0,WhatsApp,Tarjeta,Completada,S001,Centro,Barranquilla,Atlántico,E003,Mateo,Asesor
V10654,16/08/2025 16:10,C030,Samuel Jimenez,Nuevo,P009,Brownie clásico,Repostería,Chocolate, 1 ,7000,3200,0.0,7000.0,Domicilio,Nequi,Completada,S002,Norte,Barranquilla,Atlántico,E004,Sofia,Asesora
V10034,2025-12-23 08:45,C028,Tomas Castro,Recurrente,P012,Galleta avena,Galletas,Avena,3,4000,1700,0.2,9600.0,Web,transferencia,Completada,S003,Soledad,Soledad,Atlántico,E004,Sofia,Asesora
V11096,2025-07-01 16:20,C021,Natalia Perez,Recurrente,P019,Caja desayuno,Combos,Desayuno,3,32000,$17.000,0.0,96000.0,Tienda,Nequi,Completada,S003,Soledad,Soledad,Atlántico,E001,Laura,Asesora
V10431,2025-05-01 14:20,C030,Samuel Jimenez,Nuevo,P014,Roll de canela,Panadería,Canela,2,7500,3100,0.0,15000.0,Instagram,Efectivo,Completada,S002,Norte,Barranquilla,Atlántico,E006,Valentina,Asesora
V10795,03-06-2025 19:15,C015,diego suarez,Recurrente,P006,Cupcake chocolate,Cupcakes,Chocolate,1,8500,4200,0.0,8500.0,Web,Efectivo,Completada,S001,Centro,Barranquilla,Atlántico,E004,Sofia,Asesora
V11103,2025-02-02 19:50,C013,Nicolas Vargas,Nuevo,P020,Caja regalo dulce,Combos,Regalo,1,52000,28500,0.0,52000.0,Tienda,Efectivo,Completada,S003,Soledad,Soledad,Atlántico,E006,Valentina,Asesora
V10871,2025-04-05 16:30,C013,Nicolas Vargas,Recurrente,P006,Cupcake chocolate,Cupcakes,Chocolate,3,8500,4200,0.0,25500.0,Domicilio,Tarjeta,Completada,S001,Centro,Barranquilla,Atlántico,E003,Mateo,Asesor
V10723,2025-05-17 13:40,C015,Diego Suarez,nuevo,P017,Macaron caja x6,Macarons,Variados,2,22000,11000,0.0,44000.0,Instagram,Tarjeta,Completada,S001,Centro,Barranquilla,Atlántico,E001,Laura,Asesora
V10439,2025-01-11 17:30,C006,Sofia Ramirez,Nuevo,P011,Galleta chispas,Galletas,Chocolate,1,4500,1900,0.15,3825.0,Instagram,Daviplata,Completada,S004,RIOMAR,Barranquilla,Atlántico,E006,Valentina,Asesora
V10983,2025-04-21 16:50,C021,Natalia Perez,Nuevo,P002,Torta de vainilla,Tortas,Vainilla,1,38000,19500,0.0,38000.0,Domicilio,Nequi,Cancelada,S001,Centro,Barranquilla,Atlántico,E003,Mateo,Asesor
V10496,2025-02-12 14:40,C017,Sebastian Ruiz,Recurrente,P003,Cheesecake frutos rojos,Tortas,Frutos rojos,2,48000,26000,0.05,91200.0,web,Daviplata,Completada,S002,Norte,Barranquilla,Atlántico,E003,Mateo,Asesor
V10381,2025-11-14 11:30,C022,Alejandro Gomez,Corporativo,P008,Cupcake red velvet,Cupcakes,Red velvet,3,9500,4800,0.2,22800.0,TIENDA,Nequi,Completada,S002,NORTE,Barranquilla,Atlántico,E001,Laura,Asesora
V10744,2025-09-21 17:30,C026,Ricardo Diaz,Nuevo,P009,Brownie clásico,Repostería,Chocolate,3,7000,3200,0.0,21000.0,WhatsApp,Transferencia,Completada,S002,Norte,Barranquilla,Atlántico,E005,Daniel,Asesor
V11106,2025-07-29 17:15,C019,felipe ortiz,Nuevo,P006,Cupcake chocolate,Cupcakes,Chocolate,2,8500,4200,0.0,17000.0,Tienda ,Efectivo,Devuelta,S004,Riomar,Barranquilla,Atlántico,E001,Laura,Asesora
V10704,2025-04-25 20:10,C001,Ana Rodriguez,Nuevo,P011,Galleta chispas,Galletas,Chocolate,1,4500,1900,0.0,"4500,0",WhatsApp,Transferencia,Completada,S002,Norte,Barranquilla,Atlántico,E005,Daniel,Asesor
V10857,2025-01-13 12:00,C026,Ricardo Diaz,Nuevo,P014,Roll de canela,Panadería,Canela,10,7500,3100,0.1,67500.0,Instagram,Tarjeta,Completada,S004,Riomar,Barranquilla,Atlántico,E004,Sofia,Asesora
V10051,2025-04-03 13:50,C014,Sara Moreno,Recurrente,P009,Brownie clásico,reposteria,Chocolate,2,7000,3200,0.0,14000.0,Tienda,Tarjeta,Completada,S004,,Barranquilla,Atlántico,E003,Mateo,Asesor
V10810,2025-03-16 16:10,C018,Mariana Navarro,Nuevo,P012,Galleta avena,Galletas,Avena,1,4000,1700,0.0,4000.0,WhatsApp,Nequi,Completada,S003,Soledad,Soledad,Atlántico,E003,Mateo,Asesor
V10072,2025/04/03 11:20,C025,Lucia Ramirez,Nuevo,P013,Croissant,Panadería,Tradicional,1,6500,2800,0.0,6500.0,Tienda,Nequi,Completada,S001, Centro ,Barranquilla,Atlántico,E004,Sofia,Asesora
V10551,2025-06-10 17:15,C012,Paula Jimenez,Recurrente,P006,Cupcake chocolate,Cupcakes,Chocolate,2,8500,4200,0.05,16150.0,Instagram,Transfer,Completada,S002,Norte,Barranquilla,Atlántico,E005,Daniel,Asesor
V10637,2025-05-23 18:15,C022,Alejandro Gomez,Nuevo,P011,Galleta chispas,Galletas,Chocolate,4,4500,1900,0.0,18000.0,instagram,Efectivo,Completada,S002,Norte,Barranquilla,Atlántico,E003,Mateo,Asesor
V10156,2025-06-16 14:50,C004,Juan Martinez,Nuevo,P007,Cupcake vainilla,Cupcakes,Vainilla,4,8000,3800,0.0,32000.0,WhatsApp,Transferencia, completada ,S001, Centro ,Barranquilla,Atlántico,E005,Daniel,Asesor
V10226,2025-06-23 18:00,C023,Juliana Torres,Recurrente,P015,Tarta de manzana,Tartas,Manzana,1,18000,9000,0.0,18000.0,Instagram,Tarjeta,Completada,S002,Norte,Barranquilla,Atlántico,E001,Laura,Asesora
V10578,2025-07-16 14:30,C013,Nicolas Vargas, Nuevo ,P011,Galleta chispas,Galletas,Chocolate,1,4500,1900,0.05,4275.0,Tienda,Tarjeta,Completada,S002,Norte,Barranquilla,Atlántico,E003,Mateo,Asesor
V10292,2025-05-31 15:10,C016,Isabella Romero,Nuevo,P011,Galleta chispas,Galletas,Chocolate,1,4500,1900,0.0,4500.0,Tienda,Nequi,Completada,S002,Norte,Barranquilla,Atlántico,E005,Daniel,Asesor
V10427,2025-12-18 13:00,C011,Miguel Mendoza,Recurrente,P005,Tres leches,Tortas,Leches,1,40000,21000,0.0,40000.0,WhatsApp,Tarjeta,Cancelada,S002,Norte,Barranquilla,Atlántico,E005,Daniel,Asesor
V11053,2025-08-05 19:45,C020,Gabriela Silva,NUEVO,P014,roll canela,Panadería,Canela,1,7500,3100,0.0,7500.0,WhatsApp,Efectivo,Completada,S001,Centro,Barranquilla,Atlántico,E004,Sofia,Asesora
V10692,2025-04-29 14:50,C022,Alejandro Gomez,Recurrente,P012,Galleta avena,Galletas,Avena,3,4000,1700,0.0,12000.0,WhatsApp,Tarjeta,Completada,S004,Riomar,Barranquilla,Atlántico,E003,Mateo,Asesor
V10144,2025-10-14 13:30,C008,Valentina Diaz,Recurrente,P017,Macaron caja x6,Macarons,Variados,1,22000,11000,0.0,22000.0,WhatsApp,Efectivo,Completada,S004,Riomar,Barranquilla,Atlántico,E004,Sofia,Asesora
V10939,2025-02-03 15:10,C026,Ricardo Diaz,Recurrente,P006,Cupcake chocolate,Cupcakes,Chocolate,1,8500,4200,0.0,8500.0,Tienda,Nequi ,Completada,S003,Soledad,Soledad,Atlántico,E004,Sofia,Asesora
V10896,2025-06-22 13:20,C016,Isabella Romero,Corporativo,P018,Macaron caja x12,Macarons,Variados,3,40000,19500,0.2,$96.000,Tienda,Tarjeta,Completada,S001,Centro,Barranquilla,Atlántico,E005,Daniel,Asesor
V10092,2025-05-25 14:10,C017,Sebastian Ruiz,Recurrente,P007,Cupcake vainilla,cupcakes,Vainilla,6,8000,3800,0.15,40800.0,Web,NEQUI,Completada,S003,SOLEDAD,Soledad,Atlántico,E006,Valentina,Asesora
V11012,2025-09-13 17:10,C006,Sofia Ramirez,Recurrente,P007,Cupcake vainilla,Cupcakes,Vainilla, 1 ,8000,3800,0.0,8000.0,Domicilio,Transferencia,Completada,S003,Soledad,Soledad,Atlántico,E006,Valentina,Asesora
V10036,2025-08-04 09:00,C003,Maria Gomez,Nuevo,P001,Torta de chocolate,torta,Chocolate,3,42000,22000,0.0,126000.0,Tienda,Daviplata,Completada,S001,Centro,Barranquilla,Atlántico,E002,Camila,Asesora
V10619,2025-02-21 14:15,C001,Ana Rodriguez,Nuevo,P009,Brownie clásico,Repostería,Chocolate,2,7000,3200,0.0,14000.0,Instagram,Tarjeta,Completada,S002,Norte,Barranquilla,Atlántico,E002,Camila,Asesora
V10975,2025-02-03 19:15,C026,Ricardo Diaz,Nuevo,P013,Croissant,Panadería,Tradicional, 1 ,6500,2800,0.05,6175.0,WhatsApp,Nequi,Completada,S001,Centro,Barranquilla,Atlántico,E005,Daniel,Asesor
V10164,2025-09-21 16:40,C023,Juliana Torres,Corporativo,P011,Galleta chispas,Galletas,Chocolate,8,4500,1900,0.0,36000.0,Tienda,Efectivo,Completada,S003,Soledad,Soledad,Atlántico,E001,Laura,Asesora
V10751,2025-07-29 13:45,C007,Andres Torres,Nuevo,P006,Cupcake chocolate,Cup cake,Chocolate,2,8500,4200,0.15,14450.0,Tienda,Tarjeta,COMPLETADA,S002,Norte,Barranquilla,Atlántico,E004,Sofia,Asesora
V10042,2025-04-27 11:00,C010,Camila Castro,Nuevo,P017,Macaron caja x6,Macarons,Variados,2,22000,11000,0.0,"44000,0",Tienda,Daviplata,Completada,S002,Norte,Barranquilla,Atlántico,E005,Daniel,Asesor
V10972,2025-12-05 11:45,C008,Valentina Diaz,Nuevo,P011,Galleta chispas,Galletas,Chocolate, 2 ,4500,1900,0.0,9000.0,Tienda,Nequi,Completada,S001,Centro,Barranquilla,Atlántico,E002,Camila,Asesora
V10450,2025-11-27 16:50,C023,Juliana Torres, Nuevo ,P008,Cupcake red velvet,Cupcakes,Red velvet,1,9500,4800,0.0,9500.0,WEB,Transferencia,Completada,S002,Norte,Barranquilla,Atlántico,E002,Camila,Asesora
V10058,2025-08-14 16:45,C030,Samuel Jimenez,Nuevo,P003,Cheesecake frutos rojos, Tortas ,Frutos rojos,3,48000,26000,0.2,115200.0,WhatsApp,Transferencia,Completado,S001,Centro,Barranquilla,Atlántico,E006,Valentina,Asesora
V11107,2025-10-22 12:15,C024,Mateo Hernandez,Nuevo,P008,Cupcake red velvet,Cupcakes,Red velvet,2,9500,4800,,19000.0,Tienda,Nequi,Completada,S001,CENTRO,Barranquilla,Atlántico,E003,Mateo,Asesor
V11013,2025-04-10 13:20,C030,Samuel Jimenez,Corporativo,P018,Macaron caja x12,Macarons,Variados,6,40000,19500,0.1,216000.0,Web,Transferencia,Completada,S001,Centro,Barranquilla,Atlántico,E001,Laura,Asesora
V10784,2025-04-18 13:10,C016,Isabella Romero,Recurrente,P011,Galleta chispas,Galletas,Chocolate,1,4500,1900,0.05,4275.0,Domicilio,Tarjeta,Completada,S001,,Barranquilla,Atlántico,E004,Sofia,Asesora
V10749,2025-03-21 20:45,C006,Sofia Ramirez,Recurrente,P001,torta de chocolate,Tortas,Chocolate,2,42000,22000,0.0,84000.0,WhatsApp,Nequi,Completada,S003,Soledad,Soledad,Atlántico,E005,Daniel,Asesor
V10148,2025-02-09 16:40,C008,Valentina Diaz,Recurrente,P015,Tarta de manzana,Tartas,Manzana,2,18000,9000,0.05,$34.200,Instagram,Transferencia,Cancelada,S002,Norte,Barranquilla,Atlántico,E004,Sofia,Asesora
V10108,2025-09-18 13:40,C002,Carlos Perez,Nuevo,P013,Croissant,Panadería,Tradicional, 1 ,6500,2800,0.0,$6.500,Tienda,Transferencia,completada,S002,Norte,Barranquilla,Atlántico,E002,Camila,Asesora
V10095,2025-06-26 19:45,C005,Laura Hernandez,,P004,Red velvet,Tortas,Red velvet,2,45000,24000,0.2,72000.0,Tienda,Tarjeta,Completada,S004,RIOMAR,Barranquilla,Atlántico,E002,Camila,Asesora
V10070,2025-06-05 14:15,C004,, Nuevo ,P015,Tarta de manzana,Tartas,Manzana,4,18000,9000,0.0,72000.0,Tienda,Transferencia,Completada,S004,Riomar,Barranquilla,Atlántico,E004,Sofia,Asesora
V11047,2025-02-23 18:40,C026,Ricardo Diaz,Nuevo,P011,Galleta chispas,Galletas,Chocolate,1,4500,1900,0.0,4500.0,En tienda,Nequi,Completada,S001,Centro,Barranquilla,Atlántico,E002,Camila,Asesora
V10087,2025-02-11 17:15,C005,Laura Hernandez,Recurrente,P006,Cupcake chocolate,Cupcakes,Chocolate,1,8500,4200,0.05,8075.0,Instagram,Transferencia,Completada,S002,Norte,Barranquilla,Atlántico,E006,Valentina,Asesora
V11041,2025-07-30 13:15,C004,Juan Martinez,,P009,Brownie clásico,Repostería,Chocolate,3,7000,3200,,21000.0,Instagram,transferencia,Completada,S004,Riomar,Barranquilla,Atlántico,E003,Mateo,Asesor
V10446,27/02/2025 11:50,C023,Juliana Torres,Corporativo,P011,Galleta chispas,Galletas,Chocolate,4,4500,1900,0.0,18000.0,WhatsApp,Efectivo,Completada,S004,Riomar,Barranquilla,Atlántico,E002,Camila,Asesora
V10667,2025-12-24 13:20,C004,Juan Martinez,NUEVO,P003,Cheesecake frutos rojos,Tortas,Frutos rojos,5,48000,26000,0.0,240000.0,Web,Transferencia,Completada,S002,Norte,Barranquilla,Atlántico,E001,Laura,Asesora
V10390,2025/11/18 18:15,C023,Juliana Torres,Recurrente,P012,Galleta avena,galletas,Avena,1,4000,1700,0.0,4000.0,Web,Efectivo,Completada,S003,Soledad,Soledad,Atlántico,E003,Mateo,Asesor
V10133,2025-12-11 13:00,C002,Carlos Perez,Recurrente,P014,Roll de canela,Panadería,Canela, 1 ,7500,3100,0.0,7500.0,Web,nequi ,Completada,S002,Norte,Barranquilla,Atlántico,E002,Camila,Asesora
V10199,03/08/2025 17:15,C022,Alejandro Gomez,Recurrente,P019,Caja desayuno,Combos,Desayuno,2,32000,17000,0.05,60800.0,Domicilio,Transferencia,Completada,S004,Riomar,Barranquilla,Atlántico,E001,Laura,Asesora
V10249,2025-10-09 11:10,C022,Alejandro Gomez,Nuevo,P007,Cupcake vainilla,Cupcakes,Vainilla,1,8000,3800,0.0,8000.0,Web,Transferencia,Completada,S001,Centro,Barranquilla,Atlántico,E002,Camila,Asesora
V10364,2025-01-26 17:20,C027,Carolina Rojas,Recurrente,P019,Caja desayuno,Combos,Desayuno,2,32000,17000,0.0,64000.0,Tienda,Transferencia, completada ,S004,Riomar,Barranquilla,Atlántico,E001,Laura,Asesora
V11043,2025-08-17 15:50,C028,Tomas Castro,Recurrente,P002,Torta de vainilla,Tortas,Vainilla,2,38000,19500,0.05,72200.0,Tienda,Tarjeta,Completada,S002,Norte,Barranquilla,Atlántico,E006,Valentina,Asesora
V10271,2025-05-18 12:20,C024,Mateo Hernandez,Recurrente,P001,Torta de chocolate,Tortas,Chocolate,5,42000,22000,0.0,210000.0,WhatsApp,Tarjeta,Completada,S001,Centro,Barranquilla,Atlántico,E005,Daniel,Asesor
V11240,2025-09-28 15:20,C028,tomas castro,Recurrente,P009,Brownie clásico,Repostería,Chocolate,1,7000,3200,0.0,7000.0,Web,Transferencia,Completada,S003,Soledad,Soledad,Atlántico,E003,Mateo,Asesor
V10080,2025-07-27 14:45,C014,Sara Moreno,Nuevo,P009,Brownie clásico,Repostería,Chocolate,1,7000,3200,0.0,7000.0,,Tarjeta,Completada,S003,Soledad,Soledad,Atlántico,E001,Laura,Asesora
V10959,2025-11-10 12:00,C026,Ricardo Diaz,Nuevo,P014,Roll de canela,Panadería,Canela,2,7500,3100,0.0,15000.0,web,Daviplata,Completada,S001,Centro,Barranquilla,Atlántico,E004,Sofia,Asesora
V11270,2025-07-19 11:50,C006,Sofia Ramirez,Nuevo,P010,Brownie con nueces,reposteria,Nueces,3,8500,4000,0.0,25500.0,Tienda,Nequi,Completada,S002,Norte,Barranquilla,Atlántico,E001,Laura,Asesora
V10602,2025-12-04 16:45,C014,Sara Moreno,Recurrente,P014,Roll de canela,Panadería,Canela,3,7500,3100,0.05,21375.0,Domicilio,Daviplata,Completada,S003,,Soledad,Atlántico,E001,Laura,Asesora
V11015,2025-12-04 17:50,C006,Sofia Ramirez,,P017,Macaron caja x6,Macarons,Variados,1,22000,11000,0.0,22000.0,Instagram,Efectivo,Completada,S004,Riomar,Barranquilla,Atlántico,E001,Laura,Asesora
V10767,2025-02-20 12:50,C026,Ricardo Diaz,Nuevo,P013,Croissant,Panadería,Tradicional,3,6500,2800,0.0,19500.0,Tienda,Transferencia,Completada,S002,Norte,Barranquilla,Atlántico,E003,Mateo,Asesor
V10344,2025-05-25 12:15,C008,Valentina Diaz,Nuevo,P014,Roll de canela,Panadería,Canela,2,7500,3100,0.0,15000.0,Instagram,,Completada,S004,Riomar,Barranquilla,Atlántico,E002,Camila,Asesora
V10084,2025-10-25 14:40,C026,Ricardo Diaz,Recurrente,P007,Cupcake vainilla,Cupcakes,Vainilla,1,8000,3800,0.2,6400.0,Domicilio,Transferencia,Completada,S002,Norte,Barranquilla,Atlántico,E006,Valentina,Asesora
V10347,2025-12-11 15:50,C007,Andres Torres,Recurrente,P002,Torta de vainilla,Tortas,Vainilla,2,38000,19500,0.05,$72.200,Domicilio,Tarjeta,Completada,S002,Norte,Barranquilla,Atlántico,E003,Mateo,Asesor
V10064,2025/06/01 15:30,C027,Carolina Rojas,Recurrente,P012,Galleta avena,Galletas,Avena,1,4000,1700,0.0,4000.0,WhatsApp,Nequi,Completada,S001,centro,Barranquilla,Atlántico,E002,Camila,Asesora
V11160,2025-03-22 16:50,C027,Carolina Rojas,nuevo,P013,Croissant,Panadería,Tradicional,3,6500,2800,0.0,19500.0,Domicilio,Tarjeta,Completada,S004,Riomar,Barranquilla,Atlántico,E002,Camila,Asesora
V11188,2025-08-14 15:00,C029,Manuela Mendoza,Recurrente,P012,Galleta avena,galletas,Avena,2,4000,1700,0.0,8000.0,Tienda,Nequi,Completada,S001,Centro,Barranquilla,Atlántico,E002,Camila,Asesora
V11178,2025-07-07 16:40,C011,Miguel Mendoza,Recurrente,P002,Torta de vainilla,Tortas,Vainilla,3,38000,19500,0.0,114000.0,Tienda,Tarjeta,Completada,S002,Norte,Barranquilla,Atlántico,E001,Laura,Asesora
V10245,2025-07-18 15:10,C013,Nicolas Vargas,Nuevo,P011,Galleta chispas,Galletas,Chocolate,1,4500,1900,0.0,4500.0,Instagram,Transferencia,Completada,S002,Norte,Barranquilla,Atlántico,E003,Mateo,Asesor
V11117,2025-08-25 18:30,C014,Sara Moreno,,P009,Brownie clásico,Repostería,Chocolate,2,$7.000,3200,0.0,14000.0,Tienda,Transferencia,Completado,S001,Centro,Barranquilla,Atlántico,E005,Daniel,Asesor
V11094,2025-03-28 19:00,C009,Daniel Rojas,Corporativo,P006,Cupcake chocolate,Cupcakes,Chocolate,4,8500,4200,0.15,28900.0,Tienda,Transferencia,Completada,S002, Norte ,Barranquilla,Atlántico,E001,Laura,Asesora
V11058,2025-02-10 16:00,C027,Carolina Rojas,Recurrente,P010,Brownie con nueces,Repostería,Nueces,1,8500,4000,0.0,8500.0,WhatsApp,Tarjeta,Completada,S004,Riomar,Barranquilla,Atlántico,E001,Laura,Asesora
V10634,2025-02-17 10:50,C010,Camila Castro,Recurrente,P006,Cupcake chocolate,Cupcakes,Chocolate,1,8500,4200,0.0,8500.0,Domicilio,Tarjeta,Completada,S001,Centro,Barranquilla,Atlántico,E001,Laura,Asesora
V10605,2025/03/19 19:15,C030,Samuel Jimenez,Nuevo,P011,Galleta chispas,Galletas,Chocolate,4,4500,1900,0.0,18000.0,Tienda,Daviplata,Completada,S004,Riomar,Barranquilla,Atlántico,E006,Valentina,Asesora
V10305,2025-02-03 16:45,C015,Diego Suarez,Recurrente,P013,Croissant,Panadería,Tradicional,2,6500,2800,0.0,13000.0,En tienda,Transferencia,Completada,S001,Centro,Barranquilla,Atlántico,E005,Daniel,Asesor
V10187,2025-06-08 12:40,C002,Carlos Perez,nuevo,P013,Croissant,Panadería,Tradicional,1,6500,2800,0.1,5850.0,Tienda,Transferencia,Completada,S001,Centro,Barranquilla,Atlántico,E001,Laura,Asesora
V11078,2025-07-28 15:45,C007,Andres Torres,Nuevo,P002,Torta de vainilla,Tortas,Vainilla,1,38000,19500,0.0,38000.0,Tienda,Tarjeta,Completada,S001,Centro,Barranquilla,Atlántico,E003,Mateo,Asesor
V10208,07/09/2025 11:45,C006,Sofia Ramirez,Nuevo,P013,Croissant,panaderia,Tradicional,1,6500,2800,0.0,6500.0,WhatsApp,Tarjeta,Completada,S002,Norte,Barranquilla,Atlántico,E006,Valentina,Asesora
V10247,2025-10-12 14:45,C002,Carlos Perez,Nuevo,P019,Caja desayuno,Combos,Desayuno,2,32000,$17.000,0.0,64000.0,WhatsApp,daviplata,Completada,S001,Centro,Barranquilla,Atlántico,E006,Valentina,Asesora
V10719,2025-08-15 09:30,C007,Andres Torres,Nuevo,P009,Brownie clásico,Repostería,Chocolate,1,7000,3200,0.0,7000.0,Tienda,Tarjeta,Completada,S002,Norte,Barranquilla,Atlántico,E006,Valentina,Asesora
V10094,2025-10-07 09:20,C021,Natalia Perez,Nuevo,P006,Cupcake chocolate,Cupcakes,Chocolate,3,$8.500,4200,0.0,25500.0,WhatsApp,,Completada,S002,Norte,Barranquilla,Atlántico,E001,Laura,Asesora
V11253,2025-08-07 10:15,C002,Carlos Perez,Recurrente,P008,Cupcake red velvet,Cupcakes,Red velvet,1,9500,4800,0.0,9500.0,WhatsApp,Efectivo,Completada,S001,Centro,Barranquilla,Atlántico,E003,Mateo,Asesor
V10557,2025-10-18 14:40,C002,Carlos Perez,Recurrente,P011,Galleta chispas,Galletas,Chocolate,2,4500,1900,0.0,9000.0,WhatsApp,Nequi,Completada,S003,Soledad,Soledad,Atlántico,E004,Sofia,Asesora
V10200,2025-08-18 13:10,C006,Sofia Ramirez,Corporativo,P015,Tarta de manzana,Tartas,Manzana,4,18000,9000,0.2,57600.0,Tienda,Efectivo,Completada,S001,Centro,Barranquilla,Atlántico,E001,Laura,Asesora
V10944,01-04-2025 15:40,C028,Tomas Castro,Nuevo,P010,Brownie con nueces,Repostería,Nueces,1,8500,4000,0.0,"8500,0",Tienda,Transferencia,Completada,S004,Riomar,Barranquilla,Atlántico,E001,Laura,Asesora
V11025,2025-04-14 14:40,C024,,Nuevo,P006,Cupcake chocolate,Cupcakes,Chocolate,2,8500,4200,0.0,17000.0,Tienda,Tarjeta,Cancelada,S001,Centro,Barranquilla,Atlántico,E001,Laura,Asesora
V10061,2025-01-29 16:20,C012,Paula Jimenez,Nuevo,P006,Cupcake chocolate,Cupcakes,Chocolate,1,8500,4200,0.1,7650.0,WhatsApp,Nequi,Completada,S002,Norte,Barranquilla,Atlántico,E004,Sofia,Asesora
V10079,15/08/2025 15:30,C016,Isabella Romero,Recurrente,P014,roll canela,Panadería,Canela,1,7500,3100,0.0,7500.0,Tienda,Transferencia,Completada,S003,Soledad,Soledad,Atlántico,E001,Laura,Asesora
V10777,2025-08-17 17:00,C007,Andres Torres,Nuevo,P005,tres leches,,Leches,2,40000,21000,0.0,80000.0,WhatsApp,Tarjeta,Completada,S003,Soledad,Soledad,Atlántico,E002,Camila,Asesora
V10027,2025-03-28 12:00,C010,Camila Castro,Recurrente,P018,Macaron caja x12,Macarons,Variados,2,40000,19500,0.0,$80.000,Tienda,Nequi,Completada,S003,SOLEDAD,Soledad,Atlántico,E001,Laura,Asesora
V10665,2025/09/22 14:40,C004,,Recurrente,P017,Macaron caja x6,Macarons,Variados,1,22000,11000,0.0,22000.0,WhatsApp,Efectivo,Completada,S002,Norte,Barranquilla,Atlántico,E001,Laura,Asesora
V10947,2025-10-08 18:30,C014,Sara Moreno,NUEVO,P014,Roll de canela,Panadería,Canela,2,7500,3100,0.0,15000.0,En tienda,Transferencia,Completada,S001,,Barranquilla,Atlántico,E003,Mateo,Asesor
V10366,2025-10-31 09:10,C003,Maria Gomez,Nuevo,P008,Cupcake red velvet,Cupcakes,Red velvet,1,9500,4800,0.0,9500.0,WhatsApp,Nequi,Completada,S001,Centro,Barranquilla,Atlántico,E006,Valentina,Asesora
V10363,2025-10-24 11:15,C003,Maria Gomez,Nuevo,P018,Macaron caja x12,Macarons,Variados,1,40000,19500,0.0,40000.0,Instagram,Transferencia,Completada,S001,Centro,Barranquilla,Atlántico,E006,Valentina,Asesora
V10643,2025-12-08 15:00,C011,Miguel Mendoza,Nuevo,P014,Roll de canela,Panadería,Canela,8,7500,3100,0.0,60000.0,Domicilio,Tarjeta,Completada,S002,Norte,Barranquilla,Atlántico,E004,Sofia,Asesora
V10585,2025-04-27 12:10,C006,Sofia Ramirez,Nuevo,P014,Roll de  canela,Panadería,Canela,1,7500,3100,0.0,7500.0,WhatsApp,Daviplata,Completada,S002,Norte,Barranquilla,Atlántico,E006,Valentina,Asesora
V10996,2025-09-25 18:20,C018,Mariana Navarro,Recurrente,P001,Torta de chocolate,Tortas,Chocolate,2,42000,22000,0.05,79800.0,Instagram,Transferencia,Completada,S002,Norte,Barranquilla,Atlántico,E002,Camila,Asesora
V11166,2025-12-21 12:40,C025,Lucia Ramirez,Recurrente,P006,Cupcake chocolate,Cupcakes,Chocolate,3,8500,4200,0.1,22950.0,WHATSAPP,Transferencia,Completada,S003,Soledad,Soledad,Atlántico,E003,Mateo,Asesor
V10826,2025-11-17 17:30,C014,Sara Moreno,Nuevo,P006,Cupcake chocolate,Cupcakes,Chocolate,2,8500,4200,0.0,17000.0,WhatsApp,Tarjeta,Completada,S002,Norte,Barranquilla,Atlántico,E006,Valentina,Asesora
V10981,2025-05-03 14:20,C007,Andres Torres,Nuevo,P017,Macaron caja x6,Macarons,Variados,3,22000,11000,0.0,66000.0,Tienda,Nequi,Completada,S001,Centro,Barranquilla,Atlántico,E002,Camila,Asesora
V10067,2025-05-12 19:40,C016,Isabella Romero,Corporativo,P002,Torta de vainilla,Tortas,Vainilla,6,38000,19500,0.1,205200.0,Web,Transferencia,Completado,S004,Riomar,Barranquilla,Atlántico,E001,Laura,Asesora
V10068,2025-10-04 09:45,C006,Sofia Ramirez,Nuevo,P007,Cupcake vainilla,Cupcakes,Vainilla,4,8000,3800,0.0,32000.0,Tienda,Tarjeta,Completada,S001,Centro,Barranquilla,Atlántico,E005,Daniel,Asesor
V10766,2025-10-18 09:30,C008,Valentina Diaz,Nuevo,P007,Cupcake vainilla,Cupcakes,Vainilla,3,8000,3800,0.0,24000.0,Instagram,Transferencia,COMPLETADA,S002,Norte,Barranquilla,Atlántico,E005,Daniel,Asesor
V10072,2025-11-27 08:40,C013,Nicolas Vargas,Nuevo,P007,Cupcake vainilla,Cupcakes,Vainilla,6,8000,3800,0.1,43200.0,Domicilio,Nequi,Completada,S002,Norte,Barranquilla,Atlántico,E002,Camila,Asesora
V10364,2025-10-11 17:20,C003,Maria Gomez,Nuevo,P010,Brownie con nueces,Repostería,Nueces,2,8500,4000,0.0,17000.0,Domicilio,Tarjeta,COMPLETADA,S004,Riomar,Barranquilla,Atlántico,E002,,Asesora
V10841,2025-08-10 16:20,C015,Diego Suarez,Nuevo,P014,Roll de canela,Panadería,Canela,1,7500,3100,0.0,7500.0,WhatsApp,Tarjeta,Completada,S001,Centro,Barranquilla,Atlántico,E002,Camila,Asesora
V10560,2025-09-12 16:40,C022,Alejandro Gomez,,P004,Red velvet,Tortas,Red velvet,2,45000,24000,0.0,90000.0,WhatsApp,Transferencia,Completada,S002,Norte,Barranquilla,Atlántico,E002,Camila,Asesora
V11241,2025-05-29 10:10,C020,Gabriela Silva,Nuevo,P011,Galleta chispas,Galletas,Chocolate,1,4500,1900,0.0,4500.0,WHATSAPP,Transferencia,Completada,S004,Riomar,Barranquilla,Atlántico,E006,Valentina,Asesora
V10928,01-31-2025 13:50,C004,Juan Martinez,nuevo,P016,Tarta de limón,Tartas,Limón,10,18000,8800,0.0,180000.0,Tienda,Nequi,Completada,S002,Norte,Barranquilla,Atlántico,E004,Sofia,Asesora
V10356,2025-11-06 19:50,C022,Alejandro Gomez,Recurrente,P002,Torta de vainilla,Tortas,Vainilla, 2 ,38000,19500,0.1,68400.0,Web,Tarjeta,Completada,S001,Centro,Barranquilla,Atlántico,E003,Mateo,Asesor
V10642,2025-09-15 18:15,C020,Gabriela Silva,Nuevo,P004,Red velvet,Tortas,Red velvet,1,45000,24000,0.0,45000.0,Domicilio,Tarjeta,Completada,S004,Riomar,Barranquilla,Atlántico,E001,Laura,Asesora
V10532,2025-06-19 16:20,C001,Ana Rodriguez,Nuevo,P004,Red velvet,Tortas,Red velvet,2,$45.000,24000,0.05,85500.0,,Nequi,Completada,S004,Riomar,Barranquilla,Atlántico,E003,Mateo,Asesor
V10717,2025-04-20 15:45,C021,natalia perez,Recurrente,P011,Galleta chispas,Galletas,Chocolate,3,4500,1900,0.0,13500.0,domicilio,Transferencia,Completada,S004,Riomar,Barranquilla,Atlántico,E006,Valentina,Asesora
V11003,2025-04-25 14:20,C022,Alejandro Gomez,Recurrente,P020,Caja regalo dulce,Combos,Regalo,2,52000,28500,0.05,98800.0,WhatsApp,Nequi,Completada,S001,Centro,Barranquilla,Atlántico,E001,Laura,Asesora
V10830,2025-12-21 12:40,C023,Juliana Torres,Recurrente,P008,Cupcake red velvet,Cupcakes,Red velvet, 1 ,9500,4800,0.1,8550.0,Instagram,Efectivo,Completada,S002,Norte,Barranquilla,Atlántico,E002,Camila,Asesora
V11033,2025-09-26 14:50,C013,Nicolas Vargas,Recurrente,P001,Torta de chocolate,Tortas,Chocolate,10,42000,22000,0.0,420000.0,WhatsApp,Transferencia,Devuelta,S002,Norte,Barranquilla,Atlántico,E006,Valentina,Asesora
V10966,2025-10-03 18:15,C011,Miguel Mendoza,Recurrente,P007,Cupcake vainilla,Cupcakes,Vainilla,1,8000,3800,0.0,8000.0,Tienda,Transferencia,Completada,S002,Norte,Barranquilla,Atlántico,E002,Camila,Asesora
V10330,2025-06-21 12:40,C027,Carolina Rojas,Nuevo,P007,Cupcake vainilla,Cupcakes,Vainilla,3,8000,3800,0.0,24000.0,Domicilio,Tarjeta,Completada,S002,Norte,Barranquilla,Atlántico,E003,Mateo,Asesor
V11124,2025/11/14 16:15,C008,Valentina Diaz,Nuevo,P012,Galleta avena,Galletas,Avena,5,4000,1700,0.0,20000.0,Tienda,Daviplata,Devuelta,S002,Norte,Barranquilla,Atlántico,E004,Sofia,Asesora
V10852,2025-02-08 13:45,C028,Tomas Castro,Nuevo,P017,Macaron caja x6,Macarons,Variados,10,22000,11000,0.0,220000.0,Tienda,Transferencia,Completada,S001,Centro,Barranquilla,Atlántico,E003,Mateo,Asesor
V11032,2025-06-12 13:30,C001,Ana Rodriguez,Nuevo,P004,Red velvet, Tortas ,Red velvet,2,45000,24000,0.0,90000.0,WhatsApp,Transferencia,Completada,S001,Centro,Barranquilla,Atlántico,E005,Daniel,Asesor
V10086,2025-11-03 18:15,C021,Natalia Perez,Recurrente,P016,Tarta de limón,Tartas,Limón,1,18000,8800,0.0,18000.0,Tienda,Transferencia,Completada,S001,Centro,Barranquilla,Atlántico,E003,Mateo,Asesor
V10490,2025-04-15 16:15,C003,Maria Gomez,Recurrente,P012,Galleta avena,Galletas,Avena,1,4000,1700,0.0,4000.0,Tienda,Transferencia,Completada,S004,Riomar,Barranquilla,Atlántico,E001,Laura,Asesora
V11134,2025-10-03 10:00,C019,Felipe Ortiz,Nuevo,P010,Brownie con nueces,Repostería,Nueces,1,8500,4000,0.1,7650.0,Domicilio,Nequi,Completada,S001,Centro,Barranquilla,Atlántico,E005,Daniel,Asesor
V10571,22/06/2025 13:00,C002,Carlos Perez,Recurrente,P013,Croissant, Panadería ,Tradicional,2,6500,2800,0.0,13000.0,Tienda,Tarjeta,Completada,S002,Norte,Barranquilla,Atlántico,E002,Camila,Asesora
V11185,25/05/2025 16:45,C015,Diego Suarez,Recurrente,P009,Brownie clásico,Repostería,Chocolate,1,7000,3200,0.2,5600.0,Tienda,Efectivo,Completada,S002,Norte,Barranquilla,Atlántico,E004,Sofia,Asesora
V10686,2025/05/14 18:50,C011,Miguel Mendoza,Nuevo,P007,Cupcake vainilla,Cupcakes,Vainilla,1,8000,3800,0.0,8000.0,WhatsApp,Daviplata,Completada,S003,Soledad,Soledad,Atlántico,E001,Laura,Asesora
V11038,2025-11-18 16:50,C005,Laura Hernandez,Nuevo,P004,Red velvet,tortas,Red velvet,4,45000,24000,0.0,180000.0,Domicilio,Tarjeta,Completada,S001,Centro,Barranquilla,Atlántico,E004,Sofia,Asesora
V10897,2025-04-08 16:15,C010,Camila Castro,Nuevo,P014,Roll de canela,Panadería,Canela,1,7500,3100,0.0,7500.0,Instagram,Tarjeta,completada,S002,Norte,Barranquilla,Atlántico,E006,Valentina,Asesora
V10053,2025-01-28 18:50,C012,Paula Jimenez,Recurrente,P014,Roll de canela,Panadería,Canela,2,7500,3100,0.0,15000.0,WhatsApp,Efectivo,Completada,S001,centro,Barranquilla,Atlántico,E001,Laura,Asesora
V10227,2025-11-26 09:20,C017,SEBASTIAN RUIZ,RECURRENTE,P008,Cupcake red velvet,Cupcakes,Red velvet,4,9500,4800,0.0,38000.0,DOMICILIO,Efectivo,Completada,S004,Riomar,Barranquilla,Atlántico,E005,Daniel,Asesor
V10707,2025-09-13 14:10,C021,Natalia Perez,Nuevo,P006,Cupcake chocolate,Cupcakes,Chocolate, 2 ,8500,4200,0.0,17000.0,WhatsApp,Transferencia,Completada,S002,Norte,Barranquilla,Atlántico,E004,Sofia,Asesora
V10635,2025-01-08 11:30,C007,Andres Torres,Nuevo,P013,Croissant,Panadería,Tradicional,2,6500,2800,0.0,13000.0,Tienda,,Completada,S002,norte,Barranquilla,Atlántico,E005,Daniel,Asesor
V10881,2025-03-13 13:15,C026,Ricardo Diaz,nuevo,P010,Brownie con nueces,reposteria,Nueces,2,8500,4000,0.05,16150.0,Tienda,Tarjeta,Completada,S004,Riomar,Barranquilla,Atlántico,E006,Valentina,Asesora
V10190,2025-12-07 15:15,C006,Sofia Ramirez,Nuevo,P012,Galleta avena,Galletas,Avena,3,4000,1700,0.2,9600.0,Tienda,Tarjeta,Completada,S002,Norte,Barranquilla,Atlántico,E005,Daniel,Asesor
V10180,2025-06-07 16:40,C017,Sebastian Ruiz,Corporativo,P008,Cupcake red velvet,Cupcakes,Red velvet,3,9500,4800,0.1,25650.0,Domicilio,Efectivo,Completada,S001,Centro,Barranquilla,Atlántico,E004,Sofia,Asesora
V10116,2025-01-22 11:20,C023,Juliana Torres,Nuevo,P001,Torta de chocolate,Tortas,Chocolate,5,42000,22000,0.15,178500.0,Instagram,Nequi,Completada,S002,Norte,Barranquilla,Atlántico,E002,Camila,Asesora
V11206,2025-11-27 18:00,C007,Andres Torres,Recurrente,P012,Galleta avena,Galletas,Avena,3,4000,1700,0.15,10200.0,Tienda,Transferencia,Completada,S002,norte,Barranquilla,Atlántico,E003,Mateo,Asesor
V10304,2025-11-01 14:45,C003,Maria Gomez,Nuevo,P012,Galleta avena,galletas,Avena,1,$4.000,1700,0.05,3800.0,WhatsApp,Efectivo,Completada,S002,Norte,Barranquilla,Atlántico,E006,Valentina,Asesora
V11062,2025/10/10 16:40,C023,Juliana Torres,Recurrente,P007,Cupcake vainilla,Cupcakes,Vainilla,2,8000,3800,0.0,16000.0,Web,Nequi,Completada,S001,Centro,Barranquilla,Atlántico,E002,Camila,Asesora
V10097,2025-04-13 13:40,C011,Miguel Mendoza,Corporativo,P016,Tarta de limón,Tartas,Limón,8,18000,8800,0.15,122400.0,Tienda,nequi ,Completada,S004,Riomar,Barranquilla,Atlántico,E004,Sofia,Asesora
V10974,2025-07-28 19:15,C014,Sara Moreno,Recurrente,P004,Red velvet,Tortas,Red velvet,2,45000,24000,0.0,90000.0,WhatsApp,Tarjeta,Completada,S001,Centro,Barranquilla,Atlántico,E002,Camila,Asesora
V10971,2025-02-09 09:00,C027,Carolina Rojas,Recurrente,P012,Galleta avena,Galletas,Avena,2,4000,1700,0.0,8000.0,Web,Tarjeta,Completada,S001,Centro,Barranquilla,Atlántico,E001,Laura,Asesora
V10201,2025-07-18 14:45,C018,Mariana Navarro,nuevo,P007,Cupcake vainilla,Cupcakes,Vainilla,1,8000,3800,0.0,8000.0,WhatsApp,Nequi ,Completada,S002,Norte,Barranquilla,Atlántico,E002,Camila,Asesora
V11243,2025-04-26 13:45,C026,Ricardo Diaz,Recurrente,P013,Croissant,Panadería,Tradicional,1,6500,2800,0.0,6500.0,WhatsApp,Nequi,Completada,S002,Norte,Barranquilla,Atlántico,E004,Sofia,Asesora
V11173,2025-05-15 20:40,C007,Andres Torres,Corporativo,P004,Red velvet,torta,Red velvet,6,45000,24000,0.1,243000.0,Tienda,Tarjeta,Completada,S001,Centro,Barranquilla,Atlántico,E005,Daniel,Asesor
V10818,2025-12-05 20:40,C018,Mariana Navarro,Recurrente,P010,Brownie con nueces,Repostería,Nueces,1,8500,4000,0.0,8500.0,tienda,NEQUI,Completada,S002,Norte,Barranquilla,Atlántico,E001,Laura,Asesora
V10007,2025-08-21 16:20,C024,Mateo Hernandez,Recurrente,P013,Croissant,Panadería,Tradicional,1,6500,2800,0.0,6500.0,WhatsApp,Tarjeta,Completada,S001,Centro,Barranquilla,Atlántico,E002,Camila,Asesora
V10367,2025-11-10 17:15,C006,Sofia Ramirez,Nuevo,P003,Cheesecake frutos rojos,Tortas,Frutos rojos,2,48000,26000,0.15,81600.0,Tienda,Tarjeta,Completado,S002,Norte,Barranquilla,Atlántico,E002,Camila,Asesora
V10799,2025-02-15 13:50,C020,Gabriela Silva,Recurrente,P007,Cupcake vainilla,Cupcakes,Vainilla,3,$8.000,3800,0.0,24000.0,Domicilio,Tarjeta,Completada,S002,Norte,Barranquilla,Atlántico,E006,Valentina,Asesora
V10589,2025-03-18 19:30,C005,Laura Hernandez,Nuevo,P006,Cupcake chocolate,Cupcakes,Chocolate,1,8500,4200,0.0,8500.0,Web,Nequi,Completada,S003,Soledad,Soledad,Atlántico,E002,Camila,Asesora
V10206,2025-09-21 17:00,C003,Maria Gomez,Nuevo,P011,Galleta chispas,Galletas,Chocolate,2,4500,1900,0.0,9000.0,Tienda,Nequi,Completada,S003,Soledad,Soledad,Atlántico,E002,Camila,Asesora
V10735,2025-12-12 12:20,C014,Sara Moreno,Recurrente,P001,Torta de chocolate,tortas,Chocolate,2,42000,22000,0.0,84000.0,Tienda,Transferencia,Completada,S003,SOLEDAD,Soledad,Atlántico,E003,Mateo,Asesor
V10490,2025-08-21 17:40,C030,Samuel Jimenez,Nuevo,P008,Cupcake red velvet,Cupcakes,Red velvet,1,9500,4800,0.0,9500.0,Tienda,Tarjeta,Completada,S004,Riomar,Barranquilla,Atlántico,E006,Valentina,Asesora
V10317,20/10/2025 13:45,C017,Sebastian Ruiz,Recurrente,P014,Roll de canela,Panadería,Canela,3,7500,3100,0.0,22500.0,Tienda,Efectivo,completada,S002,Norte,Barranquilla,Atlántico,E006,Valentina,Asesora
V11024,2025-04-10 17:50,C029,Manuela Mendoza,Recurrente,P012,Galleta avena,Galletas,Avena,5,4000,$1.700,0.15,17000.0,tienda,Tarjeta,Completada,S002,Norte,Barranquilla,Atlántico,E002,Camila,Asesora
V11085,2025-12-23 15:45,C029,Manuela Mendoza,Recurrente,P014,Roll de canela,Panadería,Canela,1,7500,3100,0.0,7500.0,Tienda,Efectivo,Completado,S004,Riomar,Barranquilla,Atlántico,E002,Camila,Asesora
V10451,2025-03-23 18:30,C029,MANUELA MENDOZA,Recurrente,P001,Torta de chocolate,Tortas,Chocolate,2,42000,22000,0.0,84000.0,Tienda,Nequi,Devuelta,S001,Centro,Barranquilla,Atlántico,E006,Valentina,Asesora
V10751,09-19-2025 14:40,C015,Diego Suarez,Nuevo,P007,Cupcake vainilla,cupcakes,Vainilla,1,$8.000,3800,0.0,8000.0,Tienda,Tarjeta,Completada,S003,Soledad,Soledad,Atlántico,E002,,Asesora
V11114,2025-06-27 15:00,C012,Paula Jimenez,Recurrente,P007,Cupcake vainilla,Cupcakes,Vainilla,4,8000,3800,0.1,28800.0,Tienda,nequi ,Completada,S003,Soledad,Soledad,Atlántico,E006,Valentina,Asesora
V10770,2025-02-25 16:40,C007,Andres Torres,Nuevo,P016,Tarta de limón,Tartas,Limón,1,18000,8800,0.0,18000.0,web,Transferencia,Completada,S003,Soledad,Soledad,Atlántico,E002,,Asesora
V10376,2025-06-01 14:15,C003,Maria Gomez,Nuevo,P003,Cheesecake frutos rojos,Tortas,Frutos rojos,2,48000,26000,0.0,96000.0,Tienda,Transferencia,Completada,S001,Centro,Barranquilla,Atlántico,E006,Valentina,Asesora
V10593,2025-11-18 14:15,C004,Juan Martinez,Recurrente,P013,Croissant,Panadería,Tradicional,1,6500,2800,0.0,6500.0,,,Completada,S004,Riomar,Barranquilla,Atlántico,E003,Mateo,Asesor
V11195,2025-04-15 12:45,C006,Sofia Ramirez,Nuevo,P015,Tarta de manzana,Tartas,Manzana,1,18000,9000,0.1,16200.0,Domicilio,Nequi,Completada,S002,Norte,Barranquilla,Atlántico,E002,Camila,Asesora
V10115,2025-10-14 17:15,C026,Ricardo Diaz,recurrente,P007,Cupcake vainilla,Cupcakes,Vainilla,1,$8.000,3800,0.0,"8000,0",WhatsApp,Transferencia,Completado,S004,Riomar,Barranquilla,Atlántico,E003,Mateo,Asesor
V10407,2025-02-28 15:40,C001,Ana Rodriguez,Recurrente,P011,Galleta chispas,Galletas,Chocolate,1,4500,1900,0.0,4500.0,Instagram,Tarjeta,Completada,S002,Norte,Barranquilla,Atlántico,E004,Sofia,Asesora
V10942,2025-09-02 12:10,C026,RICARDO DIAZ,Nuevo,P007,Cupcake vainilla,Cupcakes,Vainilla,2,8000,3800,0.0,16000.0,En tienda,Transferencia,Completada,S001,Centro,Barranquilla,Atlántico,E006,Valentina,Asesora
V10612,2025-04-11 19:20,C004,Juan Martinez,Nuevo,P008,Cupcake red velvet,Cupcakes,Red velvet,3,9500,4800,0.0,28500.0,WhatsApp,Daviplata,Completada,S004,Riomar,Barranquilla,Atlántico,E005,Daniel,Asesor
V11197,2025-05-27 17:30,C009,Daniel Rojas,Nuevo,P014,Roll de canela,Panadería,Canela, 1 ,7500,3100,0.15,6375.0,Tienda,Tarjeta,Cancelada,S001,Centro,Barranquilla,Atlántico,E004,Sofia,Asesora
V10716,2025-03-28 17:15,C019,Felipe Ortiz,Recurrente,P015,Tarta de manzana,Tartas,Manzana,1,18000,9000,0.0,18000.0,Tienda,Transferencia,Completada,S004,Riomar,,Atlántico,E006,Valentina,Asesora
V10606,2025-05-13 15:15,C002,Carlos Perez,Nuevo,P014,Roll de canela,Panadería,Canela,5,7500,3100,0.15,31875.0,Tienda,Nequi,Cancelada,S001,Centro,Barranquilla,Atlántico,E006,Valentina,Asesora
V10444,2025-04-05 14:45,C020,Gabriela Silva,Nuevo,P005,Tres leches,Tortas,Leches,2,40000,21000,0.0,80000.0,WhatsApp,Efectivo,Completada,S001,Centro,Barranquilla,Atlántico,E006,Valentina,Asesora
V10143,2025-06-03 16:10,C008,Valentina Diaz,Recurrente,P008,Cupcake red velvet,Cupcakes,Red velvet,4,9500,4800,0.0,38000.0,Instagram,Transferencia,Completada,S001,Centro,Barranquilla,Atlántico,E005,Daniel,Asesor
V11243,2025-11-06 15:40,C029,Manuela Mendoza,Nuevo,P013,Croissant,Panadería,Tradicional,3,6500,2800,0.05,18525.0,Tienda,Daviplata,Completada,S002,Norte,Barranquilla,Atlántico,E004,Sofia,Asesora
V10580,2025-05-08 15:15,C007,Andres Torres,recurrente,P011,Galleta chispas,Galletas,Chocolate,1,4500,1900,0.0,4500.0,En tienda,Transferencia,Completada,S004,Riomar,Barranquilla,Atlántico,E004,Sofia,Asesora
V11204,09/02/2025 20:45,C004,Juan Martinez,nuevo,P012,Galleta avena,Galletas,Avena,1,4000,1700,0.0,4000.0,Tienda,Transferencia,Completada,S003,Soledad,Soledad,Atlántico,E006,Valentina,Asesora
V10907,2025-12-24 15:50,C006,Sofia Ramirez,Recurrente,P012,Galleta avena,Galletas,Avena,1,4000,1700,0.0,4000.0,Tienda,Tarjeta,Completada,S003,Soledad,Soledad,Atlántico,E001,Laura,Asesora
V11045,2025-12-17 17:00,C024,Mateo Hernandez,Recurrente,P014,roll canela,Panadería,Canela,4,7500,3100,0.0,30000.0,Instagram,Tarjeta,Completada,S001,CENTRO,Barranquilla,Atlántico,E002,Camila,Asesora
V10824,2025-05-30 19:45,C022,Alejandro Gomez,Nuevo,P010,Brownie con nueces,Repostería,Nueces,2,8500,4000,0.0,17000.0,,transferencia,Devuelta,S001,Centro,Barranquilla,Atlántico,E004,Sofia,Asesora
V10230,2025-10-15 17:15,C019,Felipe Ortiz,Corporativo,P001,Torta chocolate,Tortas,Chocolate,6,42000,22000,0.1,226800.0,Domicilio,Tarjeta,Completada,S002,Norte,Barranquilla,Atlántico,E003,Mateo,Asesor
V10005,2025-07-24 10:45,C005,Laura Hernandez,Recurrente,P015,Tarta de manzana,Tartas,Manzana,1,18000,9000,0.0,18000.0,Tienda,Efectivo, completada ,S002,Norte,Barranquilla,Atlántico,E005,Daniel,Asesor
V10790,2025-09-01 17:20,C029,Manuela Mendoza,Nuevo,P005,Tres leches,Tortas,Leches,1,40000,21000,0.0,"40000,0",WhatsApp,Daviplata,Completada,S002,Norte,Barranquilla,Atlántico,E002,Camila,Asesora
V10552,2025-10-10 14:30,C012,Paula Jimenez,Nuevo,P005,Tres leches,Tortas,Leches,3,40000,21000,0.0,120000.0,WhatsApp,Transferencia,Completada,S001,Centro,Barranquilla,Atlántico,E006,Valentina,Asesora
V11005,2025-11-23 17:45,C001,Ana Rodriguez,Recurrente,P006,Cupcake chocolate,CUPCAKES,Chocolate,2,8500,$4.200,0.2,13600.0,Instagram,Tarjeta,Completada,S001,Centro,Barranquilla,Atlántico,E006,Valentina,Asesora
V10291,2025-02-15 16:10,C016,Isabella Romero,Nuevo,P011,Galleta chispas,Galletas,Chocolate,2,4500,1900,0.0,9000.0,Domicilio,Daviplata,Completada,S001,Centro,Barranquilla,Atlántico,E002,Camila,Asesora
V10650,2025-06-04 14:00,C019,Felipe Ortiz,Recurrente,P007,Cupcake vainilla,Cupcakes,Vainilla,1,8000,3800,0.0,8000.0,whatsapp,Transferencia,Completada,S003,Soledad,Soledad,Atlántico,E004,Sofia,Asesora
V10609,2025/10/23 14:45,C012,Paula Jimenez,Recurrente,P015,Tarta de manzana,Tartas,Manzana,1,18000,$9.000,0.0,18000.0,Domicilio,Transferencia,Completada,S004,Riomar,Barranquilla,Atlántico,E003,Mateo,Asesor
V10254,05-03-2025 19:30,C006,Sofia Ramirez,Nuevo,P006,Cupcake chocolate,Cupcakes,Chocolate, 1 ,8500,4200,0.0,8500.0,WhatsApp,Transferencia,Completada,S003,Soledad,Soledad,Atlántico,E006,Valentina,Asesora
V10909,2025-07-08 18:45,C005,Laura Hernandez,RECURRENTE,P006,Cupcake chocolate,Cupcakes,Chocolate,1,8500,4200,0.15,7225.0,Web,Tarjeta,Completada,S003,soledad,Soledad,Atlántico,E002,Camila,Asesora
V10995,2025-10-21 20:50,C028,Tomas Castro,Recurrente,P013,Croissant,Panadería,Tradicional,1,6500,2800,0.0,6500.0,WhatsApp,Transferencia,Completada,S004,Riomar,Barranquilla,Atlántico,E001,Laura,Asesora
V10965,2025-01-11 16:10,C010,Camila Castro,Nuevo,P010,Brownie con nueces,Repostería,Nueces,2,8500,4000,0.1,15300.0,Domicilio,Nequi,Completada,S001,Centro,Barranquilla,Atlántico,E005,Daniel,Asesor
V10208,2025-04-20 15:15,C021,Natalia Perez,Nuevo,P011,Galleta chispas,Galletas,Chocolate,1,4500,1900,0.0,4500.0,,Transferencia,Cancelada,S004,Riomar,Barranquilla,Atlántico,E006,Valentina,Asesora
V10805,2025-01-21 14:00,C026,Ricardo Diaz,Nuevo,P007,Cupcake vainilla,Cupcakes,Vainilla,2,8000,3800,0.0,16000.0,Domicilio,Efectivo,Completada,S002,Norte,Barranquilla,Atlántico,E002,Camila,Asesora
V11018,2025-07-02 14:45,C008,Valentina Diaz,Recurrente,P019,Caja desayuno,Combos,Desayuno, 1 ,32000,17000,0.0,32000.0,WhatsApp,Tarjeta,Completada,S004,Riomar,Barranquilla,Atlántico,E001,Laura,Asesora
V10303,2025-12-01 12:45,C030,Samuel Jimenez,Nuevo,P003,Cheesecake frutos rojos,Tortas,Frutos rojos,3,48000,26000,0.1,129600.0,WhatsApp,Tarjeta,Completada,S004,Riomar,Barranquilla,Atlántico,E004,Sofia,Asesora
V10952,2025-09-08 13:45,C014,Sara Moreno,Nuevo,P014,Roll de  canela,Panadería,Canela,1,7500,3100,0.0,7500.0,WhatsApp,Efectivo,Completada,S004,Riomar,Barranquilla,Atlántico,E001,Laura,Asesora
V11086,2025-09-29 15:45,C009,Daniel Rojas,Nuevo,P016,Tarta de limón,Tartas,Limón,1,18000,8800,0.0,18000.0,WhatsApp,Tarjeta,Completada,S004,Riomar,Barranquilla,Atlántico,E004,Sofia,Asesora
V10113,2025-06-16 16:30,C016, Isabella Romero ,Recurrente,P010,Brownie con nueces,Repostería,Nueces,1,8500,4000,0.0,8500.0,Tienda,Daviplata,Completada,S004,Riomar,Barranquilla,Atlántico,E005,Daniel,Asesor
V10433,2025-05-10 15:40,C013,nicolas vargas,Nuevo,P009,Brownie  clásico,Repostería,Chocolate,1,7000,3200,0.0,7000.0,WhatsApp,Daviplata,Completada,S002,Norte,Barranquilla,Atlántico,E004,Sofia,Asesora
V10975,2025-07-19 15:40,C017,,Recurrente,P007,Cupcake vainilla,Cupcakes,Vainilla,3,8000,3800,0.1,21600.0,,Transferencia,Completada,S001,Centro,Barranquilla,Atlántico,E004,Sofia,Asesora
V10182,2025-07-03 10:50,C026,Ricardo Diaz,recurrente,P011,Galleta chispas,Galletas,Chocolate,5,4500,1900,0.15,19125.0,WHATSAPP,Tarjeta,Completada,S002,NORTE,Barranquilla,Atlántico,E005,Daniel,Asesor
V11104,2025-07-17 15:40,C018,Mariana Navarro,Nuevo,P019,Caja desayuno,Combos,Desayuno,1,32000,17000,0.0,32000.0,WhatsApp,Nequi,Completada,S001,Centro,Barranquilla,Atlántico,E006,Valentina,Asesora
V11225,2025-05-20 16:15,C021,Natalia Perez,Recurrente,P008,Cupcake red velvet,Cupcakes,Red velvet,3,9500,4800,0.0,28500.0,Web,Nequi,Completada,S003,Soledad,Soledad,Atlántico,E005,Daniel,Asesor
V10359,2025-12-25 17:20,C013,Nicolas Vargas,Recurrente,P002,Torta de vainilla,Tortas,Vainilla,2,38000,19500,0.0,76000.0,Domicilio,Transferencia,Completada,S002,Norte,Barranquilla,Atlántico,E001,Laura,Asesora
V10437,2025-01-15 19:40,C027,Carolina Rojas,,P020,Caja regalo dulce,Combos,Regalo, 2 ,52000,28500,0.0,104000.0,INSTAGRAM,Tarjeta,Completada,S001,Centro,Barranquilla,Atlántico,E006,Valentina,Asesora
V11140,2025-02-27 20:15,C007,Andres Torres,Recurrente,P006,Cupcake chocolate,Cupcakes,Chocolate,1,8500,4200,0.0,8500.0,WhatsApp,Nequi,Completada,S002,Norte,Barranquilla,Atlántico,E006,Valentina,Asesora
V10182,2025-03-03 09:40,C025,Lucia Ramirez,Nuevo,P019,Caja desayuno,Combos,Desayuno,1,32000,17000,0.15,27200.0,Tienda,Efectivo,Completada,S002,Norte,Barranquilla,Atlántico,E002,Camila,Asesora
V10895,10-02-2025 19:15,C030,Samuel Jimenez,Nuevo,P006,Cupcake chocolate,Cupcakes,Chocolate,6,8500,4200,0.0,51000.0,WhatsApp,Tarjeta,Completada,S002,Norte,Barranquilla,Atlántico,E004,Sofia,Asesora
V10184,2025-02-22 16:30,C005,Laura Hernandez,NUEVO,P016,Tarta de limón,Tartas,Limón,1,18000,8800,0.2,14400.0,Web,Tarjeta,Completada,S004,,Barranquilla,Atlántico,E001,Laura,Asesora
V11108,2025-06-03 11:30,C023,Juliana Torres,Nuevo,P002,Torta de vainilla,Tortas,Vainilla,4,38000,19500,0.0,152000.0,Domicilio,Tarjeta,Completada,S004,Riomar,Barranquilla,Atlántico,E005,Daniel,Asesor
V11116,2025-08-28 20:45,C007,Andres Torres,Corporativo,P016,Tarta de limón,Tartas,Limón,6,18000,8800,0.1,97200.0,WhatsApp,Transferencia,Completada,S004,Riomar,Barranquilla,Atlántico,E001,Laura,Asesora
V10171,2025-06-04 11:50,C020,Gabriela Silva,Recurrente,P012,Galleta avena,Galletas,Avena,3,4000,1700,0.0,12000.0,TIENDA,Efectivo,Cancelada,S001,Centro,Barranquilla,Atlántico,E006,,Asesora
V10737,2025-02-12 14:50,C024,Mateo Hernandez,nuevo,P006,Cupcake chocolate,Cupcakes,Chocolate,4,8500,4200,0.0,34000.0,Web,Efectivo,Completada,S002,Norte,Barranquilla,Atlántico,E006,Valentina,Asesora
V10069,2025-11-14 11:00,C018,,Nuevo,P004,Red velvet,Tortas,Red velvet,2,45000,24000,0.0,90000.0,,Transferencia,Completada,S004,Riomar,Barranquilla,Atlántico,E001,Laura,Asesora
V10118,2025-01-20 17:30,C006,Sofia Ramirez,Nuevo,P002,Torta de vainilla,Tortas,Vainilla,4,$38.000,19500,0.0,152000.0,Domicilio,Efectivo,Completada,S004,Riomar,Barranquilla,Atlántico,E001,Laura,Asesora
V10666,2025-08-26 13:30,C024,Mateo Hernandez,Recurrente,P015,Tarta de manzana,Tartas,Manzana,2,18000,9000,0.0,36000.0,Tienda,Tarjeta,Completada,S002,Norte,Barranquilla,Atlántico,E001,Laura,Asesora
V10977,2025-09-28 14:40,C004,Juan Martinez,Nuevo,P008,Cupcake red velvet,Cupcakes,Red velvet,3,9500,4800,0.0,28500.0,Tienda,Nequi,Completada,S002,Norte,Barranquilla,Atlántico,E003,Mateo,Asesor
V10836,2025-10-07 13:50,C021,Natalia Perez,Recurrente,P011,Galleta chispas,Galletas,Chocolate,2,4500,$1.900,0.0,9000.0,WhatsApp,Tarjeta,Completada,S001,Centro,Barranquilla,Atlántico,E005,Daniel,Asesor
V10555,2025-09-08 14:40,C012,Paula Jimenez,Recurrente,P016,Tarta de limón,Tartas,Limón,4,18000,8800,0.0,72000.0,WhatsApp,Transferencia,Completada,S001,Centro,Barranquilla,Atlántico,E006,Valentina,Asesora
V11119,2025-02-12 12:15,C025,Lucia Ramirez,Recurrente,P015,Tarta de manzana,Tartas,Manzana,1,18000,9000,0.0,18000.0,Tienda,Efectivo,Completada,S001,Centro,Barranquilla,Atlántico,E001,Laura,Asesora
V10457,2025-01-05 17:45,C029,Manuela Mendoza,Recurrente,P009,Brownie clásico,Repostería,Chocolate,5,7000,3200,0.2,28000.0,Web,Transferencia,Completada,S004,Riomar,Barranquilla,Atlántico,E002,Camila,Asesora
V10943,2025-08-23 14:40,C021,Natalia Perez,Nuevo,P010,Brownie con nueces,Repostería,Nueces,5,8500,4000,0.0,42500.0,Tienda,Tarjeta,Completada,S002,Norte,Barranquilla,Atlántico,E004,Sofia,Asesora
V10104,2025-03-23 08:45,C030,Samuel Jimenez,Recurrente,P008,Cupcake red velvet,Cupcakes,Red velvet,1,9500,4800,0.0,9500.0,Web,Transferencia,Completada,S004,Riomar,Barranquilla,Atlántico,E005,Daniel,Asesor
V10957,2025/07/14 14:00,C007,Andres Torres,Recurrente,P015,Tarta de manzana,Tartas,Manzana,1,18000,9000,0.0,18000.0,Domicilio,,Completada,S002,Norte,Barranquilla,Atlántico,E006,Valentina,Asesora
V10779,2025-08-28 16:10,C007,Andres Torres,Recurrente,P011,Galleta chispas,Galletas,Chocolate,3,4500,1900,0.0,13500.0,WhatsApp,Tarjeta,Completada,S002,Norte,Barranquilla,Atlántico,E002,Camila,Asesora
V11093,2025-05-18 20:50,C007,Andres Torres,Recurrente ,P013,Croissant,Panadería,Tradicional,2,6500,2800,0.0,13000.0,Instagram,Tarjeta,Completada,S001,Centro,Barranquilla,Atlántico,E001,Laura,Asesora
V10683,2025-03-04 18:40,C017,Sebastian Ruiz,Recurrente,P009,BROWNIE CLÁSICO,Repostería,Chocolate,2,7000,3200,0.0,14000.0,Instagram,Transferencia,Completada,S004,Riomar,Barranquilla,Atlántico,E002,Camila,Asesora
V10333,12-13-2025 11:50,C007,Andres Torres,Recurrente,P016,Tarta de limón,Tartas,Limón,2,$18.000,8800,0.05,34200.0,Web,Transferencia,Completada,S004,Riomar,Barranquilla,Atlántico,E001,Laura,Asesora
V10299,2025-01-18 17:30,C020,Gabriela Silva,Nuevo,P006,Cupcake chocolate,Cupcakes,Chocolate,1,8500,4200,0.0,8500.0,Domicilio,Efectivo,Completada,S004,Riomar,Barranquilla,Atlántico,E005,Daniel,Asesor
V10415,04-13-2025 16:45,C005,Laura Hernandez,Nuevo,P014,Roll de canela,Panadería,Canela,3,7500,3100,0.0,22500.0,Web,,Completada,S002,Norte,Barranquilla,Atlántico,E003,Mateo,Asesor
V11025,2025-06-25 11:10,C019,Felipe Ortiz,Nuevo,P008,Cupcake red velvet,Cupcakes,Red velvet,6,9500,4800,0.0,57000.0,TIENDA,Nequi,Completada,S002,norte,Barranquilla,Atlántico,E005,Daniel,Asesor
V10412,2025-02-17 16:30,C019,felipe ortiz,NUEVO,P012,Galleta avena,Galletas,Avena,1,4000,1700,0.0,"4000,0",Tienda,Nequi,Completada,S003,Soledad,Soledad,Atlántico,E005,Daniel,Asesor
V11149,2025-08-09 14:50,C007,Andres Torres,Recurrente,P006,Cupcake chocolate,Cupcakes,Chocolate,2,8500,4200,0.0,17000.0,Tienda,Tarjeta,Completada,S002,Norte,Barranquilla,Atlántico,E002,Camila,Asesora
V10282,08-16-2025 15:40,C023,Juliana Torres,Recurrente,P002,Torta de vainilla,Tortas,Vainilla,2,38000,19500,0.0,76000.0,WhatsApp,Nequi,Completada,S001,Centro,Barranquilla,Atlántico,E004,Sofia,Asesora
V11144,2025-01-30 13:10,C026,RICARDO DIAZ,Recurrente,P005,Tres leches,Tortas,Leches,5,40000,21000,0.0,200000.0,WhatsApp,Transfer,Completada,S002,Norte,Barranquilla,Atlántico,E006,Valentina,Asesora
V10315,2025-10-18 16:40,C020,Gabriela Silva,Nuevo,P007,Cupcake vainilla,Cupcakes,Vainilla,2,8000,$3.800,0.0,16000.0,Tienda,Nequi,completada,S002,Norte,Barranquilla,Atlántico,E002,Camila,Asesora
V10000,2025-11-24 09:20,C024,Mateo Hernandez,Nuevo,P008,Cupcake red velvet,cupcakes,Red velvet,1,9500,4800,0.0,9500.0,Web,Transferencia,Completada,S001,Centro,Barranquilla,Atlántico,E002,Camila,Asesora
V11164,2025-12-25 09:00,C005,laura hernandez,Recurrente,P011,Galleta chispas,Galletas,Chocolate,5,4500,1900,0.0,22500.0,Tienda,Daviplata,Completada,S002,Norte,Barranquilla,Atlántico,E002,Camila,Asesora
V10283,2025-03-21 17:20,C027,Carolina Rojas,Nuevo,P009,Brownie clásico,Repostería,Chocolate,1,7000,3200,0.0,7000.0,TIENDA,Transferencia,Completada,S002,Norte,Barranquilla,Atlántico,E003,Mateo,Asesor
V10745,2025-12-10 14:40,C013,Nicolas Vargas,Recurrente,P012,Galleta avena,Galletas,Avena,2,4000,1700,0.2,6400.0,Tienda,Tarjeta,COMPLETADA,S001,Centro,Barranquilla,Atlántico,E001,Laura,Asesora
V10687,2025-09-29 14:10,C029,Manuela Mendoza,Nuevo,P013,Croissant,Panadería,Tradicional,1,6500,2800,0.0,6500.0,Instagram,Tarjeta,Completada,S004,Riomar,Barranquilla,Atlántico,E006,Valentina,Asesora
V11236,2025-04-26 15:00,C016,Isabella Romero,Recurrente,P011,Galleta chispas,Galletas,Chocolate,8,4500,1900,0.1,32400.0,Tienda,Nequi,Completada,S002,Norte,Barranquilla,Atlántico,E006,Valentina,Asesora
V10388,2025-06-07 17:45,C028,Tomas Castro,Recurrente,P020,Caja regalo dulce,Combos,Regalo,1,52000,28500,0.0,52000.0,Domicilio,Nequi,Completada,S004,Riomar,Barranquilla,Atlántico,E006,Valentina,Asesora
V11107,2025-08-29 17:45,C020,Gabriela Silva,nuevo,P001,Torta de chocolate,Tortas,Chocolate,3,42000,22000,,126000.0,Web,Tarjeta,Completada,S001,Centro,Barranquilla,Atlántico,E002,Camila,Asesora
V10048,2025-02-28 19:50,C021,Natalia Perez,Nuevo,P006,Cupcake chocolate,Cupcakes,Chocolate,1,8500,4200,0.0,8500.0,Tienda,Efectivo,Completada,S002,Norte,Barranquilla,Atlántico,E001,Laura,Asesora
V10526,2025/02/17 14:30,C030,Samuel Jimenez,Nuevo,P006,Cupcake chocolate,Cupcakes,Chocolate,3,8500,4200,0.0,25500.0,Domicilio,Efectivo,Completada,S003,Soledad,Soledad,Atlántico,E005,Daniel,Asesor
V11127,2025-05-25 16:40,C027, Carolina Rojas ,recurrente,P004,Red velvet,Tortas,Red velvet,3,45000,$24.000,0.0,135000.0,Web,Nequi,Completada,S001,Centro,Barranquilla,Atlántico,E006,Valentina,Asesora
V10381,2025-11-14 11:30,C022,Alejandro Gomez,Corporativo,P008,Cupcake red velvet,Cupcakes,Red velvet,3,9500,4800,0.2,"22800,0",Tienda,Nequi,Completada,S002,Norte,Barranquilla,Atlántico,E001,Laura,Asesora
V10540,2025-01-01 15:20,C019,Felipe Ortiz,Recurrente,P011,Galleta chispas,Galletas,Chocolate,4,4500,1900,0.0,18000.0,Domicilio,Tarjeta,Completada,S002,NORTE,Barranquilla,Atlántico,E001,Laura,Asesora
V10139,2025-09-30 19:15,C001,Ana Rodriguez,Nuevo,P010,Brownie con nueces,Repostería,Nueces,3,8500,4000,0.0,25500.0,WhatsApp,Tarjeta,Completada,S002,Norte,Barranquilla,Atlántico,E001,Laura,Asesora
V10368,03-15-2025 11:30,C017,Sebastian Ruiz,Nuevo,P014,Roll de canela,Panadería,Canela,1,7500,3100,0.0,7500.0,Tienda,Nequi,COMPLETADA,S003,SOLEDAD,Soledad,Atlántico,E003,Mateo,Asesor
V10100,2025-06-27 15:10,C018,Mariana Navarro,Recurrente,P009,Brownie clásico,Repostería,Chocolate,4,7000,3200,0.0,28000.0,Domicilio,Nequi,Completada,S003,Soledad,Soledad,Atlántico,E002,Camila,Asesora
V10032,2025-07-28 17:45,C015,Diego Suarez,Nuevo,P012,Galleta avena,Galletas,Avena,1,4000,1700,0.0,4000.0,WhatsApp,Daviplata, completada ,S002,Norte,Barranquilla,Atlántico,E004,Sofia,Asesora
V10437,2025-10-20 19:40,C030,Samuel Jimenez,NUEVO,P014,Roll de canela,Panadería,Canela,3,7500,3100,0.05,21375.0,Instagram,Nequi,Completada,S001,Centro,Barranquilla,Atlántico,E002,Camila,Asesora
V10712,2025/02/18 13:45,C015,Diego Suarez,Recurrente,P010,Brownie con nueces,Repostería,Nueces,1,8500,4000,0.0,8500.0,Instagram,nequi ,Completada,S001,Centro,Barranquilla,Atlántico,E005,Daniel,Asesor
V10585,2025-08-06 08:45,C023,Juliana Torres,Nuevo,P009,Brownie clásico,Repostería,Chocolate,2,7000,3200,0.1,12600.0,WhatsApp,Transferencia,Completada,S002,Norte,Barranquilla,Atlántico,E002,Camila,Asesora
V10076,2025-01-27 15:10,C020,Gabriela Silva,Nuevo,P004,Red velvet,Tortas,Red velvet,1,45000,24000,0.0,45000.0,WhatsApp,Tarjeta,Completada,S004,Riomar,Barranquilla,Atlántico,E003,Mateo,Asesor
V11272,2025-07-04 18:00,C021,Natalia Perez,Nuevo,P011,Galleta chispas,Galleta,Chocolate,1,4500,1900,0.0,4500.0,Tienda,Daviplata,Completada,S001,Centro,Barranquilla,Atlántico,E005,Daniel,Asesor
V10147,2025/08/18 13:45,C017,Sebastian Ruiz,Nuevo,P004,Red velvet,Tortas,Red velvet,1,45000,24000,0.0,45000.0,Tienda,Efectivo,Completada,S002,NORTE,Barranquilla,Atlántico,E001,Laura,Asesora
V10729,2025-04-22 16:00,C002,,Recurrente,P005,Tres leches,Tortas,Leches,2,40000,21000,0.0,80000.0,Ig,Transferencia,Completada,S002,Norte,Barranquilla,Atlántico,E003,Mateo,Asesor
V11047,2025-07-31 17:40,C004,Juan Martinez,Nuevo,P020,Caja regalo dulce,Combos,Regalo,1,52000,28500,0.0,$52.000,Domicilio,Transferencia,Completada,S002,Norte,Barranquilla,Atlántico,E004,Sofia,Asesora
V10653,2025-11-18 11:00,C030,Samuel Jimenez,Nuevo,P011,Galleta chispas,Galletas,Chocolate,2,4500,1900,0.05,8550.0,Instagram,Efectivo,Completada,S002,Norte,Barranquilla,Atlántico,E005,Daniel,Asesor
V10325,05-13-2025 14:50,C013,Nicolas Vargas,Nuevo,P011,Galleta chispas,Galletas,Chocolate,5,4500,1900,0.0,22500.0,Tienda ,Nequi,completada,S004,Riomar,Barranquilla,Atlántico,E002,Camila,Asesora
V10202,2025-03-17 18:30,C019,Felipe Ortiz,Recurrente,P009,Brownie clásico,Repostería,Chocolate,6,$7.000,3200,0.15,35700.0,Domicilio,,Completada,S002,Norte,Barranquilla,Atlántico,E004,Sofia,Asesora
V10059,2025-02-11 16:20,C028,Tomas Castro,Recurrente,P020,Caja regalo dulce,Combos,Regalo, 2 ,52000,28500,0.0,104000.0,Domicilio,transferencia,Completada,S004,Riomar,Barranquilla,Atlántico,E006,Valentina,Asesora
V10669,2025-09-03 18:20,C009,Daniel Rojas,Recurrente,P011,Galleta chispas,Galletas,Chocolate,1,4500,1900,0.0,4500.0,WhatsApp,Tarjeta,Completada,S004,Riomar,Barranquilla,Atlántico,E001,Laura,Asesora
V10103,2025-05-06 12:40,C022,Alejandro Gomez,Nuevo,P006,Cupcake chocolate,Cupcakes,Chocolate,2,8500,4200,0.0,17000.0,Instagram,Tarjeta,Completada,S004,Riomar,Barranquilla,Atlántico,E006,Valentina,Asesora
V10243,2025-03-27 11:45,C025,Lucia Ramirez,Recurrente,P002,Torta de vainilla,Tortas,Vainilla,1,38000,19500,0.0,"38000,0",Tienda,,Completada,S004,Riomar,Barranquilla,Atlántico,E006,Valentina,Asesora
V10882,2025-10-27 19:10,C017, Sebastian Ruiz ,Recurrente,P004,Red velvet,Tortas,Red velvet,5,45000,24000,0.0,225000.0,Tienda,Tarjeta,Completada,S001,Centro,Barranquilla,Atlántico,E002,Camila,Asesora
V10266,2025-07-23 17:00,C028,Tomas Castro,Recurrente,P011,Galleta chispas,Galletas,Chocolate,1,4500,1900,0.0,4500.0,Tienda,Nequi,Completada,S003,Soledad,Soledad,Atlántico,E002,Camila,Asesora
V11260,2025-05-14 18:50,C028,Tomas Castro,Recurrente,P011,Galleta chispas,Galletas,Chocolate,4,4500,1900,0.1,16200.0,Instagram,Nequi,Completada,S003,Soledad,Soledad,Atlántico,E003,Mateo,Asesor
V11197,2025-10-05 13:00,C028,Tomas Castro,Recurrente,P017,Macaron caja x6,Macarons,Variados,1,22000,11000,0.0,22000.0,Instagram,Transferencia,Completada,S001,Centro,Barranquilla,Atlántico,E005,Daniel,Asesor
V10408,2025-05-15 17:00,C013,Nicolas Vargas,Recurrente,P019,Caja desayuno,Combos,Desayuno,1,32000,17000,0.05,30400.0,Domicilio,,Completada,S002,Norte,Barranquilla,Atlántico,E006,Valentina,Asesora
V10275,2025-05-18 14:15,C020,Gabriela Silva,Nuevo,P009,Brownie clásico,Repostería,Chocolate,1,7000,3200,0.0,7000.0,WhatsApp,Tarjeta,Completada,S002,Norte,Barranquilla,Atlántico,E005,Daniel,Asesor
V10023,2025-12-04 13:00,C011,Miguel Mendoza,Nuevo,P011,Galleta chispas,Galletas,Chocolate,1,4500,1900,0.0,4500.0,Web,Tarjeta,Completada,S001, Centro ,Barranquilla,Atlántico,E001,Laura,Asesora
V10868,01-29-2025 17:40,C023,Juliana Torres,Nuevo,P011,Galleta chispas,Galletas,Chocolate,1,4500,1900,0.0,4500.0,Tienda,Tarjeta,Cancelada,S003,Soledad,Soledad,Atlántico,E003,Mateo,Asesor
V11180,2025-04-19 20:00,C015,Diego Suarez,Recurrente,P020,Caja regalo dulce,Combos,Regalo, 1 ,52000,28500,0.1,46800.0,Tienda,Transferencia,Completada,S002,Norte,Barranquilla,Atlántico,E001,Laura,Asesora
V10789,2025-02-21 14:00,C029, Manuela Mendoza ,,P001,Torta de chocolate,Tortas,Chocolate,1,42000,22000,0.0,42000.0,Tienda,daviplata,Completada,S001,Centro,Barranquilla,Atlántico,E003,Mateo,Asesor
V10137,2025-10-19 14:40,C016,Isabella Romero,Recurrente,P011,Galleta chispas,Galletas,Chocolate,6,4500,1900,0.0,27000.0,Tienda,Nequi ,Completada,S004,Riomar,Barranquilla,Atlántico,E002,Camila,Asesora
V10762,2025-06-05 14:15,C001,Ana Rodriguez,Nuevo,P011,Galleta chispas,Galletas,Chocolate,3,4500,1900,0.0,13500.0,Web,Daviplata,Completada,S001,Centro,Barranquilla,Atlántico,E005,Daniel,Asesor
V10401,2025-06-17 18:20,C013,Nicolas Vargas,Nuevo,P011,Galleta chispas,Galletas,Chocolate,2,4500,1900,0.0,9000.0,Tienda,Daviplata,Completada,S002,Norte,Barranquilla,Atlántico,E001,Laura,Asesora
V10796,2025-09-19 15:00,C027,carolina rojas,Recurrente,P016,Tarta de limón,Tartas,Limón,3,18000,8800,0.0,54000.0,En tienda,Nequi,Completada,S001,Centro,Barranquilla,Atlántico,E005,Daniel,Asesor
V10862,2025-10-12 15:20,C026,Ricardo Diaz,Nuevo,P006,Cupcake chocolate,Cupcakes,Chocolate,1,8500,4200,0.0,8500.0,Tienda,Tarjeta,Cancelada,S002,Norte,Barranquilla,Atlántico,E002,Camila,Asesora
V10484,2025-02-01 11:45,C015,Diego Suarez,Nuevo,P005,Tres leches,Tortas,Leches,2,40000,21000,0.05,76000.0,WhatsApp,Efectivo,Completada,S004,Riomar,Barranquilla,Atlántico,E002,Camila,Asesora
V10623,09/05/2025 12:50,C022,alejandro gomez,Recurrente,P003,Cheesecake frutos rojos,Tortas,Frutos rojos,3,48000,26000,0.0,144000.0,domicilio,Efectivo,Completada,S001,Centro,Barranquilla,Atlántico,E004,Sofia,Asesora
V10542,2025-03-09 13:15,C026,Ricardo Diaz,Recurrente,P008,Cupcake red velvet,Cupcakes,Red velvet,3,$9.500,4800,0.0,28500.0,Domicilio,Nequi,Completada,S002,Norte,Barranquilla,Atlántico,E002,Camila,Asesora
V10183,2025-05-02 18:50,C026,Ricardo Diaz,Recurrente,P005,Tres leches,Tortas,Leches,1,$40.000,21000,0.0,40000.0,Instagram,Nequi,Completada,S002,Norte,Barranquilla,Atlántico,E005,Daniel,Asesor
V10607,2025-08-12 19:40,C023,Juliana Torres,Recurrente,P012,Galleta avena,Galletas,Avena,3,4000,1700,0.1,10800.0,WhatsApp,Nequi,Completado,S002,NORTE,Barranquilla,Atlántico,E001,Laura,Asesora
V11199,2025-11-11 15:40,C030,Samuel Jimenez,Recurrente,P006,Cupcake chocolate,Cupcakes,Chocolate,5,8500,4200,0.0,42500.0,WhatsApp,Efectivo,Completada,S001,Centro,Barranquilla,Atlántico,E001,Laura,Asesora
V11061,2025-10-29 13:20,C003,Maria Gomez,recurrente,P001,Torta de chocolate,Tortas,Chocolate,1,42000,22000,0.15,35700.0,instagram,Transferencia,Completada,S001,Centro,Barranquilla,Atlántico,E005,Daniel,Asesor
V10780,2025-11-28 08:20,C015,Diego Suarez,Recurrente,P006,Cupcake chocolate,Cupcakes,Chocolate,2,8500,4200,0.15,14450.0,Domicilio,Transferencia,Completada,S002,Norte,Barranquilla,Atlántico,E003,Mateo,Asesor
V10090,2025-07-12 13:50,C006,Sofia Ramirez,Recurrente,P006,Cupcake chocolate,Cup cake,Chocolate,3,8500,4200,0.0,25500.0,Web,Tarjeta,Completada,S001,Centro,Barranquilla,Atlántico,E005,Daniel,Asesor
V10466,2025-04-16 19:40,C023,Juliana Torres,Recurrente,P016,Tarta de limón,Tartas,Limón,2,18000,8800,0.0,36000.0,,Transferencia,Completada,S001,Centro,Barranquilla,Atlántico,E004,Sofia,Asesora
V10741,2025-09-10 15:00,C009,Daniel Rojas,Nuevo,P013,Croissant,Panadería,Tradicional,2,6500,2800,0.0,13000.0,,Daviplata,Completada,S002,Norte,Barranquilla,Atlántico,E001,Laura,Asesora
V10791,2025-04-23 16:40,C026,,Corporativo,P016,Tarta de limón,,Limón,3,18000,8800,0.1,48600.0,Web,Nequi,Completada,S002,Norte,Barranquilla,Atlántico,E006,Valentina,Asesora
V10880,2025-08-27 15:15,C018,Mariana Navarro,Recurrente,P009,Brownie clásico,Repostería,Chocolate,1,7000,3200,0.0,7000.0,Tienda,Transferencia,Completada,S002,Norte,Barranquilla,Atlántico,E005,Daniel,Asesor
V10736,2025-12-01 16:10,C005,Laura Hernandez,Nuevo,P014,Roll de canela,Panadería,Canela, 1 ,7500,3100,0.0,7500.0,Domicilio,Efectivo,Completada,S001,Centro,Barranquilla,Atlántico,E004,Sofia,Asesora
V11093,2025-08-18 18:45,C018,Mariana Navarro,Recurrente,P015,Tarta de manzana,Tartas,Manzana,3,18000,9000,0.0,54000.0,Domicilio,Nequi,Completada,S002,Norte,Barranquilla,Atlántico,E002,Camila,Asesora
V10705,2025-03-28 10:50,C016,Isabella Romero,Recurrente ,P002,Torta de vainilla,Tortas,Vainilla,1,38000,19500,0.0,38000.0,WhatsApp,Nequi,Completada,S001,Centro,Barranquilla,Atlántico,E003,Mateo,Asesor
V10608,2025-08-19 14:20,C019,Felipe Ortiz,Nuevo,P008,Cupcake red velvet,Cupcakes,Red velvet,1,9500,4800,0.0,9500.0,Domicilio,Tarjeta,Completada,S003,Soledad,Soledad,Atlántico,E006,Valentina,Asesora
V10589,2025-08-28 14:40,C021,Natalia Perez,Recurrente,P019,Caja desayuno,Combos,Desayuno,4,32000,17000,0.0,128000.0,Tienda,Nequi,Completada,S002,Norte,Barranquilla,Atlántico,E001,Laura,Asesora
V10371,2025-04-12 12:50,C029,Manuela Mendoza,Nuevo,P004,Red velvet,Tortas,Red velvet,3,45000,24000,0.0,135000.0,Tienda,Efectivo,Completada,S003,Soledad,Soledad,Atlántico,E005,Daniel,Asesor
V10214,2025-03-07 17:30,C024,Mateo Hernandez,Recurrente,P015,Tarta de manzana,Tartas,Manzana,3,18000,9000,0.0,54000.0,Tienda,Transferencia,Completada,S003,Soledad,Soledad,Atlántico,E004,Sofia,Asesora
V10065,2025-11-07 18:00,C008,Valentina Diaz,Recurrente,P013,Croissant,Panadería,Tradicional,2,6500,2800,0.0,13000.0,Instagram,Nequi,Completada,S004,Riomar,Barranquilla,Atlántico,E003,Mateo,Asesor
V10362,2025-01-19 18:15,C011,Miguel Mendoza,Recurrente,P014,Roll de canela,,Canela,1,7500,3100,0.0,7500.0,Tienda,Nequi,Completada,S002,Norte,Barranquilla,Atlántico,E006,Valentina,Asesora
V10322,2025-05-10 14:10,C016,Isabella Romero,Recurrente,P017,Macaron caja x6,Macarons,Variados,2,22000,11000,0.0,"44000,0",Tienda,Nequi,Completada,S001,CENTRO,Barranquilla,Atlántico,E005,Daniel,Asesor
V10142,2025-02-08 17:45,C009,Daniel Rojas,Recurrente,P012,Galleta avena,Galletas,Avena,2,4000,1700,0.0,8000.0,Tienda,Daviplata,Cancelada,S003,Soledad,Soledad,Atlántico,E001,Laura,Asesora
V10864,2025-03-23 19:15,C030,Samuel Jimenez,Recurrente,P007,Cupcake vainilla,Cupcakes,Vainilla,1,8000,3800,0.1,7200.0,Tienda ,Nequi,Completada,S001,CENTRO,Barranquilla,Atlántico,E005,Daniel,Asesor
V11242,2025-04-13 17:10,C021,Natalia Perez,Recurrente,P011,Galleta chispas,Galletas,Chocolate,2,4500,1900,0.0,9000.0,Tienda,Daviplata,Completada,S001,Centro,,Atlántico,E003,Mateo,Asesor
V10911,2025-03-27 16:20,C005,,Recurrente,P014,Roll de canela,Panadería,Canela,1,7500,3100,0.0,7500.0,Instagram,Tarjeta,Completada,S001, Centro ,Barranquilla,Atlántico,E002,Camila,Asesora
V11123,2025-11-04 16:45,C001,Ana Rodriguez,Nuevo,P006,Cupcake chocolate,Cupcakes,Chocolate,3,8500,4200,0.0,25500.0,Web,TRANSFERENCIA,Completada,S004,Riomar,Barranquilla,Atlántico,E006,Valentina,Asesora
V10486,2025-01-16 18:00,C010,Camila Castro,Nuevo,P010,Brownie con nueces,Repostería,Nueces,4,8500,4000,0.0,34000.0,Web,Tarjeta,Completada,S001,Centro,Barranquilla,Atlántico,E006,Valentina,Asesora
V10052,2025-12-06 08:50,C027,Carolina Rojas,Recurrente,P006,Cupcake chocolate,Cupcakes,Chocolate,1,$8.500,4200,0.2,6800.0,Tienda,Tarjeta,Completada,S004,Riomar,Barranquilla,Atlántico,E004,Sofia,Asesora
V10726,2025-01-28 16:30,C010,Camila Castro,Nuevo,P012,Galleta avena,Galletas,Avena,1,4000,1700,0.1,3600.0,En tienda,Tarjeta,completada,S002,Norte,Barranquilla,Atlántico,E001,Laura,Asesora
V10967,2025-12-24 20:40,C017,Sebastian Ruiz,Nuevo,P011,Galleta chispas,Galletas,Chocolate,2,4500,1900,0.15,7650.0,WhatsApp,Transferencia,Completada,S003,Soledad,Soledad,Atlántico,E001,Laura,Asesora
V11213,2025-03-30 14:50,C012,Paula Jimenez,RECURRENTE,P014,Roll de canela,Panadería,Canela,2,7500,3100,0.0,15000.0,Domicilio,Efectivo,completada,S003,Soledad,Soledad,Atlántico,E004,Sofia,Asesora
V10224,2025-03-09 16:15,C002,Carlos Perez,Corporativo,P013,Croissant,Panadería,Tradicional,4,6500,2800,0.1,23400.0,WhatsApp,Transferencia,Completada,S003,Soledad,Soledad,Atlántico,E004,Sofia,Asesora
V10030,2025-09-16 17:50,C030,Samuel Jimenez,Recurrente,P007,Cupcake vainilla,Cupcakes,Vainilla,5,8000,3800,0.0,40000.0,Web,Transferencia,Completada,S002,Norte,Barranquilla,Atlántico,E006,Valentina,Asesora
V10548,2025/12/22 16:15,C026,Ricardo Diaz,Recurrente,P011,Galleta chispas,Galletas,Chocolate,1,4500,1900,0.0,4500.0,,Nequi,Completada,S003,Soledad,Soledad,Atlántico,E004,Sofia,Asesora
V11170,2025-02-14 19:15,C002,Carlos Perez,Nuevo,P011,Galleta chispas,Galletas,Chocolate,1,4500,1900,0.1,4050.0,Tienda,Daviplata,Completada,S002,Norte,Barranquilla,Atlántico,E002,Camila,Asesora
V10938,2025-04-15 18:00,C012, Paula Jimenez ,Nuevo,P003,Cheesecake frutos rojos,Tortas,Frutos rojos,5,$48.000,26000,0.0,240000.0,Tienda,Transferencia,Completada,S003,Soledad,Soledad,Atlántico,E002,Camila,Asesora
V10817,2025-12-16 11:45,C024,Mateo Hernandez,Nuevo,P002,Torta de vainilla,Tortas,Vainilla,1,38000,19500,0.0,38000.0,Domicilio,Efectivo,Completada,S002,Norte,Barranquilla,Atlántico,E002,Camila,Asesora
V10611,2025-09-12 17:45,C020,Gabriela Silva,Recurrente,P009,Brownie clásico,Repostería,Chocolate,1,7000,3200,0.15,5950.0,Whats app,Transferencia,Completada,S003,Soledad,Soledad,Atlántico,E001,Laura,Asesora
V10151,16/04/2025 16:15,C012,Paula Jimenez,NUEVO,P016,Tarta de limón,Tartas,Limón,2,18000,8800,0.0,36000.0,instagram,Tarjeta,Completada,S002,Norte,Barranquilla,Atlántico,E006,Valentina,Asesora
V10768,19/10/2025 14:30,C014,Sara Moreno,Recurrente,P005,Tres leches,Tortas,Leches,1,40000,21000,0.2,32000.0,Domicilio,Nequi,Devuelta,S001,Centro,Barranquilla,Atlántico,E004,Sofia,Asesora
V10373,2025-12-21 17:15,C009,Daniel Rojas,Nuevo,P001,Torta de chocolate,Tortas,Chocolate,4,42000,22000,0.0,168000.0,WhatsApp,Tarjeta,Completada,S002,Norte,Barranquilla,Atlántico,E005,Daniel,Asesor
V10559,10/02/2025 16:15,C008,Valentina Diaz,Corporativo,P019,Caja desayuno,Combos,Desayuno,3,32000,17000,0.0,96000.0,tienda,Tarjeta,Completada,S001,,Barranquilla,Atlántico,E004,Sofia,Asesora
V10630,2025-01-23 11:40,C010,Camila Castro,Nuevo,P005,Tres leches,Tortas,Leches,1,40000,21000,0.0,40000.0,Instagram,Nequi,Completada,S001, Centro ,Barranquilla,Atlántico,E002,Camila,Asesora
V11171,2025-07-15 19:15,C001,Ana Rodriguez,Recurrente,P017,Macaron caja x6,Macarons,Variados,1,22000,11000,0.0,22000.0,Tienda,Transferencia,Cancelada,S001,Centro,Barranquilla,Atlántico,E006,Valentina,Asesora
V10603,2025-04-03 15:30,C030,Samuel Jimenez,Corporativo,P006,Cupcake chocolate,Cupcakes,Chocolate,8,8500,4200,0.0,68000.0,Tienda,Tarjeta,COMPLETADA,S003,SOLEDAD,Soledad,Atlántico,E004,Sofia,Asesora
V10336,2025-12-27 17:10,C019,Felipe Ortiz,Recurrente,P018,Macaron caja x12,Macarons,Variados,2,40000,19500,0.0,80000.0,WHATSAPP,Tarjeta,completada,S002,Norte,Barranquilla,Atlántico,E004,Sofia,Asesora
V10685,2025-09-05 16:15,C015,Diego Suarez,Recurrente,P017,Macaron caja x6,Macarons,Variados,1,22000,11000,0.0,22000.0,Delivery,Daviplata,Completada,S002,Norte,Barranquilla,Atlántico,E005,,Asesor
V10507,2025-10-11 14:10,C012,Paula Jimenez,Nuevo,P002,Torta de vainilla,Tortas,Vainilla,1,38000,19500,0.0,"38000,0",Web,Tarjeta,Completada,S001,Centro,Barranquilla,Atlántico,E006,Valentina,Asesora
V10094,2025-05-28 15:15,C004,Juan Martinez,Nuevo,P011,Galleta chispas,Galletas,Chocolate,1,4500,1900,0.2,3600.0,Web,Transferencia,Completada,S001,Centro,Barranquilla,Atlántico,E003,Mateo,Asesor
V10340,2025-12-09 13:45,C030, Samuel Jimenez ,Recurrente ,P007,Cupcake vainilla,Cupcakes,Vainilla,4,$8.000,3800,0.0,32000.0,Tienda,transferencia,Completada,S001,Centro,Barranquilla,Atlántico,E001,Laura,Asesora
V11228,2025-10-11 15:20,C002,Carlos Perez, Nuevo ,P008,Cupcake red velvet,Cupcakes,Red velvet,2,9500,$4.800,0.0,19000.0,Tienda,Nequi,Completada,S002,Norte,Barranquilla,Atlántico,E006,Valentina,Asesora
V10809,2025/10/25 11:45,C017,Sebastian Ruiz,Recurrente,P010,Brownie con nueces,Repostería,Nueces,2,8500,4000,0.0,17000.0,Web,Transferencia,Completada,S002,Norte,Barranquilla,Atlántico,E003,Mateo,Asesor
V10497,2025-06-04 18:00,C025,Lucia Ramirez,Recurrente,P004,Red velvet,Tortas,Red velvet,1,45000,$24.000,0.0,45000.0,Web,Daviplata,Completada,S003,Soledad,Soledad,Atlántico,E003,Mateo,Asesor
V11229,2025-09-05 18:45,C011,Miguel Mendoza,corporativo,P010,Brownie con nueces,Repostería,Nueces,8,8500,4000,0.1,61200.0,Web,Tarjeta,Completada,S001,Centro,Barranquilla,Atlántico,E004,Sofia,Asesora
V10075,2025-08-10 18:45,C024,Mateo Hernandez,Nuevo,P010,Brownie con nueces,Repostería,Nueces,1,8500,4000,0.0,8500.0,Tienda,Daviplata,Completada,S001,Centro,Barranquilla,Atlántico,E006,Valentina,Asesora
V10703,2025-05-30 17:10,C008,Valentina Diaz,Corporativo,P010,Brownie con nueces,REPOSTERÍA,Nueces,8,8500,4000,0.15,57800.0,Tienda,Nequi,Completada,S002,Norte,Barranquilla,Atlántico,E004,Sofia,Asesora
V10991,2025-10-09 15:30,C019,felipe ortiz,Nuevo,P019,Caja desayuno,Combos,Desayuno,2,32000,17000,0.0,64000.0,WHATSAPP,Nequi,Completada,S001,Centro,Barranquilla,Atlántico,E003,Mateo,Asesor
V11233,2025-11-20 15:00,C014,Sara Moreno,Nuevo,P011,Galleta chispas,Galletas,Chocolate,2,4500,1900,0.0,9000.0,Tienda,Tarjeta,Cancelada,S003,Soledad,Soledad,Atlántico,E004,Sofia,Asesora
V10626,2025-05-06 15:40,C022,Alejandro Gomez,NUEVO,P007,Cupcake vainilla,Cupcakes,Vainilla, 1 ,8000,3800,0.0,8000.0,Tienda,Efectivo,Completada,S001,Centro,Barranquilla,Atlántico,E002,Camila,Asesora
V10407,2025-06-09 12:00,C016,Isabella Romero,Recurrente,P019,Caja desayuno,Combos,Desayuno,2,32000,17000,0.0,64000.0,WhatsApp,Transferencia,Completada,S003,Soledad,Soledad,Atlántico,E004,Sofia,Asesora
V10009,2025-09-06 17:20,C025,Lucia Ramirez,Recurrente,P019,Caja desayuno,Combos,Desayuno,1,32000,17000,0.2,25600.0,Instagram,Daviplata,Cancelada,S004,Riomar,Barranquilla,Atlántico,E006,Valentina,Asesora
V10323,04/11/2025 12:00,C029,Manuela Mendoza,Recurrente,P015,Tarta de manzana,Tartas,Manzana,2,18000,9000,0.1,32400.0,WHATSAPP,Nequi,Completada,S001,Centro,Barranquilla,Atlántico,E006,Valentina,Asesora
V10229,2025-07-06 11:20,C027,Carolina Rojas,NUEVO,P011,Galleta chispas,Galletas,Chocolate,2,4500,1900,0.0,9000.0,WhatsApp,Transferencia,Completada,S004,Riomar,Barranquilla,Atlántico,E001,Laura,Asesora
V10887,2025-01-06 14:00,C019,Felipe Ortiz,Recurrente,P006,Cupcake chocolate,Cupcakes,Chocolate,3,8500,4200,0.0,25500.0,Domicilio,Transfer,Completada,S003,Soledad,Soledad,Atlántico,E003,Mateo,Asesor
V10573,2025-12-09 13:30,C018,Mariana Navarro,Recurrente,P007,Cupcake vainilla,Cupcakes,Vainilla,1,8000,3800,0.0,8000.0,WhatsApp,Nequi,Completada,S001,Centro,Barranquilla,Atlántico,E002,Camila,Asesora
V11060,25/04/2025 19:15,C007,Andres Torres,Nuevo,P003,Cheesecake frutos rojos,Tortas,Frutos rojos,2,48000,26000,0.0,96000.0,Tienda,Tarjeta,Completada,S003,Soledad,Soledad,Atlántico,E002,Camila,Asesora
V11211,2025-01-22 16:15,C011,MIGUEL MENDOZA,Nuevo,P019,Caja desayuno,Combos,Desayuno,2,$32.000,17000,0.0,64000.0,Instagram,Tarjeta,Completada,S001,Centro,Barranquilla,Atlántico,E005,Daniel,Asesor
V10572,2025-01-21 14:10,C022,Alejandro Gomez,Recurrente,P006,Cupcake chocolate,Cupcakes,Chocolate,1,8500,4200,0.1,7650.0,WhatsApp,Daviplata,Completada,S001,Centro,Barranquilla,Atlántico,E001,Laura,Asesora
V10706,2025-07-30 15:50,C011,Miguel Mendoza,Recurrente,P013,Croissant,Panadería,Tradicional,1,6500,2800,0.0,6500.0,Instagram,Transferencia,Completada,S002,Norte,Barranquilla,Atlántico,E005,Daniel,Asesor
V10127,2025-12-11 11:45,C014,Sara Moreno,,P013,Croissant,panaderia,Tradicional,3,6500,2800,0.0,19500.0,Tienda,Tarjeta,Completada,S003,Soledad,Soledad,Atlántico,E005,Daniel,Asesor
V10746,2025-04-24 13:45,C023,Juliana Torres,Nuevo,P006,Cupcake chocolate,Cupcakes,Chocolate,1,8500,4200,0.0,8500.0,Tienda,Nequi,Completada,S001,Centro,Barranquilla,Atlántico,E004,Sofia,Asesora
V11037,2025-03-26 17:40,C013,Nicolas Vargas,Recurrente,P010,Brownie con nueces,Repostería,Nueces,1,8500,4000,0.0,8500.0,WhatsApp,Nequi,Completada,S003,Soledad,Soledad,Atlántico,E005,Daniel,Asesor
V10198,2025-08-17 14:15,C028,Tomas Castro,Nuevo,P012,Galleta avena,Galletas,Avena,2,4000,1700,0.0,8000.0,Tienda,Nequi,COMPLETADA,S001,Centro,Barranquilla,Atlántico,E005,Daniel,Asesor
V10272,2025/07/02 13:30,C004,Juan Martinez,Nuevo,P002,Torta de vainilla,Tortas,Vainilla,1,38000,19500,0.05,36100.0,Domicilio,Transferencia,Completada,S001,Centro,Barranquilla,Atlántico,E004,Sofia,Asesora
V11214,06-02-2025 18:00,C004,Juan Martinez,Recurrente,P011,Galleta chispas,Galletas,Chocolate,1,4500,1900,0.15,3825.0,Tienda,Transferencia,Devuelta,S004,Riomar,Barranquilla,Atlántico,E001,Laura,Asesora
V10867,2025-07-12 17:00,C021,Natalia Perez,Nuevo,P007,Cupcake vainilla,Cupcakes,Vainilla,1,8000,3800,0.0,8000.0,Tienda,Transferencia,Completada,S002,Norte,Barranquilla,Atlántico,E005,Daniel,Asesor
V10423,2025-04-18 17:50,C006,Sofia Ramirez,Recurrente,P001,Torta de chocolate,Tortas,Chocolate,2,42000,22000,0.0,84000.0,Domicilio,Nequi,Completada,S004,Riomar,Barranquilla,Atlántico,E004,Sofia,Asesora
V10847,2025-06-13 16:10,C002,Carlos Perez,Recurrente,P017,Macaron caja x6,Macarons,Variados,2,22000,11000,0.0,44000.0,Tienda,Daviplata,Completada,S004,Riomar,Barranquilla,Atlántico,E003,Mateo,Asesor
V10640,2025-12-15 16:45,C008,Valentina Diaz,corporativo,P007,Cupcake vainilla,Cupcakes,Vainilla,3,8000,3800,0.15,20400.0,Domicilio,Transferencia,Completada,S001,Centro,Barranquilla,Atlántico,E004,Sofia,Asesora
V11136,2025-03-19 19:50,C004,Juan Martinez,Nuevo,P015,Tarta de manzana,Tartas,Manzana,1,18000,9000,0.0,18000.0,Tienda,Efectivo,Completada,S004,Riomar,Barranquilla,Atlántico,E003,Mateo,Asesor
V10633,2025-10-27 13:50,C029,Manuela Mendoza,Nuevo,P007,Cupcake vainilla,CUPCAKES,Vainilla,2,$8.000,3800,0.0,16000.0,Tienda,Transferencia,Completada,S004,Riomar,Barranquilla,Atlántico,E002,Camila,Asesora
V10955,2025-05-06 14:50,C022,Alejandro Gomez,Corporativo,P013,Croissant, Panadería ,Tradicional,4,6500,2800,0.2,20800.0,Instagram,Daviplata,Completada,S003,Soledad,Soledad,Atlántico,E002,,Asesora
V10429,2025-10-18 19:30,C023,Juliana Torres,Recurrente,P008,Cupcake red velvet,Cupcakes,Red velvet,3,9500,4800,0.0,"28500,0",Domicilio,Nequi,Completada,S001,centro,Barranquilla,Atlántico,E003,Mateo,Asesor
V10018,2025-10-11 12:40,C022,Alejandro Gomez,Nuevo,P007,Cupcake vainilla,Cupcakes,Vainilla,4,8000,3800,0.0,32000.0,Tienda,Nequi, completada ,S002, Norte ,Barranquilla,Atlántico,E002,Camila,Asesora
V10290,11/08/2025 16:15,C006,Sofia Ramirez,Recurrente,P001,Torta de chocolate,Tortas,Chocolate,2,42000,22000,0.0,84000.0,WhatsApp,Tarjeta,Completada,S002,Norte,Barranquilla,Atlántico,E003,Mateo,Asesor
V11102,2025/02/23 19:30,C015,Diego Suarez,Recurrente,P011,Galleta chispas,galletas,Chocolate,1,4500,1900,0.0,4500.0,Tienda,NEQUI,Devuelta,S001,centro,Barranquilla,Atlántico,E002,Camila,Asesora
V10276,2025-06-03 14:40,C028,Tomas Castro,Recurrente,P010,Brownie con nueces,Repostería,Nueces, 1 ,8500,4000,0.0,8500.0,INSTAGRAM,Efectivo,Completada,S001,Centro,Barranquilla,Atlántico,E003,Mateo,Asesor
V10350,2025-12-05 14:30,C021,Natalia Perez,Nuevo,P013,Croissant,Panadería,Tradicional,2,6500,2800,0.0,13000.0,Domicilio,Efectivo, completada ,S002,Norte,Barranquilla,Atlántico,E004,Sofia,Asesora
V10386,2025-01-29 20:45,C007,Andres Torres,Recurrente,P016,Tarta de limón,Tartas,Limón,1,18000,8800,0.2,14400.0,domicilio,Tarjeta,Completada,S002,Norte,Barranquilla,Atlántico,E002,Camila,Asesora
V10176,2025-01-07 17:30,C023,Juliana Torres, Nuevo ,P013,Croissant,Panadería,Tradicional,2,6500,2800,0.0,"13000,0",Tienda,Transferencia,Completada,S003,Soledad,Soledad,Atlántico,E006,Valentina,Asesora
V10761,2025-11-21 13:20,C023,Juliana Torres,Nuevo,P007,Cupcake vainilla,Cupcakes,Vainilla, 1 ,8000,3800,0.15,6800.0,Web,Nequi,Completada,S002,Norte,Barranquilla,Atlántico,E005,Daniel,Asesor
V11044,2025-01-28 15:50,C006,Sofia Ramirez,Nuevo,P007,Cupcake vainilla,Cupcakes,Vainilla,1,8000,3800,0.0,8000.0,Web,Transferencia,Completada,S002,Norte,Barranquilla,Atlántico,E003,Mateo,Asesor
V10843,2025-11-13 12:50,C018,Mariana Navarro,Recurrente,P020,Caja regalo dulce,Combos,Regalo,2,52000,28500,0.0,104000.0,Domicilio,Nequi,Cancelado,S002,Norte,Barranquilla,Atlántico,E001,Laura,Asesora
V11251,2025-04-22 15:45,C017,Sebastian Ruiz,Recurrente,P010,Brownie con nueces,Repostería,Nueces,1,8500,4000,0.0,8500.0,Tienda,Tarjeta,Completada,S003,Soledad,Soledad,Atlántico,E001,Laura,Asesora
V10078,2025-08-03 09:10,C006,Sofia Ramirez,Nuevo,P011,Galleta chispas,Galletas,Chocolate,3,4500,$1.900,0.05,12825.0,Web,,Completada,S002,Norte,Barranquilla,Atlántico,E003,Mateo,Asesor
V10842,2025-07-30 18:10,C008,Valentina Diaz,Recurrente,P006,Cupcake chocolate,Cupcakes,Chocolate,1,8500,4200,,8500.0,Delivery,Tarjeta,Completada,S002,Norte,Barranquilla,Atlántico,E001,Laura,Asesora
V10878,2025-12-29 13:40,C023,Juliana Torres, Nuevo ,P007,Cupcake vainilla,CUPCAKES,Vainilla,2,8000,3800,0.0,16000.0,WhatsApp,Efectivo,Completada,S002,Norte,Barranquilla,Atlántico,E004,Sofia,Asesora
V10904,2025/12/18 17:45,C008,Valentina Diaz,Recurrente,P011,Galleta chispas,GALLETAS,Chocolate,1,4500,1900,,4500.0,Web,Efectivo,Completada,S004,Riomar,Barranquilla,Atlántico,E001,Laura,Asesora
V10579,2025-04-23 11:00,C009,Daniel Rojas,Recurrente,P007,Cupcake vainilla,Cupcakes,Vainilla,1,8000,3800,0.1,7200.0,Tienda,Tarjeta,Cancelada,S002,Norte,Barranquilla,Atlántico,E006,Valentina,Asesora
V11161,2025-02-23 12:10,C022,Alejandro Gomez,Recurrente,P012,Galleta avena,GALLETAS,Avena,1,4000,1700,0.0,4000.0,Instagram,Nequi,Completada,S004,Riomar,Barranquilla,Atlántico,E001,Laura,Asesora
V10832,2025-01-19 14:15,C004,Juan Martinez,Nuevo,P017,Macaron caja x6,Macarons,Variados,1,22000,11000,0.0,22000.0,WhatsApp,Efectivo,Completada,S002,Norte,Barranquilla,Atlántico,E004,Sofia,Asesora
V10122,2025-03-02 16:50,C010,CAMILA CASTRO,Nuevo,P010,Brownie con nueces,Repostería,Nueces, 1 ,8500,4000,0.0,8500.0,Domicilio,Transferencia,Devuelta,S003,Soledad,Soledad,Atlántico,E005,Daniel,Asesor
V10912,2025-11-24 15:45,C002,carlos perez,Nuevo,P008,Cupcake red velvet,Cupcakes,Red velvet,1,9500,4800,0.0,9500.0,Tienda,Transferencia,Completada,S002,Norte,Barranquilla,Atlántico,E005,Daniel,Asesor
V11119,2025/07/15 19:00,C026,Ricardo Diaz,Recurrente,P007,Cupcake vainilla,Cupcakes,Vainilla,6,$8.000,3800,0.0,$48.000,Tienda,Daviplata,Completada,S004, Rio Mar,Barranquilla,Atlántico,E004,Sofia,Asesora
V10499,2025-10-28 14:50,C025,Lucia Ramirez,NUEVO,P006,Cupcake chocolate,cupcakes,Chocolate,3,8500,4200,0.0,25500.0,Tienda,Efectivo,Completada,S003,Soledad,Soledad,Atlántico,E004,Sofia,Asesora
V10656,2025-09-10 15:00,C009, Daniel Rojas ,Nuevo,P018,Macaron caja x12,Macarons,Variados,2,40000,19500,0.0,80000.0,Tienda,Tarjeta,Completada,S002,Norte,Barranquilla,Atlántico,E005,Daniel,Asesor
V10477,2025-09-10 15:15,C002,Carlos Perez,Nuevo,P009,Brownie clásico,Repostería,Chocolate,5,7000,3200,0.2,28000.0,Web,Tarjeta,Completada,S004,Riomar,Barranquilla,Atlántico,E005,Daniel,Asesor
V10584,2025-10-05 15:20,C011,Miguel Mendoza,RECURRENTE,P005,Tres leches,Tortas,Leches,1,40000,21000,0.0,40000.0,Tienda,Nequi,Completada,S003,Soledad,Soledad,Atlántico,E001,Laura,Asesora
V11091,02-04-2025 13:45,C004,Juan Martinez,Nuevo,P011,Galleta chispas,Galletas,Chocolate,1,4500,1900,0.0,4500.0,Domicilio,Efectivo,Completada,S002,Norte,Barranquilla,Atlántico,E001,,Asesora
V10393,2025/01/06 19:40,C026,Ricardo Diaz,Nuevo,P007,Cupcake vainilla,Cupcakes,Vainilla,2,8000,3800,0.0,16000.0,Ig,Tarjeta,Completada,S003,Soledad,Soledad,Atlántico,E003,Mateo,Asesor
V10459,2025-06-03 12:40,C026,Ricardo Diaz,Recurrente,P011,Galleta chispas,Galletas,Chocolate,2,4500,1900,0.0,9000.0,Tienda,Tarjeta,Completada,S002,Norte,Barranquilla,Atlántico,E004,Sofia,Asesora
V10946,2025-06-17 14:10,C003,Maria Gomez,Recurrente,P007,Cupcake vainilla,Cupcakes,Vainilla,5,8000,3800,0.0,40000.0,Instagram,Nequi, completada ,S001,Centro,Barranquilla,Atlántico,E002,Camila,Asesora
V10927,2025-12-01 16:00,C013,Nicolas Vargas,Nuevo,P004,Red velvet,TORTAS,Red velvet,5,45000,24000,0.0,225000.0,Web,Nequi,Completada,S003, Soledad ,Soledad,Atlántico,E001,Laura,Asesora
V10667,2025-12-01 18:20,C011,Miguel Mendoza,Nuevo,P005,Tres leches,torta,Leches, 1 ,40000,21000,0.15,34000.0,Domicilio,Efectivo,Completada,S001,Centro,Barranquilla,Atlántico,E004,Sofia,Asesora
V10420,2025-03-15 16:30,C007,Andres Torres,Corporativo,P017,Macaron caja x6,Macarons,Variados,6,22000,11000,0.1,118800.0,Domicilio,Efectivo,Completada,S001,Centro,Barranquilla,Atlántico,E002,,Asesora
V10522,2025-06-20 14:45,C016,Isabella Romero,Nuevo,P010,Brownie con nueces,Repostería,Nueces,5,8500,4000,0.0,42500.0,Tienda,Nequi,completada,S001,Centro,Barranquilla,Atlántico,E006,Valentina,Asesora
V10958,2025-04-20 12:40,C004,Juan Martinez,nuevo,P001,Torta de chocolate,Tortas,Chocolate,1,42000,22000,0.0,42000.0,Instagram,Efectivo,Completada,S001,Centro,Barranquilla,Atlántico,E002,Camila,Asesora
V11157,2025-06-25 11:40,C001,Ana Rodriguez,Recurrente,P005,Tres leches,Tortas,Leches,5,40000,21000,0.0,200000.0,WhatsApp,Daviplata,Completada,S002,Norte,Barranquilla,Atlántico,E002,Camila,Asesora
V10951,2025-06-16 18:20,C013,Nicolas Vargas,Recurrente,P012,Galleta avena,Galletas,Avena,2,4000,1700,0.0,8000.0,WhatsApp,Tarjeta,Completada,S004,Riomar,Barranquilla,Atlántico,E004,Sofia,Asesora
V10657,2025-06-05 13:15,C021,Natalia Perez,Recurrente,P005,Tres leches,Tortas,Leches,2,40000,21000,0.0,80000.0,Tienda,Daviplata,Completada,S001,Centro,Barranquilla,Atlántico,E003,Mateo,Asesor
V10096,2025-08-29 13:00,C013,,Corporativo,P014,Roll de canela,Panadería,Canela,3,7500,$3.100,0.1,20250.0,Tienda,Efectivo,Completada,S001,Centro,Barranquilla,Atlántico,E003,Mateo,Asesor
V10613,2025-05-26 08:15,C022,Alejandro Gomez,,P009,Brownie clásico,Repostería,Chocolate,4,7000,3200,0.0,$28.000,Web,Tarjeta,Completada,S001,CENTRO,Barranquilla,Atlántico,E003,Mateo,Asesor
V10898,2025-06-01 18:20,C022,Alejandro Gomez,Nuevo,P003,Cheesecake frutos rojos,Tortas,Frutos rojos,2,48000,26000,0.0,"96000,0",,Nequi,Completada,S001,Centro,Barranquilla,Atlántico,E002,Camila,Asesora
V10689,2025-10-29 12:30,C030, Samuel Jimenez ,Recurrente,P006,Cupcake chocolate,Cupcakes,Chocolate,1,8500,4200,0.0,8500.0,Tienda,Transferencia,Completada,S004,Riomar,Barranquilla,Atlántico,E001,Laura,Asesora
V10097,2025-07-24 20:15,C029, Manuela Mendoza ,Corporativo,P011,Galleta chispas,Galletas,Chocolate,4,4500,1900,0.1,16200.0,,Transferencia,Completada,S003,Soledad,Soledad,Atlántico,E005,Daniel,Asesor
V10544,2025-10-08 12:45,C014,Sara Moreno,Recurrente,P007,Cupcake vainilla,Cupcakes,Vainilla,10,8000,3800,0.0,80000.0,Web,Tarjeta,Completada,S002,Norte,Barranquilla,Atlántico,E001,Laura,Asesora
V11227,2025-10-14 13:50,C020,Gabriela Silva,Recurrente,P009,Brownie clásico,Repostería,Chocolate,1,7000,3200,0.15,5950.0,tienda,Daviplata,Completada,S002,Norte,Barranquilla,Atlántico,E005,Daniel,Asesor
V10524,2025-06-28 19:40,C016,Isabella Romero,Recurrente,P009,Brownie clásico,Repostería,Chocolate,1,7000,3200,0.0,7000.0,Tienda,Tarjeta,Completada,S002,Norte,Barranquilla,Atlántico,E006,Valentina,Asesora
V10300,2025-09-19 13:30,C030,Samuel Jimenez,Recurrente,P002,Torta de vainilla,TORTAS,Vainilla,1,38000,19500,0.0,38000.0,WhatsApp,Tarjeta,Completada,S002,Norte,Barranquilla,Atlántico,E001,Laura,Asesora
V10216,2025-08-08 08:00,C016,Isabella Romero,Nuevo,P008,Cupcake red velvet,cupcakes,Red velvet, 1 ,9500,4800,0.15,8075.0,Tienda,Tarjeta,Completada,S002,Norte,Barranquilla,Atlántico,E006,Valentina,Asesora
V10543,2025-04-18 17:15,C030,samuel jimenez,Recurrente,P005,Tres leches,Tortas,Leches,2,40000,21000,0.2,64000.0,Tienda,,Completada,S004,RIOMAR,Barranquilla,Atlántico,E001,Laura,Asesora
V10781,2025-08-07 14:15,C028,Tomas Castro, Nuevo ,P007,Cupcake vainilla,Cupcakes,Vainilla,2,8000,3800,0.0,16000.0,Tienda,Transferencia,Completada,S001, Centro ,Barranquilla,Atlántico,E002,Camila,Asesora
V10682,2025-07-13 15:45,C002,Carlos Perez,Recurrente,P008,Cupcake red velvet,,Red velvet,1,9500,4800,0.0,9500.0,Web,Transferencia,Cancelada,S004,riomar,Barranquilla,Atlántico,E005,Daniel,Asesor
V10721,11-28-2025 10:10,C026,Ricardo Diaz,Nuevo,P005,Tres leches,Tortas,Leches,1,40000,21000,0.0,40000.0,Instagram,Nequi,Completada,S003,Soledad,Soledad,Atlántico,E001,Laura,Asesora
V10039,2025-02-24 17:50,C012,Paula Jimenez,recurrente,P007,Cupcake vainilla,Cupcakes,Vainilla,4,8000,3800,0.0,32000.0,Web,Transferencia,Cancelada,S002,Norte,Barranquilla,Atlántico,E004,Sofia,Asesora
V11115,2025-12-19 14:50,C015,Diego Suarez,Nuevo,P001,Torta chocolate,Tortas,Chocolate,1,42000,22000,0.0,$42.000,WhatsApp,Tarjeta,Completada,S001,Centro,Barranquilla,Atlántico,E001,Laura,Asesora
V10823,2025-04-15 16:40,C019,Felipe Ortiz,RECURRENTE,P012,Galleta avena,Galletas,Avena,1,4000,1700,0.0,4000.0,domicilio,Tarjeta,COMPLETADA,S002,Norte,Barranquilla,Atlántico,E002,Camila,Asesora
V10730,2025-12-26 13:50,C012,Paula Jimenez,Recurrente,P013,Croissant,Panadería,Tradicional,1,6500,2800,0.0,6500.0,WhatsApp,Tarjeta,Completada,S001,Centro,Barranquilla,Atlántico,E005,Daniel,Asesor
V10644,2025-09-09 17:50,C018,Mariana Navarro,Nuevo,P009,Brownie clásico,Repostería,Chocolate,2,7000,3200,0.0,14000.0,WhatsApp,Efectivo,Completada,S003,Soledad,Soledad,Atlántico,E001,Laura,Asesora
V10799,2025-02-15 13:50,C020,Gabriela Silva,Recurrente,P007,Cupcake vainilla,Cupcakes,Vainilla,3,8000,3800,0.0,24000.0,Domicilio,Tarjeta,Completada,S002,Norte,Barranquilla,Atlántico,E006,Valentina,Asesora
V10003,2025-05-23 12:20,C027,Carolina Rojas,,P005,Tres leches,Tortas,Leches, 1 ,40000,21000,0.0,40000.0,,Tarjeta,Completada,S002,Norte,Barranquilla,Atlántico,E002,Camila,Asesora
V10838,2025-03-24 11:40,C001,Ana Rodriguez,Nuevo,P013,Croissant,Panadería,Tradicional,1,6500,2800,0.0,6500.0,Tienda ,Tarjeta,Completado,S002,Norte,Barranquilla,Atlántico,E002,Camila,Asesora
V11122,2025-01-22 14:45,C023,Juliana Torres,Nuevo,P016,Tarta de limón,Tartas,Limón,1,18000,8800,0.0,18000.0,Domicilio,Efectivo,Cancelada,S002,Norte,Barranquilla,Atlántico,E001,Laura,Asesora
V10213,2025-04-24 12:10,C021,NATALIA PEREZ,Recurrente,P011,Galleta chispas,Galletas,Chocolate,5,4500,1900,0.0,22500.0,Instagram,Transferencia,Completada,S003,Soledad,Soledad,Atlántico,E004,Sofia,Asesora
V11024,2025-04-25 15:15,C010,Camila Castro,Recurrente,P010,Brownie con nueces,Repostería,Nueces,1,8500,4000,0.0,8500.0,Instagram,,Completada,S001,Centro,Barranquilla,Atlántico,E001,Laura,Asesora
V11187,06-19-2025 14:15,C014,Sara Moreno,Nuevo,P010,Brownie con nueces,Repostería,Nueces,1,8500,4000,0.0,8500.0,Tienda,Tarjeta,Completada,S001,Centro,Barranquilla,Atlántico,E004,Sofia,Asesora
V10361,2025-08-13 15:50,C005,Laura Hernandez,Nuevo,P008,Cupcake red velvet,Cupcakes,Red velvet,1,9500,4800,0.0,9500.0,Domicilio,Tarjeta,Completada,S003,Soledad,Soledad,Atlántico,E001,Laura,Asesora
V10837,2025-05-09 12:45,C021,Natalia Perez,nuevo,P015,Tarta de manzana,Tartas,Manzana,5,18000,9000,0.0,90000.0,Tienda,Transferencia,Completada,S002,Norte,Barranquilla,Atlántico,E003,Mateo,Asesor
V10894,2025-02-08 13:40,C001,Ana Rodriguez,Nuevo,P012,Galleta avena,Galletas,Avena,2,4000,1700,0.0,8000.0,Web,Nequi,Completada,S002,norte,Barranquilla,Atlántico,E003,Mateo,Asesor
V10695,2025-07-12 18:20,C008,Valentina Diaz,Recurrente ,P008,Cupcake red velvet,Cup cake,Red velvet,1,9500,4800,0.0,9500.0,Tienda,Nequi,Completada,S004,Riomar,Barranquilla,Atlántico,E001,Laura,Asesora
V11159,2025-05-03 13:20,C023,Juliana Torres,Recurrente,P001,Torta de chocolate,Tortas,Chocolate,1,42000,22000,0.0,42000.0,Tienda,Efectivo,Completada,S002,Norte,Barranquilla,Atlántico,E002,Camila,Asesora
V10246,2025-07-20 14:00,C028,Tomas Castro,Recurrente,P013,Croissant,Panadería,Tradicional, 6 ,6500,2800,0.0,39000.0,Tienda,Transferencia,Completada,S003,Soledad,Soledad,Atlántico,E005,Daniel,Asesor
V11018,2025-11-09 09:50,C021,Natalia Perez,Nuevo,P007,Cupcake vainilla,Cupcakes,Vainilla,1,8000,3800,0.0,8000.0,Tienda,Transferencia,Cancelada,S002,Norte,Barranquilla,Atlántico,E001,Laura,Asesora
V10254,2025-04-02 10:40,C019,Felipe Ortiz,Recurrente,P019,Caja desayuno,Combos,Desayuno,6,32000,17000,0.0,192000.0,Web,Transferencia,Completada,S002,Norte,Barranquilla,Atlántico,E002,Camila,Asesora
V10119,2025-01-05 18:50,C020,Gabriela Silva,Nuevo,P007,Cupcake vainilla,Cupcakes,Vainilla,8,8000,3800,0.0,64000.0,Tienda,Daviplata,Completada,S002,Norte,Barranquilla,Atlántico,E003,Mateo,Asesor
V10949,2025-04-05 16:15,C019,felipe ortiz,Nuevo,P014,Roll de canela,Panadería,Canela,2,7500,3100,0.0,15000.0,Tienda,Efectivo,Completada,S004,Riomar,Barranquilla,Atlántico,E002,Camila,Asesora
V10472,2025/03/27 18:30,C030,Samuel Jimenez,Recurrente,P015,Tarta de manzana,Tartas,Manzana,1,18000,9000,0.0,18000.0,Tienda,Transferencia,Completada,S001,Centro,Barranquilla,Atlántico,E001,Laura,Asesora
V10043,2025-12-06 13:20,C016,Isabella Romero,Recurrente,P019,Caja desayuno,Combos,Desayuno,1,32000,17000,0.0,32000.0,Domicilio,Transferencia,Completada,S002,Norte,Barranquilla,Atlántico,E003,Mateo,Asesor
V11111,2025-01-03 11:50,C029, Manuela Mendoza ,Recurrente,P013,Croissant, Panadería ,Tradicional,5,6500,2800,0.0,32500.0,,Nequi, completada ,S003,Soledad,,Atlántico,E004,,Asesora
V10601,2025-07-31 12:10,C009,Daniel Rojas,Recurrente,P005,Tres leches, Tortas ,Leches,10,40000,21000,0.1,360000.0,Tienda,Daviplata,Completada,S002,Norte,Barranquilla,Atlántico,E003,Mateo,Asesor
V10692,2025/02/24 17:00,C022,Alejandro Gomez,Nuevo,P006,Cupcake chocolate,Cupcakes,Chocolate,1,8500,4200,,8075.0,WhatsApp,Transferencia,Cancelada,S004,Riomar,Barranquilla,Atlántico,E004,Sofia,Asesora
V10925,2025-02-12 20:00,C024,Mateo Hernandez,Nuevo,P011,Galleta chispas,Galletas,Chocolate,2,4500,1900,0.0,9000.0,WhatsApp,Efectivo,Completada,S001,Centro,Barranquilla,Atlántico,E004,Sofia,Asesora
V10964,2025-03-22 13:20,C020,Gabriela Silva,Recurrente,P014,Roll de canela,Panadería,Canela,2,7500,3100,0.0,15000.0,Domicilio,Tarjeta,Completada,S004,Riomar,Barranquilla,Atlántico,E006,Valentina,Asesora
V10383,07-09-2025 11:00,C018,Mariana Navarro,Recurrente,P001,Torta de chocolate,Tortas,Chocolate,2,42000,22000,0.0,84000.0,Domicilio,Efectivo,Cancelada,S001,Centro,Barranquilla,Atlántico,E004,Sofia,Asesora
V10811,2025-04-26 18:50,C002,Carlos Perez,Nuevo,P017,Macaron caja x6,Macarons,Variados,1,22000,11000,0.0,22000.0,Domicilio,Efectivo,Completada,S002,Norte,Barranquilla,Atlántico,E006,Valentina,Asesora
V10541,2025/07/22 12:00,C028,Tomas Castro,Nuevo,P013,Croissant,Panadería,Tradicional, 1 ,6500,2800,0.0,6500.0,Domicilio,Nequi,Completada,S001,Centro,Barranquilla,Atlántico,E005,Daniel,Asesor
V10325,2025-09-27 16:30,C007,Andres Torres,RECURRENTE,P013,Croissant,Panadería,Tradicional,2,6500,2800,0.0,13000.0,Tienda,Nequi,Devuelta,S002,Norte,Barranquilla,Atlántico,E004,Sofia,Asesora
V10419,2025-12-07 17:45,C025,Lucia Ramirez,Corporativo,P009,Brownie clásico,reposteria,Chocolate,3,7000,3200,0.2,16800.0,Tienda,Efectivo,Completada,S004,Riomar,Barranquilla,Atlántico,E002,Camila,Asesora
V10254,2025-12-04 15:45,C006,Sofia Ramirez,Recurrente,P011,Galleta chispas,Galletas,Chocolate,1,4500,1900,0.0,4500.0,WhatsApp,Transferencia, completada ,S002,Norte,Barranquilla,Atlántico,E002,Camila,Asesora
V10016,2025-02-05 15:40,C022,Alejandro Gomez,Recurrente,P007,Cupcake vainilla,Cupcakes,Vainilla, 1 ,8000,3800,0.0,8000.0,Domicilio,Transferencia,Completada,S002,Norte,Barranquilla,Atlántico,E003,Mateo,Asesor
V10561,2025-09-14 09:40,C024,Mateo Hernandez,Recurrente,P017,Macaron caja x6,Macarons,Variados,1,22000,$11.000,0.1,19800.0,Tienda,Efectivo,Completada,S003,,Soledad,Atlántico,E004,Sofia,Asesora
V10029,2025-08-06 15:50,C026,Ricardo Diaz,Corporativo,P014,Roll de canela,Panadería,Canela,3,7500,3100,0.1,20250.0,,Daviplata,Completada,S001,Centro,Barranquilla,Atlántico,E005,Daniel,Asesor
V10753,2025-10-25 17:00,C014,Sara Moreno,Nuevo,P006,Cupcake chocolate,Cupcakes,Chocolate,2,8500,4200,0.0,17000.0,Instagram,Efectivo,Devuelta,S003,Soledad,Soledad,Atlántico,E003,Mateo,Asesor
V10674,2025-03-27 20:15,C009,Daniel Rojas,recurrente,P008,Cupcake red velvet,Cupcakes,Red velvet,3,9500,4800,0.0,28500.0,WhatsApp,Efectivo,Completada,S001,Centro,Barranquilla,Atlántico,E005,Daniel,Asesor
V11158,03-17-2025 18:00,C015,Diego Suarez,Nuevo,P014,Roll de canela,Panadería,Canela, 1 ,7500,3100,0.0,7500.0,WhatsApp,Nequi,Completada,S001,Centro,Barranquilla,Atlántico,E006,Valentina,Asesora
V10332,2025-08-16 12:10,C026,Ricardo Diaz,Recurrente,P001,Torta de chocolate,Tortas,Chocolate,2,42000,22000,0.0,84000.0,Tienda,Daviplata,Completada,S002,Norte,Barranquilla,Atlántico,E005,Daniel,Asesor
V10769,2025-11-20 15:50,C017, Sebastian Ruiz ,Recurrente,P015,Tarta de manzana,Tartas,Manzana,1,18000,9000,0.0,18000.0,Instagram,Tarjeta,Completada,S001, Centro ,Barranquilla,Atlántico,E001,Laura,Asesora
V10442,2025-09-20 08:50,C014,Sara Moreno,Nuevo,P006,Cupcake chocolate,Cupcakes,Chocolate,2,8500,4200,0.0,17000.0,Web,Nequi,Completada,S001,Centro,Barranquilla,Atlántico,E002,Camila,Asesora
V10631,2025-06-02 17:15,C015,Diego Suarez,RECURRENTE,P016,Tarta de limón,Tartas,Limón,2,18000,8800,0.0,36000.0,Domicilio,Nequi,Completada,S003,Soledad,Soledad,Atlántico,E001,Laura,Asesora
V10884,06/02/2025 15:50,C015,Diego Suarez,Corporativo,P014,Roll de canela,Panadería,Canela,6,7500,3100,0.15,38250.0,Instagram,Efectivo,Completada,S001,Centro,Barranquilla,Atlántico,E006,Valentina,Asesora
V10994,2025-10-25 14:45,C026,Ricardo Diaz,Nuevo,P005,Tres leches,Tortas,Leches, 2 ,40000,21000,0.0,80000.0,Domicilio,Nequi,Completada,S003,Soledad,,Atlántico,E005,Daniel,Asesor
V10196,14/02/2025 11:45,C022,Alejandro Gomez,Recurrente,P017,Macaron caja x6,Macarons,Variados, 2 ,22000,11000,0.0,44000.0,Tienda,Tarjeta,Cancelada,S002,Norte,Barranquilla,Atlántico,E004,Sofia,Asesora
V10934,26/05/2025 15:40,C014,Sara Moreno,Recurrente,P009,Brownie clásico,Repostería,Chocolate,6,7000,3200,0.0,42000.0,Tienda,nequi ,Completada,S002,Norte,Barranquilla,Atlántico,E005,Daniel,Asesor
V10651,2025-09-23 16:00,C002,Carlos Perez,Nuevo,P006,Cupcake chocolate,Cupcakes,Chocolate,1,8500,4200,0.0,8500.0,Domicilio,Efectivo,Completada,S002,NORTE,Barranquilla,Atlántico,E001,Laura,Asesora
V10399,2025-10-03 19:15,C024,Mateo Hernandez,Nuevo,P016,Tarta de limón,Tartas,Limón,1,18000,8800,0.0,18000.0,WhatsApp,Nequi,Completada,S001,CENTRO,Barranquilla,Atlántico,E003,Mateo,Asesor
V10122,2025-12-07 11:20,C025,Lucia Ramirez,Nuevo,P019,Caja desayuno,Combos,Desayuno,3,32000,17000,0.0,96000.0,Domicilio,Efectivo,Completada,S004,Riomar,Barranquilla,Atlántico,E005,Daniel,Asesor
V10803,2025-08-10 16:30,C021,Natalia Perez,Nuevo,P011,Galleta chispas,Galletas,Chocolate,3,4500,1900,0.0,13500.0,Domicilio,Nequi,Completada,S002,Norte,Barranquilla,Atlántico,E003,Mateo,Asesor
V10708,2025-03-07 15:15,C006,Sofia Ramirez,Recurrente,P016,Tarta de limón,Tartas,Limón,1,18000,8800,0.2,14400.0,Tienda,Nequi,Completada,S003,Soledad,Soledad,Atlántico,E006,,Asesora
V10515,2025-03-31 13:00,C029,Manuela Mendoza,Recurrente,P008,Cupcake red velvet,CUPCAKES,Red velvet,8,9500,4800,0.2,60800.0,Instagram,Efectivo, completada ,S003,Soledad,Soledad,Atlántico,E002,Camila,Asesora
V10568,2025-11-02 13:10,C014,Sara Moreno,Recurrente,P011,Galleta chispas,Galletas,Chocolate,1,4500,1900,0.0,4500.0,Tienda,Tarjeta,Completada,S003,Soledad,Soledad,Atlántico,E003,Mateo,Asesor
V10467,2025-04-03 17:15,C028,Tomas Castro,Recurrente,P008,Cupcake red velvet,Cupcakes,Red velvet,1,9500,4800,0.0,9500.0,tienda,Daviplata,Completada,S002,Norte,Barranquilla,Atlántico,E003,Mateo,Asesor
V11222,2025-11-19 13:15,C013,Nicolas Vargas,Recurrente,P009,Brownie clásico,Repostería,Chocolate,2,7000,3200,0.0,14000.0,WhatsApp,Daviplata,Completada,S002,Norte,Barranquilla,Atlántico,E006,Valentina,Asesora
V10015,2025-01-02 15:20,C009,Daniel Rojas,Recurrente,P011,Galleta chispas,Galletas,Chocolate,3,4500,1900,0.0,13500.0,Tienda,Nequi,Completada,S004,Riomar,Barranquilla,Atlántico,E003,Mateo,Asesor
V10100,2025-07-30 16:15,C027,Carolina Rojas,Recurrente,P015,Tarta de manzana,Tartas,Manzana,1,18000,9000,0.0,18000.0,Tienda,Efectivo,Completada,S003,Soledad,Soledad,Atlántico,E002,Camila,Asesora
V11261,2025-07-19 12:10,C028,Tomas Castro,Corporativo,P013,Croissant,Panadería,Tradicional,4,6500,2800,0.1,23400.0,Tienda,Efectivo,Completada,S004,Riomar,Barranquilla,Atlántico,E001,Laura,Asesora
V10774,2025-10-31 10:00,C002,Carlos Perez,Recurrente,P011,Galleta chispas,Galletas,Chocolate,1,4500,1900,0.0,4500.0,Domicilio,Nequi,Devuelta,S002,Norte,Barranquilla,Atlántico,E006,Valentina,Asesora
V10820,2025-01-16 14:50,C016, Isabella Romero ,Recurrente,P008,Cupcake red velvet,Cup cake,Red velvet,1,9500,4800,0.0,9500.0,Tienda,Tarjeta,Completada,S003,Soledad,Soledad,Atlántico,E002,Camila,Asesora
V11264,2025-09-20 19:10,C028,Tomas Castro,Nuevo,P006,Cupcake chocolate,Cupcakes,Chocolate,1,8500,4200,0.0,8500.0,WhatsApp,Tarjeta,Completada,S004,Riomar,Barranquilla,Atlántico,E006,Valentina,Asesora
V10144,08-26-2025 14:40,C019,Felipe Ortiz,Recurrente ,P003,Cheesecake frutos rojos,Tortas,Frutos rojos, 1 ,48000,26000,0.0,48000.0,Domicilio,Transferencia,Completada,S003,SOLEDAD,Soledad,Atlántico,E004,Sofia,Asesora
V10939,2025-11-16 16:15,C026, Ricardo Diaz ,recurrente,P011,Galleta chispas,Galletas,Chocolate,1,4500,1900,0.0,4500.0,Tienda,Nequi,Completada,S004,Riomar,Barranquilla,Atlántico,E006,Valentina,Asesora
V10828,2025-07-19 16:30,C012,Paula Jimenez,Recurrente,P007,Cupcake vainilla,Cupcakes,Vainilla,1,8000,3800,0.0,8000.0,Tienda,Transferencia,Completada,S004,Riomar,Barranquilla,Atlántico,E002,Camila,Asesora
V11257,2025-01-20 18:30,C018,Mariana Navarro,Recurrente,P011,Galleta chispas,Galletas,Chocolate,1,4500,1900,0.2,3600.0,Domicilio,Efectivo,Completada,S001,Centro,Barranquilla,Atlántico,E006,Valentina,Asesora
V11084,2025/06/24 17:40,C011,Miguel Mendoza,Recurrente,P007,Cupcake vainilla,Cupcakes,Vainilla,1,8000,3800,0.0,8000.0,Tienda,Efectivo,Completada,S002,Norte,Barranquilla,Atlántico,E002,Camila,Asesora
V10499,2025-10-28 14:50,C025,Lucia Ramirez,Nuevo,P006,Cupcake chocolate,Cupcakes,Chocolate,3,8500,4200,0.0,25500.0,Tienda,Efectivo,Completada,S003,Soledad,Soledad,Atlántico,E004,Sofia,Asesora
V10146,2025/12/31 11:15,C005,Laura Hernandez,Recurrente,P007,Cupcake vainilla,Cupcakes,Vainilla, 1 ,8000,3800,0.0,$8.000,Tienda,Efectivo,Completada,S003,Soledad,,Atlántico,E004,Sofia,Asesora
V10244,2025-02-06 13:30,C005,Laura Hernandez,Nuevo,P011,Galleta chispas,Galletas,Chocolate,3,4500,1900,0.15,11475.0,Tienda,Efectivo,COMPLETADA,S003,Soledad,Soledad,Atlántico,E004,Sofia,Asesora
V10405,2025-09-24 08:00,C026,,Nuevo,P011,Galleta chispas,Galletas,Chocolate,1,4500,1900,0.0,4500.0,WhatsApp,Transferencia,Completada,S003,Soledad,Soledad,Atlántico,E004,Sofia,Asesora
V11116,2025-01-31 14:10,C018,Mariana Navarro,Recurrente,P015,Tarta de manzana,Tartas,Manzana,3,18000,9000,0.0,54000.0,Tienda,Efectivo,Completada,S003,Soledad,Soledad,Atlántico,E006,Valentina,Asesora
V11088,2025-01-15 17:45,C026,Ricardo Diaz,corporativo,P014,ROLL DE CANELA,Panadería,Canela,4,7500,3100,0.1,27000.0,Tienda,Transferencia,Completada,S002,Norte,Barranquilla,Atlántico,E002,Camila,Asesora
V11070,01-06-2025 18:45,C002,Carlos Perez,Recurrente,P012,Galleta avena,Galletas,Avena,1,4000,1700,0.0,4000.0,Tienda,Transferencia,Completada,S002,Norte,Barranquilla,Atlántico,E005,Daniel,Asesor
V10425,2025-12-22 10:15,C002,Carlos Perez,Recurrente,P014,Roll de canela,Panadería,Canela,1,7500,3100,0.1,6750.0,WhatsApp,transferencia,Completada,S001,Centro,Barranquilla,Atlántico,E002,Camila,Asesora
V10889,2025-08-16 17:45,C030,Samuel Jimenez,Nuevo,P007,Cupcake vainilla,Cupcakes,Vainilla,1,8000,3800,0.0,8000.0,Tienda,Daviplata,Completada,S004,riomar,Barranquilla,Atlántico,E001,Laura,Asesora
V10389,2025-08-01 15:45,C019,Felipe Ortiz,Recurrente,P003,Cheesecake frutos rojos,TORTAS,Frutos rojos,1,48000,26000,0.0,48000.0,Tienda,Daviplata,Completada,S001,Centro,Barranquilla,Atlántico,E001,Laura,Asesora
V10125,2025/12/25 14:45,C002,,Corporativo,P013,Croissant,Panadería,Tradicional, 8 ,6500,2800,0.0,52000.0,Tienda,Tarjeta,Cancelada,S001,Centro,Barranquilla,Atlántico,E004,Sofia,Asesora
V11029,06-02-2025 15:40,C005,Laura Hernandez,Recurrente,P014,Roll de canela,panaderia,Canela,1,7500,3100,0.0,7500.0,Tienda,Nequi,Completada,S004,Riomar,Barranquilla,Atlántico,E003,Mateo,Asesor
V10990,17/07/2025 09:45,C015,Diego Suarez,Nuevo,P015,Tarta de manzana,Tartas,Manzana,6,18000,9000,0.0,108000.0,Tienda,Daviplata,Completada,S001,Centro,Barranquilla,Atlántico,E005,Daniel,Asesor
V10014,2025-11-30 18:15,C027,carolina rojas,NUEVO,P007,Cupcake vainilla,Cupcakes,Vainilla,1,8000,3800,0.0,8000.0,Web,Tarjeta,Completada,S004,Riomar,Barranquilla,Atlántico,E004,Sofia,Asesora
V10891,2025-05-15 08:00,C026,Ricardo Diaz,Recurrente,P001,Torta de chocolate, Tortas ,Chocolate,2,42000,22000,0.15,71400.0,,Efectivo,Completada,S002,Norte,Barranquilla,Atlántico,E005,,Asesor
V11261,2025-06-23 12:50,C020,Gabriela Silva,Nuevo,P006,Cupcake chocolate,Cupcakes,Chocolate,1,8500,4200,0.0,8500.0,WhatsApp,Efectivo,Completada,S002,Norte,Barranquilla,Atlántico,E001,Laura,Asesora
V10448,2025-05-31 11:20,C013,Nicolas Vargas,Corporativo,P003,Cheesecake frutos rojos,Tortas,Frutos rojos,6,48000,26000,0.15,244800.0,Web,Nequi,Completada,S003,SOLEDAD,Soledad,Atlántico,E002,Camila,Asesora
V10542,2025-04-22 16:15,C007,Andres Torres,Recurrente,P012,Galleta avena,Galletas,Avena,1,4000,1700,0.0,4000.0,,Transferencia,Devolución,S004,riomar,Barranquilla,Atlántico,E001,Laura,Asesora
V11143,2025-02-22 14:00,C023,Juliana Torres,Nuevo,P014,Roll de canela,Panadería,Canela,5,7500,3100,0.0,37500.0,Web,Transferencia,Completada,S001,Centro,Barranquilla,Atlántico,E006,Valentina,Asesora
V10849,2025-02-06 16:10,C021,Natalia Perez,Corporativo,P001,Torta de chocolate,Tortas,Chocolate,8,42000,22000,0.2,268800.0,Web,Efectivo,Completada,S001,Centro,Barranquilla,Atlántico,E001,Laura,Asesora
V11089,2025-11-21 08:45,C014,Sara Moreno,Nuevo,P009,brownie clasico,Repostería,Chocolate,1,7000,3200,0.0,7000.0,Tienda,transferencia,Completada,S001,Centro,Barranquilla,Atlántico,E002,Camila,Asesora
V10799,2025-02-06 14:15,C025,Lucia Ramirez,Recurrente,P013,Croissant,Panadería,Tradicional,1,6500,2800,0.0,6500.0,Tienda,Daviplata,Completada,S004,Riomar,Barranquilla,Atlántico,E006,Valentina,Asesora
V11216,2025-07-25 11:15,C028,Tomas Castro,Nuevo,P015,Tarta de manzana,Tartas,Manzana,1,18000,9000,0.0,18000.0,Web,Transferencia,Completada,S002,Norte,Barranquilla,Atlántico,E006,Valentina,Asesora
V10228,2025-07-26 16:50,C018,Mariana Navarro,Recurrente,P003,Cheesecake frutos rojos,Tortas,Frutos rojos,4,48000,26000,0.0,192000.0,Web,daviplata,Completada,S002,Norte,Barranquilla,Atlántico,E003,Mateo,Asesor
V10663,2025-01-18 17:50,C029,,Nuevo,P011,Galleta chispas,galletas,Chocolate,3,4500,1900,0.0,13500.0,WhatsApp,Nequi,Completada,S004,Riomar,Barranquilla,Atlántico,E002,Camila,Asesora
V10176,25/12/2025 14:40,C011,Miguel Mendoza,Nuevo,P006,Cupcake chocolate,Cupcakes,Chocolate, 1 ,8500,4200,0.0,8500.0,Tienda,Tarjeta,Completada,S004,Riomar,Barranquilla,Atlántico,E004,Sofia,Asesora
V10021,2025-03-21 16:20,C008,Valentina Diaz,Recurrente,P006,Cupcake chocolate,Cupcakes,Chocolate,8,8500,4200,0.15,57800.0,Web,Nequi,Completada,S004,Riomar,Barranquilla,Atlántico,E003,Mateo,Asesor
V10357,2025-08-07 10:30,C022,Alejandro Gomez,Recurrente,P014,Roll de canela,Panadería,Canela,1,7500,3100,0.0,7500.0,Tienda,Efectivo,Completada,S003,Soledad,Soledad,Atlántico,E002,Camila,Asesora
V11254,2025-04-19 12:50,C007,Andres Torres,Nuevo,P004,Red velvet,Tortas,Red velvet,5,45000,24000,0.0,225000.0,Domicilio,Nequi,Completada,S003,Soledad,Soledad,Atlántico,E001,Laura,Asesora
V10182,2025-01-12 09:45,C007,Andres Torres,Recurrente,P012,Galleta avena,galletas,Avena,2,4000,1700,0.0,8000.0,TIENDA,Daviplata,Completada,S004,Riomar,Barranquilla,Atlántico,E006,Valentina,Asesora
V10031,2025-05-03 16:10,C003,Maria Gomez,Recurrente,P003,Cheesecake frutos rojos,Tortas,Frutos rojos, 1 ,48000,26000,0.1,43200.0,Tienda,Nequi,Completada,S001,centro,Barranquilla,Atlántico,E004,Sofia,Asesora
V10622,12/03/2025 14:45,C024,Mateo Hernandez,Recurrente,P012,Galleta avena,Galletas,Avena,1,4000,1700,0.15,3400.0,Tienda,Tarjeta,Completada,S001,Centro,Barranquilla,Atlántico,E002,Camila,Asesora
V10870,2025-07-18 14:45,C007,Andres Torres,Recurrente,P011,Galleta chispas,Galletas,Chocolate,1,4500,1900,0.0,4500.0,Tienda,Nequi,Completada,S001,Centro,Barranquilla,Atlántico,E002,Camila,Asesora
V10380,2025-03-24 15:50,C010,Camila Castro,Nuevo,P019,Caja desayuno,Combos,Desayuno,1,32000,17000,0.0,32000.0,Web,Daviplata,Completada,S003,Soledad,Soledad,Atlántico,E003,Mateo,Asesor
V11266,2025-12-20 16:00,C019,Felipe Ortiz,Recurrente ,P005,Tres leches,Tortas,Leches,1,40000,21000,0.0,"40000,0",WhatsApp,Tarjeta,Completada,S002,Norte,Barranquilla,Atlántico,E005,Daniel,Asesor
V11267,2025-09-05 17:50,C010,,Nuevo,P011,Galleta chispas,Galletas,Chocolate,2,4500,1900,0.0,9000.0,TIENDA,Nequi,Completada,S003,Soledad,Soledad,Atlántico,E002,Camila,Asesora
V10570,2025-03-03 16:20,C002,Carlos Perez,Nuevo,P007,Cupcake vainilla,Cupcakes,Vainilla,1,8000,3800,0.05,7600.0,Tienda ,Efectivo,Completada,S001,Centro,Barranquilla,Atlántico,E002,Camila,Asesora
V11187,2025-07-15 12:50,C005,Laura Hernandez,Recurrente,P003,Cheesecake frutos rojos,Tortas,Frutos rojos,1,48000,26000,0.0,48000.0,Tienda,Efectivo,Completada,S004,Riomar,Barranquilla,Atlántico,E003,Mateo,Asesor
V10528,2025-04-18 17:15,C013,Nicolas Vargas,Recurrente,P008,Cupcake red velvet,Cupcakes,Red velvet,1,$9.500,4800,0.2,7600.0,Tienda,Transferencia,completada,S004,Riomar,Barranquilla,Atlántico,E002,Camila,Asesora
V11118,2025-12-31 18:40,C010,Camila Castro,nuevo,P013,Croissant,Panadería,Tradicional,2,6500,2800,0.0,13000.0,web,Transferencia,Completado,S002,Norte,Barranquilla,Atlántico,E002,Camila,Asesora
V11011,19/09/2025 15:15,C027,Carolina Rojas,Nuevo,P012,Galleta avena,GALLETAS,Avena,1,4000,1700,0.15,3400.0,Domicilio,Tarjeta,Completada,S001,centro,Barranquilla,Atlántico,E004,Sofia,Asesora
V10956,09/02/2025 14:15,C029,Manuela Mendoza,Nuevo,P015,Tarta de manzana,,Manzana,1,18000,9000,0.0,18000.0,Tienda,Transfer,Completada,S001,Centro,Barranquilla,Atlántico,E002,Camila,Asesora
V11083,06/12/2025 15:10,C026,Ricardo Diaz,Recurrente,P014,Roll de canela,Panadería,Canela,2,7500,3100,0.0,15000.0,instagram,Nequi,Completada,S002,Norte,Barranquilla,Atlántico,E003,Mateo,Asesor
V11182,2025-09-30 17:15,C015,Diego Suarez,Nuevo,P001,Torta de chocolate,Tortas,Chocolate,2,42000,22000,,67200.0,WhatsApp,Tarjeta,Completada,S002,Norte,Barranquilla,Atlántico,E002,Camila,Asesora
V10666,2025-03-22 18:50,C003,Maria Gomez,Recurrente,P013,Croissant,Panadería,Tradicional,1,6500,2800,0.0,6500.0,whatsapp,Transferencia,Completada,S004,Riomar,Barranquilla,Atlántico,E003,Mateo,Asesor
V10128,2025-01-09 12:00,C003,Maria Gomez,Nuevo,P008,Cupcake red velvet,Cupcakes,Red velvet,1,9500,4800,0.05,9025.0,Instagram,Nequi,Completada,S001,Centro,Barranquilla,Atlántico,E002,Camila,Asesora
V10799,2025-10-12 17:20,C007,Andres Torres,Recurrente,P011,Galleta chispas,Galletas,Chocolate,2,4500,1900,0.0,9000.0,Domicilio,Efectivo,Completada,S003,Soledad,Soledad,Atlántico,E004,Sofia,Asesora
V10982,02-22-2025 15:20,C023,Juliana Torres,Recurrente,P012,Galleta avena,Galletas,Avena,2,4000,1700,0.0,8000.0,Web,,Completada,S001,Centro,Barranquilla,Atlántico,E004,Sofia,Asesora
V10681,2025-01-16 15:40,C002,Carlos Perez,Nuevo,P001,Torta de chocolate,Tortas,Chocolate,1,42000,22000,,35700.0,Instagram,Efectivo,Completada,S001,Centro,Barranquilla,Atlántico,E002,Camila,Asesora
V11101,2025-10-18 15:15,C019,Felipe Ortiz,recurrente,P010,Brownie con nueces,Repostería,Nueces,3,8500,4000,0.0,$25.500,Domicilio,,Completada,S002,Norte,Barranquilla,Atlántico,E004,Sofia,Asesora
V10731,2025-04-06 14:40,C015, Diego Suarez ,Recurrente,P012,Galleta avena,Galletas,Avena,2,4000,1700,0.0,$8.000,WhatsApp,Transferencia,Completada,S003,Soledad,Soledad,Atlántico,E004,Sofia,Asesora
V10763,2025-09-14 16:10,C012,Paula Jimenez,nuevo,P009,Brownie clásico,Repostería,Chocolate, 5 ,7000,3200,0.0,35000.0,Instagram,Nequi,Completada,S002,Norte,Barranquilla,Atlántico,E003,Mateo,Asesor
V10115,2025-08-17 12:30,C011,Miguel Mendoza,Nuevo,P005,Tres leches,Tortas,Leches,3,40000,21000,0.0,120000.0,Tienda,Transferencia,Completada,S003,Soledad,Soledad,Atlántico,E006,Valentina,Asesora
V11191,2025-05-12 16:30,C026,,Recurrente,P007,Cupcake vainilla,Cupcakes,Vainilla,2,8000,3800,0.0,16000.0,WhatsApp,daviplata,Completada,S003,Soledad,Soledad,Atlántico,E003,Mateo,Asesor
V10417,2025-03-23 08:10,C001,Ana Rodriguez,Nuevo,P013,Croissant,PANADERÍA,Tradicional,3,6500,2800,0.0,19500.0,Instagram,Tarjeta,Cancelada,S001,Centro,Barranquilla,Atlántico,E003,,Asesor
V10941,2025-03-25 14:45,C006,Sofia Ramirez,Recurrente,P003,Cheesecake frutos rojos,Tortas,Frutos rojos,2,$48.000,$26.000,0.0,96000.0,Tienda,Daviplata,Completada,S001,Centro,Barranquilla,Atlántico,E001,Laura,Asesora
V11036,06-06-2025 14:00,C002,Carlos Perez,Nuevo,P014,Roll de canela,Panadería,Canela,1,7500,3100,0.0,7500.0,Tienda,Tarjeta,Completada,S003,Soledad,Soledad,Atlántico,E005,Daniel,Asesor
V11090,2025-04-06 14:40,C005,Laura Hernandez,Nuevo,P012,Galleta avena,Galletas,Avena,6,4000,1700,0.0,24000.0,Web,Tarjeta,Completada,S001,Centro,Barranquilla,Atlántico,E005,Daniel,Asesor
V10085,2025-02-13 14:40,C006,Sofia Ramirez,Nuevo,P010,Brownie con nueces,Repostería,Nueces,3,8500,4000,0.0,25500.0,Domicilio,Transferencia,COMPLETADA,S002,Norte,Barranquilla,Atlántico,E006,Valentina,Asesora
V10483,2025-06-20 18:10,C008,Valentina Diaz,Corporativo,P002,Torta de vainilla,Tortas,Vainilla,8,38000,19500,0.1,273600.0,Web,Transferencia,Completada,S002,Norte,Barranquilla,Atlántico,E002,Camila,Asesora
V11145,2025-01-12 18:15,C020,Gabriela Silva,Nuevo,P019,Caja desayuno,Combos,Desayuno,2,32000,17000,0.15,54400.0,Web,Daviplata,completada,S003,Soledad,Soledad,Atlántico,E005,Daniel,Asesor
V10940,2025-12-03 11:00,C029,Manuela Mendoza,Nuevo,P011,Galleta chispas,Galletas,Chocolate,5,4500,1900,0.15,19125.0,Tienda,Nequi,Completada,S002,Norte,Barranquilla,Atlántico,E001,Laura,Asesora
V10037,2025-05-26 12:30,C015,Diego Suarez,nuevo,P016,Tarta de limón,Tartas,Limón,6,18000,8800,0.05,102600.0,Tienda,Nequi,Completada,S002,Norte,Barranquilla,Atlántico,E001,Laura,Asesora
V10121,2025-11-24 08:45,C027,Carolina Rojas,Nuevo,P006,Cupcake chocolate,Cupcakes,Chocolate,1,8500,4200,0.0,8500.0,WhatsApp,Efectivo,Completada,S004,Riomar,Barranquilla,Atlántico,E002,Camila,Asesora
V10329,2025-07-22 15:50,C020,Gabriela Silva,Corporativo,P014,Roll de canela,Panadería,Canela,4,7500,3100,0.0,30000.0,Tienda,Tarjeta,Completada,S003,Soledad,Soledad,Atlántico,E005,Daniel,Asesor
V11247,2025-07-11 12:45,C027,Carolina Rojas,Recurrente,P002,Torta de vainilla,Tortas,Vainilla,3,38000,19500,0.0,114000.0,WhatsApp,Efectivo,Cancelada,S001,Centro,Barranquilla,Atlántico,E001,Laura,Asesora
V10167,2025-05-21 13:10,C012,Paula Jimenez,Nuevo,P012,Galleta avena,Galletas,Avena,1,4000,1700,0.0,4000.0,Domicilio,Tarjeta,Completada,S001,Centro,Barranquilla,Atlántico,E006,Valentina,Asesora
V11219,06/06/2025 18:20,C004,Juan Martinez,Nuevo,P014,Roll de canela, Panadería ,Canela,1,7500,3100,0.1,6750.0,Tienda,Transferencia,Completada,S004,Riomar,Barranquilla,Atlántico,E003,Mateo,Asesor
V10930,06-26-2025 18:50,C002,Carlos Perez,Recurrente,P015,Tarta de manzana,Tartas,Manzana,3,18000,9000,0.0,54000.0,WhatsApp,Nequi,Cancelada,S001,,Barranquilla,Atlántico,E002,Camila,Asesora
V11135,2025-05-04 20:00,C026,Ricardo Diaz,recurrente,P010,Brownie con nueces,Repostería,Nueces,3,8500,4000,0.0,25500.0,Domicilio,Efectivo,Completado,S002,Norte,Barranquilla,Atlántico,E006,Valentina,Asesora
V10006,2025-08-28 11:45,C018,,Recurrente,P011,Galleta chispas,Galletas,Chocolate,1,4500,1900,0.0,4500.0,Web,Nequi,Completada,S002,Norte,Barranquilla,Atlántico,E002,Camila,Asesora
V10846,2025-06-14 15:00,C026,Ricardo Diaz,Corporativo,P012,Galleta avena,Galletas,Avena,8,4000,1700,0.15,27200.0,Tienda,Nequi,Completada,S002,Norte,Barranquilla,Atlántico,E004,Sofia,Asesora
V11163,2025-08-24 16:45,C028,Tomas Castro,Recurrente,P014,Roll de canela,Panadería,Canela,4,7500,3100,0.1,27000.0,WhatsApp,Efectivo,Completada,S001,Centro,Barranquilla,Atlántico,E003,Mateo,Asesor
V10883,2025-07-28 19:10,C004,Juan Martinez,Nuevo,P015,Tarta de manzana,Tartas,Manzana,2,18000,9000,0.0,"36000,0",Tienda,Nequi,Completada,S003,Soledad,Soledad,Atlántico,E004,Sofia,Asesora
V10370,2025-01-28 12:30,C026,Ricardo Diaz,Nuevo,P009,Brownie clásico,Repostería,Chocolate,4,7000,3200,0.05,26600.0,Domicilio,,Completada,S001,Centro,Barranquilla,Atlántico,E003,Mateo,Asesor
V10204,2025-09-01 20:20,C029,Manuela Mendoza,Nuevo,P007,Cupcake vainilla,Cup cake,Vainilla,1,8000,3800,0.0,8000.0,Web,Tarjeta,Completada,S004,Riomar,Barranquilla,Atlántico,E002,Camila,Asesora
V10747,2025-10-13 14:45,C011,Miguel Mendoza, Nuevo ,P007,Cupcake vainilla,Cupcakes,Vainilla,3,8000,3800,0.0,24000.0,Tienda,Nequi,Completada,S001,Centro,Barranquilla,Atlántico,E001,Laura,Asesora
V10078,2025-08-03 09:10,C006,Sofia Ramirez,Nuevo,P011,Galleta chispas,Galletas,Chocolate,3,4500,1900,0.05,12825.0,Web,Transferencia,Completada,S002,Norte,Barranquilla,Atlántico,E003,Mateo,Asesor
V10725,2025-03-30 14:45,C003,Maria Gomez,Nuevo,P006,Cupcake chocolate,Cupcakes,Chocolate,4,8500,4200,0.15,28900.0,WhatsApp,Nequi,Completada,S002,Norte,Barranquilla,Atlántico,E006,Valentina,Asesora
V11218,2025-06-28 12:20,C024,Mateo Hernandez,Nuevo,P014,Roll de canela,Panadería,Canela,1,7500,3100,0.15,6375.0,WhatsApp,Tarjeta,Completada,S004,Riomar,Barranquilla,Atlántico,E005,Daniel,Asesor
V10513,2025-07-19 15:10,C008,Valentina Diaz,Nuevo,P010,Brownie con nueces,Repostería,Nueces,3,8500,4000,0.1,22950.0,Instagram,Tarjeta,Completada,S001,Centro,Barranquilla,Atlántico,E006,Valentina,Asesora
V10280,2025/08/31 14:20,C001,Ana Rodriguez,Recurrente,P011,Galleta chispas,Galletas,Chocolate,2,4500,1900,0.0,9000.0,,Efectivo,Completada,S002,Norte,Barranquilla,Atlántico,E002,Camila,Asesora
V11113,2025/05/17 18:10,C005,Laura Hernandez,Recurrente,P009,Brownie clásico,Repostería,Chocolate,2,7000,3200,0.15,11900.0,WhatsApp,Efectivo,Completada,S001,Centro,Barranquilla,Atlántico,E005,Daniel,Asesor
V10212,2025-11-04 09:20,C011,Miguel Mendoza,Recurrente,P005,Tres leches,Tortas,Leches,3,40000,21000,0.0,120000.0,Instagram,Daviplata,Completada,S002,norte,Barranquilla,Atlántico,E003,Mateo,Asesor
V11088,2025-12-13 19:15,C009,Daniel Rojas,Nuevo,P005,TRES LECHES,Tortas,Leches,1,40000,21000,0.1,36000.0,Instagram,Tarjeta,Completado,S004,Riomar,Barranquilla,Atlántico,E006,Valentina,Asesora
V10120,2025-04-09 17:15,C011,MIGUEL MENDOZA,Nuevo,P016,Tarta de limón,Tartas,Limón,2,18000,8800,0.0,36000.0,Tienda,Tarjeta,Completado,S004,Riomar,Barranquilla,Atlántico,E005,Daniel,Asesor
V10385,2025-08-15 14:10,C004,Juan Martinez,Recurrente ,P002,Torta de vainilla,Tortas,Vainilla,5,38000,19500,0.0,190000.0,Tienda,Transferencia, completada ,S002,Norte,Barranquilla,Atlántico,E003,Mateo,Asesor
V10521,2025-07-11 17:20,C005,Laura Hernandez,Nuevo,P001,TORTA DE CHOCOLATE,Tortas,Chocolate,1,42000,22000,0.0,42000.0,Domicilio,Transferencia,COMPLETADA,S001,Centro,Barranquilla,Atlántico,E003,Mateo,Asesor
V10213,2025-04-24 12:10,C021,Natalia Perez,Recurrente,P011,Galleta chispas,Galletas,Chocolate,5,4500,1900,0.0,22500.0,Instagram,Transferencia,Completada,S003,Soledad,Soledad,Atlántico,E004,Sofia,Asesora
V11217,2025-08-12 17:10,C006,Sofia Ramirez,Nuevo,P009,Brownie clásico,reposteria,Chocolate,1,7000,3200,0.0,7000.0,Tienda,Efectivo,Completada,S004,Riomar,Barranquilla,Atlántico,E003,Mateo,Asesor
V10453,2025-01-22 17:10,C006, Sofia Ramirez ,Recurrente,P011,Galleta chispas,Galletas,Chocolate,4,4500,1900,0.0,18000.0,DOMICILIO,Tarjeta,Completada,S002,NORTE,Barranquilla,Atlántico,E002,Camila,Asesora
V10775,2025-06-25 15:20,C012,paula jimenez,Nuevo,P011,Galleta chispas,Galletas,Chocolate, 1 ,4500,1900,0.2,3600.0,WhatsApp,nequi ,Completada,S001,Centro,Barranquilla,Atlántico,E005,Daniel,Asesor
V10398,2025-03-24 12:30,C025,Lucia Ramirez,Recurrente ,P018,Macaron caja x12,Macarons,Variados,1,40000,19500,,40000.0,WhatsApp,Efectivo,Completada,S004,Riomar,Barranquilla,Atlántico,E002,Camila,Asesora
V11175,2025-07-10 11:00,C029, Manuela Mendoza ,,P017,Macaron caja x6,Macarons,Variados,4,22000,11000,0.0,88000.0,Instagram,Nequi,Completada,S003,Soledad,Soledad,Atlántico,E003,Mateo,Asesor
V10968,2025-01-17 16:10,C025,Lucia Ramirez,Nuevo,P019,Caja desayuno,Combos,Desayuno,2,32000,17000,0.15,54400.0,Tienda,Nequi,Completada,S003,Soledad,Soledad,Atlántico,E001,Laura,Asesora
V10115,2025-01-26 20:15,C017,Sebastian Ruiz,Nuevo,P011,Galleta chispas,galletas,Chocolate,1,4500,1900,0.0,4500.0,Tienda,Tarjeta, completada ,S003,SOLEDAD,Soledad,Atlántico,E004,Sofia,Asesora
V10328,2025-10-14 08:40,C007,Andres Torres,Nuevo,P010,Brownie con nueces,Repostería,Nueces,1,8500,4000,0.0,8500.0,Tienda,nequi ,Completada,S004,Riomar,Barranquilla,Atlántico,E003,Mateo,Asesor
V10797,2025-07-05 16:45,C023,Juliana Torres,Corporativo,P009,Brownie clásico,Repostería,Chocolate, 6 ,7000,3200,0.0,42000.0,Tienda,Nequi,COMPLETADA,S002,Norte,Barranquilla,Atlántico,E002,Camila,Asesora
V11199,2025-02-24 12:15,C018,Mariana Navarro,Recurrente,P015,Tarta de manzana,Tartas,Manzana,1,18000,9000,0.0,18000.0,Tienda,Transferencia,Completada,S001,Centro,Barranquilla,Atlántico,E001,Laura,Asesora
V10545,2025-02-19 14:00,C016,Isabella Romero,Nuevo,P011,Galleta chispas,Galletas,Chocolate,1,4500,1900,0.0,4500.0,Domicilio,Transferencia,cancelada,S002,Norte,Barranquilla,Atlántico,E001,Laura,Asesora
V10379,2025-03-31 19:20,C023,Juliana Torres,Nuevo,P011,Galleta chispas,Galletas,Chocolate,3,$4.500,1900,0.0,13500.0,Tienda,DAVIPLATA,Completada,S003,SOLEDAD,Soledad,Atlántico,E006,Valentina,Asesora
V10151,2025-10-09 14:50,C024,Mateo Hernandez,Nuevo,P014,Roll de canela,Panadería,Canela,3,7500,3100,0.0,22500.0,WHATSAPP,Tarjeta,Completada,S001,centro,Barranquilla,Atlántico,E002,Camila,Asesora
V10948,08/05/2025 13:15,C029,Manuela Mendoza,Nuevo,P012,Galleta avena,Galletas,Avena,1,4000,1700,0.0,4000.0,Instagram,Transferencia,Completada,S002,Norte,Barranquilla,Atlántico,E005,Daniel,Asesor
V11016,12-18-2025 14:00,C019,Felipe Ortiz,Nuevo,P009,Brownie clásico,,Chocolate,1,7000,3200,0.1,6300.0,Instagram,Daviplata,Completada,S001,Centro,Barranquilla,Atlántico,E005,Daniel,Asesor
V10501,2025-10-03 15:45,C019,,Nuevo,P010,Brownie con nueces,Repostería,Nueces,3,8500,4000,0.0,25500.0,Domicilio,Tarjeta,Completada,S002,Norte,Barranquilla,Atlántico,E004,Sofia,Asesora
V10114,2025-09-05 15:50,C008,Valentina Diaz,NUEVO,P007,Cupcake vainilla,Cupcakes,Vainilla,1,8000,3800,0.0,8000.0,Domicilio,Daviplata,Completada,S001,CENTRO,Barranquilla,Atlántico,E003,Mateo,Asesor
V10624,17/08/2025 10:15,C024,mateo hernandez,Nuevo,P017,Macaron caja x6,Macarons,Variados,1,22000,11000,0.15,18700.0,Tienda,Tarjeta,Completada,S002, Norte ,Barranquilla,Atlántico,E001,Laura,Asesora
V10821,2025-06-25 16:10,C010,Camila Castro,Nuevo,P013,Croissant,Panadería,Tradicional,3,6500,2800,0.2,15600.0,,Transferencia,Completada,S001,Centro,Barranquilla,Atlántico,E003,Mateo,Asesor
V10158,2025-08-19 16:45,C028,Tomas Castro,Nuevo,P016,Tarta de limón,Tartas,Limón,1,18000,8800,0.0,18000.0,Tienda,Nequi,Completada,S002,Norte,Barranquilla,Atlántico,E006,Valentina,Asesora
V10731,2025/07/05 14:40,C027,Carolina Rojas,Nuevo,P004,Red velvet,Tortas,Red velvet,2,45000,24000,0.0,90000.0,WhatsApp,Efectivo,Completada,S002,Norte,Barranquilla,Atlántico,E004,Sofia,Asesora
V10225,2025-09-07 17:20,C014,Sara Moreno,Nuevo,P014,Roll de canela,Panadería,Canela,1,7500,3100,0.0,7500.0,Instagram,Efectivo,COMPLETADA,S001,Centro,Barranquilla,Atlántico,E006,Valentina,Asesora
V10237,2025/11/28 20:40,C008,Valentina Diaz,Recurrente,P008,Cupcake red velvet,Cupcakes,Red velvet,3,9500,4800,0.2,22800.0,Instagram,Nequi,Completada,S002,Norte,Barranquilla,Atlántico,E005,Daniel,Asesor
V11183,2025-08-13 14:20,C022,Alejandro Gomez,Recurrente,P018,Macaron caja x12,Macarons,Variados,2,40000,19500,0.0,80000.0,Tienda,Transferencia,Completada,S003,Soledad,Soledad,Atlántico,E006,Valentina,Asesora
V10326,08/11/2025 15:15,C009,Daniel Rojas,Recurrente,P004,Red velvet,Tortas,Red velvet,10,45000,24000,0.0,450000.0,Tienda,Efectivo,completada,S004, Rio Mar,Barranquilla,Atlántico,E005,Daniel,Asesor
V10098,2025/03/06 17:15,C025,Lucia Ramirez,Recurrente ,P007,Cupcake vainilla,Cupcakes,Vainilla,1,8000,3800,0.2,6400.0,Domicilio,Efectivo,Cancelada,S001,Centro,Barranquilla,Atlántico,E005,Daniel,Asesor
V11002,2025-10-15 19:10,C014,Sara Moreno,Nuevo,P009,Brownie clásico,Repostería,Chocolate, 4 ,7000,3200,0.0,28000.0,,Nequi,Completada,S002,,Barranquilla,Atlántico,E003,Mateo,Asesor
V10157,2025-10-21 18:15,C028,Tomas Castro,Recurrente,P005,Tres leches,Tortas,Leches,5,40000,21000,0.0,200000.0,Web,Efectivo,Completada,S001,Centro,Barranquilla,Atlántico,E006,Valentina,Asesora
V10693,2025-05-23 10:40,C004,Juan Martinez,Corporativo,P009,Brownie clásico,Repostería,Chocolate,4,7000,3200,0.2,22400.0,Web,Tarjeta,Completada,S003,Soledad,Soledad,Atlántico,E001,Laura,Asesora
V10197,2025-09-08 14:20,C009,Daniel Rojas,Nuevo,P009,Brownie clásico,reposteria,Chocolate,2,7000,3200,0.0,14000.0,Tienda,Nequi,Completada,S004,Riomar,Barranquilla,Atlántico,E003,Mateo,Asesor
V11224,2025-11-10 14:20,C019,,Recurrente,P008,Cupcake red velvet,Cupcakes,Red velvet,1,9500,4800,0.0,9500.0,WhatsApp,Tarjeta,completada,S004,Riomar,Barranquilla,Atlántico,E005,Daniel,Asesor
V11215,18/07/2025 17:45,C030, Samuel Jimenez ,Recurrente,P013,Croissant,Panadería,Tradicional,5,6500,2800,0.0,32500.0,WhatsApp,Transferencia,Completada,S001,Centro,Barranquilla,Atlántico,E006,Valentina,Asesora
V10954,2025-07-19 15:15,C016,Isabella Romero,Nuevo,P012,Galleta avena,Galletas,Avena,5,4000,1700,0.0,20000.0,Tienda,Tarjeta,Completada,S001,Centro,Barranquilla,Atlántico,E001,Laura,Asesora
V10305,2025-03-16 17:45,C019,Felipe Ortiz,Recurrente,P013,Croissant,Panadería,Tradicional,1,6500,2800,0.15,5525.0,WhatsApp,Daviplata,Completada,S003, Soledad ,Soledad,Atlántico,E004,Sofia,Asesora
V11141,2025-12-20 16:20,C018,Mariana Navarro,Recurrente,P008,Cupcake red velvet,CUPCAKES,Red velvet,3,9500,4800,0.0,28500.0,Web,Nequi,Completada,S001,Centro,Barranquilla,Atlántico,E001,Laura,Asesora
V10709,2025-10-08 14:15,C001,Ana Rodriguez,nuevo,P006,Cupcake chocolate,Cupcakes,Chocolate,2,8500,4200,0.0,17000.0,Tienda,Daviplata,Completada,S002,Norte,Barranquilla,Atlántico,E002,Camila,Asesora
V10169,10-18-2025 13:50,C006,Sofia Ramirez,Nuevo,P014,Roll de canela,Panadería,Canela,1,7500,3100,0.0,7500.0,WhatsApp,Nequi,Completada,S001,Centro,Barranquilla,Atlántico,E003,Mateo,Asesor
V10529,2025-07-29 15:50,C030,,recurrente,P007,Cupcake vainilla,Cupcakes,Vainilla,4,8000,3800,0.0,32000.0,Tienda,Tarjeta,Completada,S002,Norte,Barranquilla,Atlántico,E004,Sofia,Asesora
V10000,2025-09-16 16:40,C018,Mariana Navarro,Nuevo,P018,Macaron caja x12,Macarons,Variados,2,40000,19500,0.0,80000.0,WhatsApp,Tarjeta,Completada,S002, Norte ,Barranquilla,Atlántico,E003,Mateo,Asesor
V10094,2025-08-01 14:15,C017,Sebastian Ruiz,Nuevo,P017,Macaron caja x6,Macarons,Variados,1,22000,11000,0.0,22000.0,Tienda,Tarjeta,Completada,S001,Centro,Barranquilla,Atlántico,E002,Camila,Asesora
V10580,2025-11-10 11:45,C002,Carlos Perez,Recurrente,P005,Tres leches,Tortas,Leches,1,40000,21000,0.0,40000.0,Tienda,Nequi,Completada,S002,Norte,Barranquilla,Atlántico,E006,Valentina,Asesora
V11231,2025-04-15 18:30,C012,Paula Jimenez,Nuevo,P011,Galleta chispas,Galletas,Chocolate,1,4500,$1.900,0.0,4500.0,Tienda,Transferencia,Cancelada,S001,Centro,Barranquilla,Atlántico,E004,Sofia,Asesora
V10794,2025-06-24 14:00,C016,Isabella Romero,Recurrente,P012,Galleta avena,Galletas,Avena,2,4000,1700,0.0,8000.0,Tienda,Nequi,Completada,S004,,Barranquilla,Atlántico,E005,Daniel,Asesor
V11137,2025-10-16 12:00,C018,Mariana Navarro,nuevo,P009,Brownie clásico,Repostería,Chocolate,4,7000,3200,0.0,28000.0,Domicilio,Efectivo,Completada,S002,Norte,Barranquilla,Atlántico,E002,Camila,Asesora
V11068,2025-02-12 18:45,C001,Ana Rodriguez,recurrente,P005,tres leches,Tortas,Leches,2,40000,21000,0.0,"80000,0",Instagram,Daviplata,Completada,S004,Riomar,Barranquilla,Atlántico,E003,Mateo,Asesor
V11172,02-15-2025 15:40,C016,Isabella Romero,Recurrente,P002,Torta de vainilla,Tortas,Vainilla,4,38000,19500,0.0,152000.0,WhatsApp,Nequi,COMPLETADA,S004,Riomar,Barranquilla,Atlántico,E004,Sofia,Asesora
V10353,2025-07-16 14:40,C027,Carolina Rojas,Recurrente,P020,Caja regalo dulce,Combos,Regalo,1,52000,28500,0.0,52000.0,WhatsApp,Daviplata,Completada,S004,Riomar,Barranquilla,Atlántico,E001,Laura,Asesora
V10942,20/09/2025 13:50,C013,Nicolas Vargas,Nuevo,P014,Roll de canela,Panadería,Canela, 1 ,7500,3100,0.0,7500.0,Instagram,Nequi,Completada,S003,Soledad,Soledad,Atlántico,E005,Daniel,Asesor
V11039,2025-12-01 17:50,C008,Valentina Diaz,Recurrente,P006,Cupcake chocolate,Cupcakes,Chocolate,4,8500,4200,0.0,34000.0,Whats app,Tarjeta,Completada,S002,Norte,Barranquilla,Atlántico,E002,Camila,Asesora
V10549,2025-12-25 16:20,C018,Mariana Navarro,Recurrente,P006,Cupcake chocolate,Cupcakes,Chocolate,3,8500,4200,0.0,25500.0,WhatsApp,Efectivo,Completada,S001,Centro,Barranquilla,Atlántico,E006,Valentina,Asesora
V11190,2025-07-21 17:30,C010,Camila Castro,Nuevo,P001,Torta de chocolate,tortas,Chocolate,2,42000,22000,0.0,84000.0,Tienda,Tarjeta,Completada,S002,Norte,Barranquilla,Atlántico,E006,Valentina,Asesora
V11042,2025-03-24 16:10,C010,Camila Castro,Nuevo,P010,Brownie con nueces,Repostería,Nueces,1,8500,4000,0.0,8500.0,tienda,NEQUI,Cancelada,S004,Riomar,Barranquilla,Atlántico,E002,Camila,Asesora
V11148,2025-04-30 13:00,C030,Samuel Jimenez,Nuevo,P003,Cheesecake frutos rojos,Tortas,Frutos rojos,2,48000,26000,0.15,81600.0,Web,Tarjeta,Completada,S003,Soledad,Soledad,Atlántico,E004,Sofia,Asesora
V10258,2025-11-05 16:45,C004,Juan Martinez,Recurrente ,P006,Cupcake chocolate,Cup cake,Chocolate,1,8500,4200,,8500.0,Tienda,Efectivo,Completada,S003,Soledad,Soledad,Atlántico,E001,Laura,Asesora
V10536,2025-08-17 16:15,C016,Isabella Romero,Recurrente ,P014,Roll de canela,Panadería,Canela,1,7500,3100,0.0,7500.0,Tienda,Nequi,Completada,S004,riomar,Barranquilla,Atlántico,E003,Mateo,Asesor
V10590,2025-02-16 14:20,C005,Laura Hernandez,Nuevo,P012,Galleta avena,Galletas,Avena,1,4000,1700,0.0,4000.0,Tienda,Tarjeta, completada ,S002,Norte,Barranquilla,Atlántico,E004,Sofia,Asesora
V11134,2025-10-08 20:15,C020,Gabriela Silva,Corporativo,P019,Caja desayuno,Combos,Desayuno,8,32000,17000,0.0,256000.0,Domicilio,Nequi,COMPLETADA,S004,Riomar,Barranquilla,Atlántico,E002,Camila,Asesora
V11060,2025-06-30 13:40,C017,Sebastian Ruiz,Nuevo,P011,Galleta chispas,Galletas,Chocolate,1,4500,1900,0.15,3825.0,Domicilio,Efectivo,Completada,S002,norte,Barranquilla,Atlántico,E006,Valentina,Asesora
V10812,21/04/2025 14:45,C010,Camila Castro,Nuevo,P013,Croissant,Panadería,Tradicional,1,6500,2800,0.0,6500.0,Instagram,Nequi,Completada,S001,Centro,Barranquilla,Atlántico,E006,Valentina,Asesora
V10517,2025-01-20 15:45,C024,Mateo Hernandez,Recurrente,P013,Croissant,Panadería,Tradicional,6,6500,2800,0.0,39000.0,Web,Tarjeta,Completada,S001,Centro,Barranquilla,Atlántico,E006,Valentina,Asesora
V10521,07/08/2025 14:50,C025,Lucia Ramirez,Recurrente,P010,Brownie con nueces,Repostería,Nueces,1,8500,4000,0.2,6800.0,WhatsApp,TRANSFERENCIA,Completada,S004,Riomar,Barranquilla,Atlántico,E001,Laura,Asesora
V11082,2025-02-10 19:45,C014,Sara Moreno,,P013,Croissant,Panadería,Tradicional,10,6500,2800,0.0,65000.0,Web,Nequi,completada,S002,Norte,Barranquilla,Atlántico,E005,Daniel,Asesor
V11034,2025-05-30 19:10,C005,Laura Hernandez,Recurrente,P017,Macaron caja x6,Macarons,Variados,1,22000,11000,0.0,$22.000,Domicilio,Daviplata,Completada,S003,Soledad,Soledad,Atlántico,E005,Daniel,Asesor
V11257,01/11/2025 10:45,C025,Lucia Ramirez,Recurrente,P007,Cupcake vainilla,Cupcakes,Vainilla,1,8000,3800,0.05,7600.0,Tienda,Tarjeta,Completada,S002,Norte,Barranquilla,Atlántico,E001,Laura,Asesora
V11040,2025-08-15 12:20,C024,mateo hernandez,NUEVO,P012,Galleta avena,Galletas,Avena,2,4000,1700,0.0,8000.0,Instagram,Tarjeta,Completada,S003,Soledad,Soledad,Atlántico,E006,Valentina,Asesora
V11132,2025-04-10 18:15,C010,Camila Castro,Nuevo,P006,Cupcake chocolate,Cupcakes,Chocolate,2,8500,4200,0.2,13600.0,Domicilio,Nequi,Completada,S002,Norte,Barranquilla,Atlántico,E003,Mateo,Asesor
V11116,2025-11-01 12:30,C016,Isabella Romero,Recurrente,P010,Brownie con nueces,Repostería,Nueces,1,8500,4000,0.0,8500.0,,Daviplata,Completada,S001,Centro,Barranquilla,Atlántico,E005,Daniel,Asesor
V11239,2025-11-23 17:30,C010,camila castro,Recurrente,P008,Cupcake red velvet,Cupcakes,Red velvet,1,9500,4800,0.0,9500.0,WhatsApp,Tarjeta,COMPLETADA,S001,Centro,Barranquilla,Atlántico,E004,Sofia,Asesora
V11192,2025-10-10 16:50,C021,Natalia Perez, Nuevo ,P012,Galleta avena,Galletas,Avena, 3 ,4000,1700,0.0,12000.0,TIENDA,Nequi,Completada,S003,Soledad,Soledad,Atlántico,E004,Sofia,Asesora
V10661,2025-05-09 14:20,C028,Tomas Castro,Recurrente,P015,Tarta de manzana,Tartas,Manzana,2,18000,9000,0.1,32400.0,WhatsApp,Transferencia,Completada,S001,Centro,Barranquilla,Atlántico,E002,Camila,Asesora
V10533,2025-08-20 16:00,C022,Alejandro Gomez,Recurrente,P016,Tarta de limón,Tartas,Limón,2,18000,8800,0.0,36000.0,Instagram,Efectivo,Cancelada,S002,Norte,Barranquilla,Atlántico,E006,Valentina,Asesora
V10844,2025-01-21 15:50,C013,Nicolas Vargas,Nuevo,P017,Macaron caja x6,Macarons,Variados,2,22000,11000,0.0,44000.0,Web,Transferencia,Completada,S001,Centro,Barranquilla,Atlántico,E001,Laura,Asesora
V10456,2025-06-04 13:40,C018,Mariana Navarro,Nuevo,P004,Red velvet,Tortas,Red velvet,3,45000,24000,0.0,135000.0,Web,Efectivo,Completada,S001,Centro,Barranquilla,Atlántico,E006,Valentina,Asesora
V10565,2025-02-13 13:45,C029,,Nuevo,P007,Cupcake vainilla,Cupcakes,Vainilla,1,8000,3800,0.0,8000.0,WhatsApp,Tarjeta,Completada,S002,Norte,Barranquilla,Atlántico,E002,Camila,Asesora
V10475,2025-09-01 16:10,C001,Ana Rodriguez,Recurrente,P017,Macaron caja x6,Macarons,Variados,1,22000,11000,0.0,22000.0,Domicilio,Nequi,completada,S001,Centro,Barranquilla,Atlántico,E005,Daniel,Asesor
V10920,2025-12-11 15:40,C003,Maria Gomez,Recurrente,P005,Tres leches,Tortas,Leches,3,40000,21000,0.0,120000.0,Tienda,Nequi,Completada,S002,Norte,Barranquilla,Atlántico,E006,Valentina,Asesora
V11045,2025-12-11 16:50,C004,Juan Martinez,Nuevo,P008,Cupcake red velvet,Cupcakes,Red velvet,1,9500,4800,0.0,9500.0,Domicilio,Efectivo,Completada,S001,Centro,Barranquilla,Atlántico,E002,Camila,Asesora
V10979,13/02/2025 17:10,C010,Camila Castro,Nuevo,P017,Macaron caja x6,Macarons,Variados,1,22000,11000,0.0,22000.0,Tienda,Transferencia,Completada,S002, Norte ,Barranquilla,Atlántico,E003,Mateo,Asesor
V10432,2025-07-16 15:00,C024,Mateo Hernandez,Recurrente,P014,Roll de canela,Panadería,Canela,1,7500,3100,0.0,7500.0,WhatsApp,Efectivo,Completada,S003,Soledad,Soledad,Atlántico,E001,Laura,Asesora
V10882,2025-04-27 14:40,C026,Ricardo Diaz,Nuevo,P012,Galleta avena,galletas,Avena,1,4000,1700,0.0,4000.0,Web,Nequi,Completada,S003,Soledad,Soledad,Atlántico,E006,Valentina,Asesora
V10445,2025-11-05 11:00,C010,Camila Castro,Recurrente,P018,Macaron caja x12,Macarons,Variados,8,40000,19500,0.0,320000.0,WhatsApp,Transferencia,Completado,S003,Soledad,Soledad,Atlántico,E002,Camila,Asesora
V10989,2025-12-22 14:10,C024,Mateo Hernandez,Nuevo,P001,Torta de chocolate,Tortas,Chocolate,3,$42.000,22000,0.05,119700.0,Tienda,Efectivo,Completada,S001,Centro,Barranquilla,Atlántico,E001,Laura,Asesora
V10621,2025-09-25 18:00,C030,Samuel Jimenez,Nuevo,P016,Tarta de limón,Tartas,Limón,2,18000,8800,0.0,36000.0,WhatsApp,Transferencia,Completada,S003,Soledad,Soledad,Atlántico,E003,Mateo,Asesor
V11189,2025-06-19 16:45,C004,Juan Martinez,Nuevo,P012,Galleta avena,GALLETAS,Avena,4,4000,1700,0.0,16000.0,Tienda,Tarjeta,Completada,S002,Norte,Barranquilla,Atlántico,E004,Sofia,Asesora
V10396,2025-08-24 15:40,C004,Juan Martinez,Recurrente,P011,Galleta chispas,Galleta,Chocolate,5,4500,1900,0.0,22500.0,WhatsApp,Tarjeta,Completada,S004,Riomar,Barranquilla,Atlántico,E002,Camila,Asesora
V10072,2025-04-23 17:15,C020,Gabriela Silva,Nuevo,P010,Brownie con nueces,Repostería,Nueces,1,8500,4000,0.0,8500.0,Domicilio,Nequi,Completada,S002,Norte,Barranquilla,Atlántico,E002,Camila,Asesora
V10850,2025/08/10 16:50,C008,Valentina Diaz,Nuevo,P012,Galleta avena,Galletas,Avena,3,4000,1700,0.1,10800.0,WhatsApp,Transferencia,Completada,S003,Soledad,Soledad,Atlántico,E003,Mateo,Asesor
V10462,2025-07-10 18:20,C012,Paula Jimenez,,P001,Torta de chocolate,Tortas,Chocolate,2,42000,22000,0.0,84000.0,Web,Efectivo,Completada,S002,Norte,Barranquilla,Atlántico,E002,Camila,Asesora
V11048,2025-04-12 10:50,C021,Natalia Perez,Recurrente,P001,Torta de chocolate,Tortas,Chocolate,2,42000,22000,0.0,84000.0,Tienda,Nequi,Completada,S002,Norte,Barranquilla,Atlántico,E001,Laura,Asesora
V10615,2025-08-08 15:45,C021,Natalia Perez, Nuevo ,P013,Croissant,Panadería,Tradicional,3,6500,2800,0.1,17550.0,WhatsApp,Tarjeta,Completada,S001,Centro,Barranquilla,Atlántico,E006,Valentina,Asesora
V10718,2025-06-28 17:00,C028,Tomas Castro,Nuevo,P009,Brownie clásico,Repostería,Chocolate,2,7000,3200,0.1,12600.0,Instagram,Nequi,COMPLETADA,S001,Centro,Barranquilla,Atlántico,E002,Camila,Asesora
V10742,2025-06-17 16:30,C005,Laura Hernandez,Recurrente,P014,Roll de canela,Panadería,Canela,3,7500,$3.100,0.0,22500.0,Web,Efectivo,Completada,S002,Norte,Barranquilla,Atlántico,E004,Sofia,Asesora
V10866,2025-08-22 14:40,C023,Juliana Torres,Recurrente,P002,Torta de vainilla,Tortas,Vainilla,1,38000,19500,0.05,36100.0,Ig,Tarjeta,Completada,S001,centro,Barranquilla,Atlántico,E006,Valentina,Asesora
V10166,2025-02-20 11:30,C027,Carolina Rojas,Nuevo,P004,Red velvet,Tortas,Red velvet,1,45000,$24.000,0.2,36000.0,DOMICILIO,Transferencia,Completado,S003,Soledad,Soledad,Atlántico,E002,Camila,Asesora
V10313,2025-12-31 16:40,C029,Manuela Mendoza,Nuevo,P008,Cupcake red velvet,Cupcakes,Red velvet,1,9500,4800,0.0,9500.0,Instagram,Daviplata,Completada,S004,riomar,Barranquilla,Atlántico,E001,Laura,Asesora
V10660,2025-04-29 19:00,C026,Ricardo Diaz,Recurrente,P001,Torta de chocolate,Tortas,Chocolate,3,42000,22000,0.0,126000.0,Tienda,Nequi,Completada,S004,riomar,Barranquilla,Atlántico,E005,Daniel,Asesor
V10724,2025-06-24 19:15,C027,Carolina Rojas,Recurrente,P008,Cupcake red velvet,Cupcakes,Red velvet, 2 ,9500,4800,0.05,18050.0,WhatsApp,Efectivo,Completada,S002,Norte,Barranquilla,Atlántico,E001,Laura,Asesora
V10324,2025-10-23 15:15,C010,Camila Castro,Nuevo,P009,Brownie clásico,Repostería,Chocolate,1,7000,3200,0.15,5950.0,,Daviplata,Completada,S004,Riomar,Barranquilla,Atlántico,E004,Sofia,Asesora
V10638,2025-01-15 15:00,C017,Sebastian Ruiz,Nuevo,P013,Croissant,Panadería,Tradicional,1,6500,$2.800,0.0,6500.0,Domicilio,Efectivo,Completada,S002,Norte,Barranquilla,Atlántico,E004,Sofia,Asesora
V11194,2025-05-08 18:40,C001,Ana Rodriguez,Corporativo,P012,Galleta avena,Galletas,Avena, 8 ,4000,1700,,25600.0,Tienda,Nequi,Completada,S001,Centro,Barranquilla,Atlántico,E002,Camila,Asesora
V11027,2025/01/31 14:15,C027,Carolina Rojas,Nuevo,P014,Roll de canela,Panadería,Canela,2,7500,3100,0.0,15000.0,Tienda,Efectivo,Completada,S002,Norte,Barranquilla,Atlántico,E002,Camila,Asesora
V10858,2025/08/30 15:50,C011,Miguel Mendoza,Nuevo,P007,Cupcake vainilla,Cupcakes,Vainilla,2,8000,3800,0.0,16000.0,Tienda,Nequi,Completada,S001,Centro,Barranquilla,Atlántico,E004,Sofia,Asesora
V10530,2025/12/11 08:30,C001,Ana Rodriguez,Nuevo,P006,Cupcake chocolate,,Chocolate,3,8500,4200,0.0,25500.0,Tienda,Transferencia,Completada,S003,Soledad,Soledad,Atlántico,E004,Sofia,Asesora
V10503,08-10-2025 08:15,C022, Alejandro Gomez ,Nuevo,P012,Galleta avena,Galletas,Avena,2,4000,1700,0.0,8000.0,Domicilio,Transferencia,Completada,S004,Riomar,Barranquilla,Atlántico,E004,Sofia,Asesora
V10802,2025-12-21 18:50,C016,Isabella Romero,Recurrente,P002,Torta de vainilla,Tortas,Vainilla,1,38000,19500,0.0,38000.0,Tienda,Daviplata,Completada,S004,Riomar,Barranquilla,Atlántico,E006,Valentina,Asesora
V10600,2025-10-19 13:10,C012,Paula Jimenez,Recurrente,P014,Roll de canela,PANADERÍA,Canela,1,7500,3100,0.15,6375.0,Delivery,Daviplata,Completada,S002,Norte,Barranquilla,Atlántico,E006,Valentina,Asesora
V10567,2025-06-19 16:40,C006,Sofia Ramirez,Recurrente,P012,Galleta avena,Galletas,Avena,6,4000,1700,0.2,19200.0,Domicilio,Daviplata, completada ,S004,Riomar,Barranquilla,Atlántico,E004,Sofia,Asesora
V10081,2025-05-05 11:20,C013,Nicolas Vargas,Recurrente,P001,Torta de chocolate,torta,Chocolate,1,42000,22000,0.0,"42000,0",Tienda,Tarjeta,Completada,S002,Norte,Barranquilla,Atlántico,E003,Mateo,Asesor
V10666,01-29-2025 16:45,C026,Ricardo Diaz,Recurrente,P009,brownie clasico,Repostería,Chocolate,2,7000,3200,0.0,14000.0,Domicilio,Nequi,Completada,S001,Centro,Barranquilla,Atlántico,E006,Valentina,Asesora
V10331,17/01/2025 09:20,C003,Maria Gomez,Recurrente,P009,Brownie clásico,Repostería,Chocolate,1,7000,3200,0.15,5950.0,WhatsApp,Daviplata,Completada,S001,Centro,Barranquilla,Atlántico,E001,Laura,Asesora
V10410,2025-10-20 12:30,C019,Felipe Ortiz,Nuevo,P007,Cupcake vainilla,Cupcakes,Vainilla,2,8000,3800,0.0,16000.0,Instagram,Tarjeta,Completada,S002,Norte,Barranquilla,Atlántico,E003,Mateo,Asesor
V10890,2025-07-25 20:40,C008,Valentina Diaz,Recurrente,P006,Cupcake chocolate,Cupcakes,Chocolate,4,8500,4200,0.0,34000.0,Tienda,Tarjeta,Completada,S002,Norte,Barranquilla,Atlántico,E005,Daniel,Asesor
V10879,2025-05-30 13:40,C022,Alejandro Gomez,Recurrente,P013,Croissant,Panadería,Tradicional,2,6500,2800,0.0,13000.0,WhatsApp,Tarjeta,Completada,S001,Centro,Barranquilla,Atlántico,E006,Valentina,Asesora
V10776,2025-02-15 10:40,C011,Miguel Mendoza,Recurrente,P007,Cupcake vainilla,Cupcakes,Vainilla,3,8000,3800,0.0,24000.0,Tienda,Transfer,Completada,S002,Norte,Barranquilla,Atlántico,E003,Mateo,Asesor
V10644,2025-12-07 13:45,C018, Mariana Navarro ,Nuevo,P012,Galleta avena,Galletas,Avena,1,4000,1700,0.05,3800.0,Tienda,Daviplata,Completada,S004,Riomar,Barranquilla,Atlántico,E004,Sofia,Asesora
V10161,2025-12-01 17:40,C010,Camila Castro,Recurrente,P012,Galleta avena,Galletas,Avena,1,4000,1700,0.05,3800.0,Tienda,Nequi,Completada,S003,soledad,Soledad,Atlántico,E006,Valentina,Asesora
V10105,08-23-2025 08:10,C007,Andres Torres,Recurrente,P017,Macaron caja x6,Macarons,Variados,1,22000,11000,0.0,22000.0,Tienda,Transferencia,Completada,S004,Riomar,Barranquilla,Atlántico,E004,Sofia,Asesora
V10875,2025-11-22 16:30,C022,Alejandro Gomez,Recurrente,P011,Galleta chispas,Galletas,Chocolate,4,4500,1900,0.1,$16.200,Domicilio,,Completada,S003,Soledad,Soledad,Atlántico,E003,Mateo,Asesor
V10034,2025-08-12 08:45,C013,,Nuevo,P004,Red velvet,Tortas,Red velvet,2,$45.000,24000,0.0,90000.0,WhatsApp,Tarjeta,Completada,S002,Norte,Barranquilla,Atlántico,E005,Daniel,Asesor
V10844,2025-12-29 18:10,C012,Paula Jimenez,Recurrente,P011,Galleta chispas,Galletas,Chocolate,2,4500,1900,0.0,9000.0,WhatsApp,Tarjeta,Completada,S002,NORTE,Barranquilla,Atlántico,E001,Laura,Asesora
V10182,2025-07-22 16:30,C013,Nicolas Vargas,,P014,Roll de canela,Panadería,Canela,1,7500,3100,0.0,7500.0,Tienda ,Tarjeta,Completada,S002,Norte,Barranquilla,Atlántico,E004,Sofia,Asesora
V10308,2025-03-14 13:50,C022,Alejandro Gomez,Nuevo,P014,Roll de canela,Panadería,Canela,2,7500,3100,0.15,$12.750,Instagram,Efectivo,Completada,S003,SOLEDAD,Soledad,Atlántico,E006,Valentina,Asesora
V10233,2025-10-24 18:20,C027,Carolina Rojas,nuevo,P007,Cupcake vainilla,Cupcakes,Vainilla,1,8000,3800,0.0,8000.0,Instagram,nequi ,Completada,S001,Centro,Barranquilla,Atlántico,E003,Mateo,Asesor
V10341,2025-11-03 18:00,C027,Carolina Rojas,Recurrente,P012,Galleta avena,Galletas,Avena,3,4000,1700,0.1,$10.800,Tienda,Transferencia,Completada,S001,Centro,Barranquilla,Atlántico,E002,Camila,Asesora
V10319,2025-01-28 08:50,C029,Manuela Mendoza,Nuevo,P009,BROWNIE CLÁSICO,Repostería,Chocolate,4,7000,3200,0.1,25200.0,WhatsApp,Nequi,Completada,S003,Soledad,Soledad,Atlántico,E005,Daniel,Asesor
V10489,2025-06-24 14:15,C016,Isabella Romero,Recurrente,P005,Tres leches,Tortas,Leches,8,40000,21000,0.0,320000.0,instagram,Tarjeta,Cancelada,S001,Centro,Barranquilla,Atlántico,E001,Laura,Asesora
V10940,2025-12-23 12:20,C024, Mateo Hernandez ,Nuevo,P007,Cupcake vainilla,Cupcakes,Vainilla,2,8000,3800,0.1,14400.0,TIENDA,,Completada,S001,Centro,Barranquilla,Atlántico,E002,Camila,Asesora
V10902,2025-11-16 12:40,C010,Camila Castro,Nuevo,P011,Galleta chispas,Galletas,Chocolate,1,4500,1900,0.0,4500.0,Instagram,Transferencia,Completada,S003,Soledad,Soledad,Atlántico,E002,Camila,Asesora
V10535,17/07/2025 11:50,C007,Andres Torres,Recurrente,P012,Galleta avena,Galletas,Avena,4,4000,1700,0.0,16000.0,Domicilio,Nequi,Completada,S002,Norte,Barranquilla,Atlántico,E002,Camila,Asesora
V10953,2025-05-28 14:30,C009,Daniel Rojas,Nuevo,P012,Galleta avena,Galletas,Avena,3,4000,1700,0.2,9600.0,WhatsApp,Nequi,Completada,S001,Centro,Barranquilla,Atlántico,E004,Sofia,Asesora
V11129,2025-12-20 17:10,C004,Juan Martinez,Nuevo,P016,Tarta de limón,Tartas,Limón,1,18000,8800,0.0,18000.0,Domicilio,Nequi,Completada,S004,Riomar,Barranquilla,Atlántico,E001,Laura,Asesora
V10428,2025-11-28 12:40,C008,Valentina Diaz,Recurrente,P011,Galleta chispas,Galletas,Chocolate,8,4500,1900,0.2,28800.0,Tienda,NEQUI,Completado,S002,NORTE,Barranquilla,Atlántico,E002,Camila,Asesora
V10048,2025-03-20 19:15,C023,Juliana Torres,Nuevo,P007,Cupcake vainilla,Cupcakes,Vainilla,3,8000,3800,0.0,24000.0,WhatsApp,Transferencia,Completada,S002, Norte ,Barranquilla,Atlántico,E001,Laura,Asesora
V10012,2025-08-31 16:00,C007,Andres Torres,Nuevo,P006,Cupcake chocolate,Cupcakes,Chocolate,2,8500,4200,0.0,17000.0,Tienda,Tarjeta,Completada,S004,Riomar,Barranquilla,Atlántico,E004,Sofia,Asesora
V10973,2025-07-24 17:15,C010,Camila Castro,Recurrente,P019,Caja desayuno,Combos,Desayuno,2,32000,17000,0.0,64000.0,Instagram,Transferencia,Completada,S002,Norte,Barranquilla,Atlántico,E003,Mateo,Asesor
V10881,2025-12-19 15:10,C029,Manuela Mendoza,,P009,Brownie clásico,Repostería,Chocolate,8,7000,3200,0.2,$44.800,WhatsApp,Efectivo,Completada,S002,norte,Barranquilla,Atlántico,E002,Camila,Asesora
V10396,2025-09-01 14:10,C012,Paula Jimenez,Nuevo,P007,Cupcake vainilla,Cupcakes,Vainilla,10,8000,3800,0.0,80000.0,WhatsApp,Efectivo,Completada,S004,Riomar,Barranquilla,Atlántico,E006,Valentina,Asesora
V10309,2025-01-05 20:10,C022,Alejandro Gomez,Nuevo,P007,Cupcake vainilla,Cupcakes,Vainilla,4,8000,3800,0.2,25600.0,Instagram,Nequi,Completada,S001,Centro,Barranquilla,Atlántico,E003,Mateo,Asesor
V10152,21/11/2025 15:45,C009,Daniel Rojas,Recurrente,P011,Galleta chispas,Galletas,Chocolate,3,4500,1900,0.0,13500.0,Web,Efectivo,Completada,S002,Norte,Barranquilla,Atlántico,E005,Daniel,Asesor
V10635,04-19-2025 13:30,C007,Andres Torres,Nuevo,P013,Croissant,Panadería,Tradicional,1,6500,2800,0.0,6500.0,WhatsApp,Tarjeta,Completada,S001,Centro,Barranquilla,Atlántico,E006,Valentina,Asesora
V10175,12-24-2025 16:15,C028,Tomas Castro,Nuevo,P007,Cupcake vainilla,Cupcakes,Vainilla,1,8000,3800,0.0,8000.0,Domicilio,Efectivo,Completada,S002,Norte,Barranquilla,Atlántico,E001,Laura,Asesora
V10658,14/09/2025 14:15,C017,Sebastian Ruiz,Nuevo,P011,Galleta chispas,Galletas,Chocolate,5,4500,1900,,20250.0,WhatsApp,Transferencia,Completada,S004,riomar,Barranquilla,Atlántico,E003,Mateo,Asesor
V10893,2025-12-10 12:30,C012,Paula Jimenez,,P008,Cupcake red velvet,Cupcakes,Red velvet,2,9500,4800,0.2,15200.0,Domicilio,Nequi,Completada,S003,Soledad,Soledad,Atlántico,E004,Sofia,Asesora
V10732,2025-12-14 13:20,C002,Carlos Perez,CORPORATIVO,P001,Torta de chocolate,Tortas,Chocolate,4,42000,22000,0.1,151200.0,WhatsApp,Nequi,Completada,S002,Norte,Barranquilla,Atlántico,E005,Daniel,Asesor
V10274,2025-12-18 13:30,C015,Diego Suarez,Corporativo,P012,Galleta avena,Galletas,Avena,8,4000,1700,0.1,28800.0,Tienda,Efectivo,Completada,S003,Soledad,Soledad,Atlántico,E002,Camila,Asesora
V10595,2025-09-05 14:40,C011,Miguel Mendoza,Nuevo,P013,Croissant,Panadería,Tradicional,1,6500,2800,0.0,6500.0,domicilio,Nequi,Completada,S001,Centro,Barranquilla,Atlántico,E002,Camila,Asesora
V10239,2025/04/10 08:50,C006,Sofia Ramirez,Corporativo,P011,Galleta chispas,Galletas,Chocolate,4,4500,$1.900,0.1,16200.0,Web,Efectivo,Completada,S002,Norte,Barranquilla,Atlántico,E006,Valentina,Asesora
V10848,2025-10-10 14:45,C028,Tomas Castro,Corporativo,P006,Cupcake chocolate,Cupcakes,Chocolate,3,8500,4200,0.2,20400.0,Tienda,Tarjeta,Completada,S001,Centro,Barranquilla,Atlántico,E004,Sofia,Asesora
V11056,2025-08-05 19:30,C010,Camila Castro,Recurrente,P004,Red velvet,Tortas,Red velvet,1,45000,24000,0.0,45000.0,,Nequi,Completada,S004,Riomar,Barranquilla,Atlántico,E004,Sofia,Asesora
V10372,2025-09-06 12:15,C014,Sara Moreno,Nuevo,P010,Brownie con nueces,Repostería,Nueces,5,8500,4000,0.1,38250.0,WhatsApp,Tarjeta, completada ,S001,Centro,Barranquilla,Atlántico,E001,Laura,Asesora
V11023,2025-07-21 18:45,C012,Paula Jimenez,Recurrente,P001,Torta de chocolate,Tortas,Chocolate,2,42000,22000,0.0,84000.0,Tienda,Tarjeta,Completada,S001,,Barranquilla,Atlántico,E002,Camila,Asesora
V10676,2025-05-08 15:10,C010,Camila Castro,Nuevo,P010,Brownie con nueces,Repostería,Nueces, 1 ,8500,4000,0.0,8500.0,Instagram,Tarjeta,Completada,S003,Soledad,Soledad,Atlántico,E003,Mateo,Asesor
V10217,2025-05-08 17:40,C029,Manuela Mendoza,Nuevo,P007,Cupcake vainilla,Cupcakes,Vainilla,1,8000,3800,0.05,"7600,0",WhatsApp,Transferencia,Completada,S001,Centro,Barranquilla,Atlántico,E004,Sofia,Asesora
V10831,2025-05-12 15:15,C023,Juliana Torres,Corporativo,P003,Cheesecake frutos rojos,Tortas,Frutos rojos,6,48000,26000,0.1,259200.0,Tienda,Transferencia,Cancelada,S004,Riomar,Barranquilla,Atlántico,E005,Daniel,Asesor
V10162,2025-11-09 12:30,C006,Sofia Ramirez,Recurrente,P003,Cheesecake frutos rojos,Tortas,Frutos rojos,3,48000,26000,0.0,$144.000,Web,Nequi,Completada,S003,Soledad,Soledad,Atlántico,E003,Mateo,Asesor
V10129,2025-09-15 12:20,C008,Valentina Diaz,recurrente,P012,Galleta avena,Galletas,Avena,3,4000,1700,0.0,12000.0,Tienda,transferencia,Completada,S004,Riomar,Barranquilla,Atlántico,E004,Sofia,Asesora
V10604,2025-01-20 17:50,C016,Isabella Romero,Nuevo,P006,Cupcake chocolate,Cupcakes,Chocolate,1,8500,4200,0.0,8500.0,whatsapp,Daviplata,Completada,S002,Norte,Barranquilla,Atlántico,E002,Camila,Asesora
V10327,2025-04-30 14:40,C007,Andres Torres,nuevo,P016,Tarta de limón,Tartas,Limón,1,18000,8800,0.0,18000.0,Instagram,Efectivo,Completada,S003,Soledad,Soledad,Atlántico,E003,Mateo,Asesor
V10583,2025-01-11 17:00,C001,Ana Rodriguez,Recurrente,P008,Cupcake red velvet,Cupcakes,Red velvet, 2 ,$9.500,4800,0.1,17100.0,Tienda,Tarjeta,Completada,S001,Centro,Barranquilla,Atlántico,E001,Laura,Asesora
V10935,2025-07-23 13:00,C002,Carlos Perez,Corporativo,P007,Cupcake vainilla,Cupcakes,Vainilla,6,8000,3800,0.2,38400.0,WhatsApp,Nequi,Completada,S001,Centro,Barranquilla,Atlántico,E004,Sofia,Asesora
V10464,2025-09-16 13:45,C025,Lucia Ramirez,Nuevo,P011,Galleta chispas,Galletas,Chocolate,2,$4.500,1900,0.0,9000.0,Domicilio,Tarjeta,Completada,S003,Soledad,Soledad,Atlántico,E003,Mateo,Asesor
V11169,2025-11-05 11:45,C001,Ana Rodriguez,Nuevo,P002,Torta de vainilla,Tortas,Vainilla,4,38000,19500,0.0,152000.0,Ig,Nequi,Completada,S002,Norte,Barranquilla,Atlántico,E004,Sofia,Asesora
V10851,2025-12-13 12:10,C028,Tomas Castro,,P007,Cupcake vainilla,CUPCAKES,Vainilla,1,8000,3800,0.1,7200.0,Tienda,Tarjeta,Completada,S002,Norte,Barranquilla,Atlántico,E006,Valentina,Asesora
V10855,2025-05-15 12:15,C011,Miguel Mendoza,Nuevo,P009,Brownie clásico,Repostería,Chocolate,3,7000,3200,0.0,21000.0,WhatsApp,Transferencia,Completada,S003,Soledad,Soledad,Atlántico,E001,Laura,Asesora
V11167,2025-12-30 13:15,C025,Lucia Ramirez,Nuevo,P003,Cheesecake frutos rojos,Tortas,Frutos rojos,5,48000,26000,0.0,240000.0,Tienda,Transferencia,Completada,S001,Centro,Barranquilla,Atlántico,E006,Valentina,Asesora
V10917,2025-05-31 12:10,C017,Sebastian Ruiz,Recurrente,P020,Caja regalo dulce,Combos,Regalo,1,52000,28500,0.15,44200.0,Domicilio,Nequi,Completada,S002,Norte,Barranquilla,Atlántico,E002,Camila,Asesora
V10165,2025-10-01 17:00,C014,Sara Moreno,Recurrente,P001,Torta de chocolate,Tortas,Chocolate,2,42000,22000,0.0,84000.0,Tienda,Tarjeta,Completada,S002,Norte,Barranquilla,Atlántico,E001,Laura,Asesora
V10028,2025-05-06 16:00,C020,Gabriela Silva,Recurrente,P019,Caja desayuno,Combos,Desayuno,1,32000,17000,0.2,25600.0,WhatsApp,TRANSFERENCIA,Completada,S004,Riomar,Barranquilla,Atlántico,E001,Laura,Asesora
V10645,2025-04-16 20:15,C007,Andres Torres,Recurrente,P005,Tres leches,Tortas,Leches,1,40000,21000,0.0,40000.0,Tienda,Tarjeta,Completada,S003,Soledad,Soledad,Atlántico,E003,Mateo,Asesor
V10416,27/05/2025 14:00,C009,Daniel Rojas,Recurrente,P018,Macaron caja x12,Macarons,Variados,1,40000,19500,0.15,34000.0,Tienda,Efectivo,Completada,S003,Soledad,Soledad,Atlántico,E002,Camila,Asesora
V11199,2025-11-25 13:20,C002,Carlos Perez,Nuevo,P011,Galleta chispas,Galletas,Chocolate,5,4500,1900,0.0,22500.0,Domicilio,,Completada,S002,Norte,Barranquilla,Atlántico,E003,Mateo,Asesor
V11219,2025-08-23 12:50,C030,Samuel Jimenez,Nuevo,P014,Roll de canela,Panadería,Canela,1,7500,3100,0.2,6000.0,Domicilio,Daviplata,Completada,S003,Soledad,Soledad,Atlántico,E004,Sofia,Asesora
V11268,2025-03-19 12:00,C002,Carlos Perez,Recurrente ,P011,Galleta chispas,,Chocolate,3,4500,1900,0.0,13500.0,Tienda,Nequi,Completada,S003,Soledad,Soledad,Atlántico,E001,Laura,Asesora
V11147,2025-03-02 14:00,C001,Ana Rodriguez,Recurrente,P006,Cupcake chocolate,Cupcakes,Chocolate,1,8500,4200,0.0,8500.0,WhatsApp,Tarjeta,Completada,S002,Norte,Barranquilla,Atlántico,E004,Sofia,Asesora
V10077,2025-10-21 17:30,C014,Sara Moreno,Recurrente,P013,Croissant,Panadería,Tradicional,8,6500,2800,0.0,52000.0,Web,Transferencia,Completada,S001,Centro,Barranquilla,Atlántico,E001,Laura,Asesora
V11125,2025/06/10 10:10,C029,Manuela Mendoza,Recurrente,P011,Galleta chispas,Galletas,Chocolate,4,4500,1900,0.0,$18.000,Tienda,Tarjeta,Completada,S003,Soledad,Soledad,Atlántico,E003,Mateo,Asesor
V10748,2025-12-05 13:50,C003,Maria Gomez,Recurrente,P016,Tarta de limón,Tartas,Limón,2,18000,8800,0.0,36000.0,Tienda,Tarjeta,Completada,S004,Riomar,Barranquilla,Atlántico,E001,Laura,Asesora
V10463,2025-09-08 15:15,C018,Mariana Navarro,Nuevo,P008,Cupcake red velvet,Cupcakes,Red velvet, 4 ,9500,4800,0.0,38000.0,WhatsApp,Transferencia,Completada,S001,Centro,Barranquilla,Atlántico,E002,Camila,Asesora
V11121,2025-12-18 14:45,C005,Laura Hernandez,Nuevo,P006,Cupcake chocolate,Cupcakes,Chocolate,1,8500,4200,0.0,8500.0,Tienda,Tarjeta,Cancelada,S002,Norte,Barranquilla,Atlántico,E005,Daniel,Asesor
V10644,12-14-2025 15:40,C011,Miguel Mendoza,Nuevo,P006,Cupcake chocolate,Cupcakes,Chocolate,1,8500,4200,0.15,7225.0,Domicilio,Tarjeta,completada,S002,Norte,Barranquilla,Atlántico,E003,Mateo,Asesor
V10193,2025-08-03 17:20,C029, Manuela Mendoza ,Nuevo,P018,Macaron caja x12,Macarons,Variados, 4 ,40000,19500,0.0,160000.0,Tienda,Tarjeta,Completada,S004,Riomar,Barranquilla,Atlántico,E002,Camila,Asesora
V10011,2025-02-06 11:50,C002,Carlos Perez,Nuevo,P006,Cupcake chocolate,Cupcakes,Chocolate,5,8500,4200,0.0,42500.0,domicilio,Efectivo,Completada,S003,Soledad,Soledad,Atlántico,E002,Camila,Asesora
V10256,2025/05/15 18:45,C019,Felipe Ortiz,Nuevo,P012,Galleta avena,,Avena,2,4000,1700,0.0,"8000,0",Whats app,Transferencia,Completada,S002,Norte,Barranquilla,Atlántico,E003,Mateo,Asesor
V10490,07-11-2025 18:50,C016,Isabella Romero,Recurrente,P006,Cupcake chocolate,Cupcakes,Chocolate,2,8500,4200,0.0,17000.0,Tienda,Tarjeta,Completada,S002,Norte,Barranquilla,Atlántico,E002,Camila,Asesora
V10316,2025-07-18 16:20,C005,Laura Hernandez,Nuevo,P006,Cupcake chocolate,Cupcakes,Chocolate,1,8500,4200,0.0,8500.0,WhatsApp,DaviPlata,Cancelada,S002,Norte,Barranquilla,Atlántico,E002,Camila,Asesora
V11074,2025-07-13 15:45,C025,Lucia Ramirez,Corporativo,P004,Red velvet,Tortas,Red velvet,8,45000,24000,0.0,360000.0,Tienda,Transferencia,Completada,S002,Norte,Barranquilla,Atlántico,E005,Daniel,Asesor
V10134,2025-04-08 13:30,C004,Juan Martinez,Recurrente,P007,Cupcake vainilla,Cupcakes,Vainilla,3,8000,3800,0.0,24000.0,Domicilio,Nequi,Completada,S004,Riomar,Barranquilla,Atlántico,E004,Sofia,Asesora
V10697,2025-05-07 18:50,C004,,Nuevo,P001,Torta de chocolate,Tortas,Chocolate,6,42000,22000,0.0,252000.0,Instagram,Tarjeta,Completada,S003,Soledad,Soledad,Atlántico,E005,Daniel,Asesor
V10015,2025-04-15 16:10,C011,Miguel Mendoza,Nuevo,P011,Galleta chispas,Galletas,Chocolate,1,4500,1900,0.0,4500.0,instagram,Tarjeta,Completada,S003,Soledad,Soledad,Atlántico,E001,Laura,Asesora
V10534,2025-06-16 20:10,C008,Valentina Diaz,Recurrente,P011,Galleta chispas,Galletas,Chocolate,1,4500,1900,0.0,4500.0,Instagram,Efectivo,Completada,S003,Soledad,Soledad,Atlántico,E006,Valentina,Asesora
V11238,2025-03-31 14:20,C016,Isabella Romero,Nuevo,P011,Galleta chispas,Galletas,Chocolate,1,4500,1900,0.0,4500.0,WhatsApp,Tarjeta,Completada,S002,Norte,Barranquilla,Atlántico,E003,Mateo,Asesor
V10940,05-18-2025 13:30,C017,Sebastian Ruiz,Nuevo,P011,Galleta chispas,Galletas,Chocolate,1,4500,1900,0.0,4500.0,Domicilio,Transferencia,COMPLETADA,S003,Soledad,Soledad,Atlántico,E003,Mateo,Asesor
V10690,2025-04-29 17:15,C011,Miguel Mendoza,Nuevo,P009,Brownie clásico,Repostería,Chocolate,2,$7.000,3200,0.0,14000.0,WhatsApp,Transferencia,completada,S002,Norte,Barranquilla,Atlántico,E001,Laura,Asesora
V11050,2025-04-12 14:30,C024,Mateo Hernandez,Recurrente,P010,Brownie con nueces,Repostería,Nueces,1,8500,4000,0.0,8500.0,whatsapp,Transferencia,Completada,S004,Riomar,Barranquilla,Atlántico,E005,Daniel,Asesor
V10461,2025-04-19 13:15,C002,Carlos Perez,Recurrente,P005,Tres leches,Tortas,Leches,6,40000,21000,0.0,240000.0,WhatsApp,Daviplata,Completada,S002,Norte,Barranquilla,Atlántico,E001,Laura,Asesora
V11256,2025/02/21 14:15,C008,Valentina Diaz,NUEVO,P007,Cupcake vainilla,Cupcakes,Vainilla,2,8000,3800,0.0,16000.0,Tienda,Efectivo,Completada,S002,Norte,Barranquilla,Atlántico,E005,,Asesor
V10569,2025-12-25 18:15,C027,Carolina Rojas,Nuevo,P011,Galleta chispas,Galletas,Chocolate,2,4500,1900,0.0,9000.0,Web,Efectivo,Completada,S001,Centro,Barranquilla,Atlántico,E002,Camila,Asesora
V10800,2025-03-23 17:15,C013,Nicolas Vargas,RECURRENTE,P002,Torta de vainilla,Tortas,Vainilla,1,38000,19500,0.0,38000.0,Tienda,Tarjeta,Completada,S003,Soledad,Soledad,Atlántico,E002,Camila,Asesora
V10154,2025-11-27 12:40,C013,Nicolas Vargas,Corporativo,P006,Cupcake chocolate,Cupcakes,Chocolate,8,8500,4200,0.0,68000.0,Tienda,Efectivo,Completada,S003,Soledad,Soledad,Atlántico,E004,Sofia,Asesora
V10815,2025-06-10 15:00,C027,Carolina Rojas,Recurrente,P006,Cupcake chocolate,Cup cake,Chocolate,3,8500,4200,0.0,25500.0,WEB,Transferencia,Devuelta,S001,Centro,Barranquilla,Atlántico,E004,Sofia,Asesora
V10581,2025-05-12 17:40,C021,Natalia Perez,Recurrente,P009,Brownie clásico,Repostería,Chocolate,1,7000,3200,0.2,5600.0,WhatsApp,Tarjeta,Completada,S004,Riomar,Barranquilla,Atlántico,E002,Camila,Asesora
V11235,2025-05-13 12:20,C016,Isabella Romero,Recurrente,P015,Tarta de manzana,Tartas,Manzana,1,18000,9000,0.0,18000.0,Tienda,Nequi,Completada,S002,Norte,Barranquilla,Atlántico,E005,Daniel,Asesor
V10418,2025-11-05 15:10,C003,Maria Gomez,Recurrente,P011,Galleta chispas,Galletas,Chocolate, 1 ,4500,1900,0.1,4050.0,WhatsApp,Transferencia,Completada,S002,Norte,Barranquilla,Atlántico,E005,Daniel,Asesor
V10899,2025-11-03 14:40,C027,Carolina Rojas,Nuevo,P009,Brownie clásico,Repostería,Chocolate,4,7000,3200,0.0,28000.0,Web,Tarjeta,completada,S003,Soledad,Soledad,Atlántico,E002,Camila,Asesora
V10387,2025-09-09 08:40,C020,Gabriela Silva,Recurrente,P011,Galleta chispas,Galletas,Chocolate,1,4500,1900,0.0,4500.0,Instagram,Tarjeta,COMPLETADA,S002,Norte,Barranquilla,Atlántico,E003,Mateo,Asesor
V10711,2025-09-26 16:50,C016,Isabella Romero,Nuevo,P001,Torta de chocolate,Tortas,Chocolate,1,42000,22000,0.0,42000.0,Tienda,Efectivo,Completada,S003,Soledad,Soledad,Atlántico,E003,Mateo,Asesor
V10620,2025-06-02 15:00,C006,,Recurrente,P011,Galleta chispas,Galletas,Chocolate,2,4500,1900,0.0,9000.0,Domicilio,Efectivo,Completada,S001,Centro,Barranquilla,Atlántico,E002,Camila,Asesora
V10203,2025-12-02 18:20,C020,Gabriela Silva,Nuevo,P014,Roll de canela,Panadería,Canela,1,7500,3100,0.0,7500.0,WhatsApp,Transferencia,Completada,S002,NORTE,Barranquilla,Atlántico,E001,Laura,Asesora
V10017,2025/10/03 13:00,C009,Daniel Rojas,Nuevo,P005,Tres leches,Tortas,Leches,1,40000,21000,0.0,40000.0,Tienda,Tarjeta,Completada,S001,Centro,Barranquilla,Atlántico,E006,Valentina,Asesora
V11107,2025-07-09 10:45,C009,Daniel Rojas,Corporativo,P012,Galleta avena,Galletas,Avena, 8 ,4000,1700,0.2,25600.0,WhatsApp,Efectivo,Completada,S004,Riomar,Barranquilla,Atlántico,E003,Mateo,Asesor
V10375,29/09/2025 19:15,C026,Ricardo Diaz,Recurrente,P004,Red velvet,Tortas,Red velvet,3,45000,24000,0.0,135000.0,WhatsApp,Tarjeta,Completado,S002,Norte,Barranquilla,Atlántico,E003,Mateo,Asesor
V10980,2025-05-04 13:00,C017,Sebastian Ruiz,Recurrente,P003,Cheesecake frutos rojos,Tortas,Frutos rojos,4,48000,26000,0.05,182400.0,Tienda,Nequi,Completada,S002,Norte,Barranquilla,Atlántico,E003,Mateo,Asesor
V10222,2025-12-13 19:30,C024,Mateo Hernandez,Nuevo,P014,Roll de canela,Panadería,Canela,4,7500,3100,0.1,27000.0,domicilio,Efectivo,Completada,S002,NORTE,Barranquilla,Atlántico,E006,Valentina,Asesora
V10798,05-23-2025 08:30,C013,Nicolas Vargas, Nuevo ,P008,Cupcake red velvet,cupcakes,Red velvet,5,9500,4800,0.0,47500.0,Domicilio,Nequi,Completada,S001,Centro,Barranquilla,Atlántico,E006,Valentina,Asesora
V11008,2025-03-09 14:20,C011,Miguel Mendoza,Nuevo,P006,Cupcake chocolate,Cup cake,Chocolate,5,8500,4200,0.0,42500.0,Tienda,Daviplata,Completada,S004,Riomar,Barranquilla,Atlántico,E002,Camila,Asesora
V10314,2025-06-05 16:30,C030,samuel jimenez,Recurrente,P014,Roll de canela,Panadería,Canela,2,7500,3100,0.1,13500.0,WEB,Tarjeta,Completada,S002,Norte,Barranquilla,Atlántico,E005,Daniel,Asesor
V10670,2025-08-07 11:00,C004,Juan Martinez,Nuevo,P013,Croissant,Panadería,Tradicional,5,6500,2800,0.2,26000.0,Domicilio,Tarjeta,Completada,S002,Norte,Barranquilla,Atlántico,E002,Camila,Asesora
V11192,2025-10-24 12:20,C008,Valentina Diaz,Recurrente,P013,Croissant,Panadería,Tradicional,1,6500,2800,0.0,6500.0,WhatsApp,Efectivo,Completada,S002,Norte,Barranquilla,Atlántico,E001,Laura,Asesora
V11247,2025-03-15 13:20,C024,Mateo Hernandez,Recurrente,P001,Torta de chocolate,Tortas,Chocolate,3,42000,22000,0.0,126000.0,INSTAGRAM,Nequi,Completada,S001,Centro,Barranquilla,Atlántico,E006,Valentina,Asesora
V10279,2025-11-20 16:30,C013,nicolas vargas,Recurrente,P009,Brownie clásico,REPOSTERÍA,Chocolate,1,7000,3200,0.0,7000.0,Tienda,Tarjeta,Completada,S002,Norte,Barranquilla,Atlántico,E004,Sofia,Asesora
V10641,2025-02-21 17:10,C027,Carolina Rojas,Recurrente,P014,Roll de canela,Panadería,Canela,1,7500,3100,0.0,7500.0,Tienda,Nequi,COMPLETADA,S001,Centro,Barranquilla,Atlántico,E002,Camila,Asesora
V11096,07-20-2025 13:00,C006,Sofia Ramirez,Corporativo,P006,Cupcake chocolate,Cupcakes,Chocolate,4,8500,4200,0.1,30600.0,WhatsApp,Transferencia,Completada,S004,Riomar,Barranquilla,Atlántico,E001,Laura,Asesora
V10101,2025-01-22 13:30,C001,Ana Rodriguez,Nuevo,P009,Brownie clásico,Repostería,Chocolate, 6 ,7000,3200,0.2,33600.0,Web,Tarjeta,Completada,S004,Riomar,Barranquilla,Atlántico,E004,Sofia,Asesora
V10725,2025-04-22 17:15,C015,Diego Suarez,Nuevo,P007,Cupcake vainilla,cupcakes,Vainilla,3,8000,3800,0.0,24000.0,Tienda,Nequi,Completada,S003,Soledad,Soledad,Atlántico,E003,Mateo,Asesor
V10931,2025-06-17 19:45,C023,Juliana Torres, Nuevo ,P014,Roll de canela,Panadería,Canela,1,7500,3100,0.0,7500.0,DOMICILIO,Transferencia,Completada,S003, Soledad ,Soledad,Atlántico,E001,Laura,Asesora
V11153,2025-03-10 17:20,C010,Camila Castro,Corporativo,P009,Brownie clásico,Repostería,Chocolate,8,7000,3200,0.1,"50400,0",Domicilio,Transferencia,Completada,S003,Soledad,Soledad,Atlántico,E001,Laura,Asesora
V10074,2025-11-02 18:45,C015,Diego Suarez,Recurrente,P012,Galleta avena,Galletas,Avena,1,4000,1700,0.0,4000.0,Web,Efectivo,Completada,S002,Norte,Barranquilla,Atlántico,E004,Sofia,Asesora
V11221,2025-01-23 17:20,C021,Natalia Perez,Recurrente,P011,Galleta chispas,Galletas,Chocolate,4,4500,1900,0.0,18000.0,Tienda,Transferencia,Completada,S002,Norte,Barranquilla,Atlántico,E001,Laura,Asesora
V10262,2025-10-14 14:10,C012,Paula Jimenez,Nuevo,P008,Cupcake red velvet,Cupcakes,Red velvet,3,9500,4800,0.0,28500.0,En tienda,Daviplata,Completada,S004,Riomar,Barranquilla,Atlántico,E005,Daniel,Asesor
V11022,2025-04-12 14:40,C023,Juliana Torres,Nuevo,P019,Caja desayuno,Combos,Desayuno,1,32000,17000,0.0,32000.0,Web,Efectivo,Completada,S002,Norte,Barranquilla,Atlántico,E003,Mateo,Asesor
V10377,2025-12-23 14:00,C005,Laura Hernandez,Recurrente,P007,Cupcake vainilla,cupcakes,Vainilla,2,8000,3800,0.0,16000.0,Instagram,Tarjeta,Completada,S001,centro,Barranquilla,Atlántico,E003,Mateo,Asesor
V10095,2025-11-24 16:50,C002,Carlos Perez,Nuevo,P016,Tarta de limón,Tartas,Limón,2,18000,8800,0.0,36000.0,WhatsApp,Nequi,Cancelada,S004,Riomar,Barranquilla,Atlántico,E001,Laura,Asesora
V10864,2025-09-09 13:40,C023,Juliana Torres,Nuevo,P015,Tarta de manzana,Tartas,Manzana,4,18000,9000,0.0,72000.0,WhatsApp,NEQUI,COMPLETADA,S001,Centro,Barranquilla,Atlántico,E005,Daniel,Asesor
V10909,07-29-2025 17:30,C017,Sebastian Ruiz,Nuevo,P006,Cupcake chocolate,Cupcakes,Chocolate,4,8500,4200,0.0,34000.0,Instagram,Transferencia,Completada,S002,Norte,Barranquilla,Atlántico,E005,Daniel,Asesor
V10936,2025-10-25 16:00,C022,Alejandro Gomez,RECURRENTE,P013,Croissant,Panadería,Tradicional,3,6500,2800,0.0,19500.0,Domicilio,Daviplata,Completada,S001,Centro,Barranquilla,Atlántico,E006,Valentina,Asesora
V11071,2025-02-13 17:45,C013,Nicolas Vargas,Nuevo,P014,Roll de canela,Panadería,Canela,2,7500,3100,0.0,15000.0,Tienda,Tarjeta,Completada,S002,Norte,Barranquilla,Atlántico,E005,Daniel,Asesor
V10715,2025-01-02 09:50,C007,Andres Torres,Nuevo,P014,Roll de canela,Panadería,Canela,3,7500,3100,0.0,22500.0,Tienda,Tarjeta,Completada,S003,Soledad,Soledad,Atlántico,E004,Sofia,Asesora
V11199,2025-10-28 12:50,C020,Gabriela Silva,Nuevo,P012,Galleta avena,Galletas,Avena,1,4000,1700,0.0,4000.0,Instagram,Nequi,Completada,S004,Riomar,Barranquilla,Atlántico,E004,Sofia,Asesora
V10933,2025-10-30 20:50,C020,Gabriela Silva,Nuevo,P003,Cheesecake frutos rojos,Tortas,Frutos rojos,3,48000,26000,0.0,144000.0,Web,Efectivo,Completada,S002,Norte,Barranquilla,Atlántico,E001,Laura,Asesora
